Constraint,Slack
_C1,-0.0
_C2,-0.0
_C3,-0.0
_C4,-0.0
_C5,-0.0
_C6,-0.0
_C7,-0.0
_C8,-0.0
_C9,-0.0
_C10,-0.0
_C11,-0.0
_C12,-0.0
_C13,-0.0
_C14,-0.0
_C15,-0.0
_C16,-0.0
_C17,-0.0
_C18,-0.0
_C19,-0.0
_C20,-0.0
_C21,-0.0
_C22,-0.0
_C23,-0.0
_C24,-0.0
_C25,-0.0
_C26,-0.0
_C27,-0.0
_C28,-0.0
_C29,-0.0
_C30,-0.0
_C31,-0.0
_C32,-0.0
_C33,-0.0
_C34,-0.0
_C35,-0.0
_C36,-0.0
_C37,-0.0
_C38,-0.0
_C39,-0.0
_C40,-1.0
_C41,-1.0
_C42,-1.0
_C43,-1.0
_C44,-0.0
_C45,-1.0
_C46,-1.0
_C47,-1.0
_C48,-1.0
_C49,-0.0
_C50,-1.0
_C51,-1.0
_C52,-1.0
_C53,-1.0
_C54,-0.0
_C55,-1.0
_C56,-1.0
_C57,-1.0
_C58,-1.0
_C59,-0.0
_C60,-1.0
_C61,-1.0
_C62,-1.0
_C63,-1.0
_C64,-0.0
_C65,-1.0
_C66,-1.0
_C67,-1.0
_C68,-1.0
_C69,-0.0
_C70,-1.0
_C71,-1.0
_C72,-1.0
_C73,-1.0
_C74,-0.0
_C75,-1.0
_C76,-1.0
_C77,-1.0
_C78,-1.0
_C79,-0.0
_C80,-1.0
_C81,-1.0
_C82,-1.0
_C83,-1.0
_C84,-0.0
_C85,-1.0
_C86,-1.0
_C87,-1.0
_C88,-1.0
_C89,-0.0
_C90,-1.0
_C91,-1.0
_C92,-1.0
_C93,-1.0
_C94,-0.0
_C95,-1.0
_C96,-1.0
_C97,-1.0
_C98,-1.0
_C99,-0.0
_C100,-1.0
_C101,-1.0
_C102,-1.0
_C103,-1.0
_C104,-0.0
_C105,-1.0
_C106,-1.0
_C107,-1.0
_C108,-1.0
_C109,-0.0
_C110,-1.0
_C111,-1.0
_C112,-1.0
_C113,-1.0
_C114,-0.0
_C115,-1.0
_C116,-1.0
_C117,-1.0
_C118,-1.0
_C119,-0.0
_C120,-1.0
_C121,-1.0
_C122,-1.0
_C123,-1.0
_C124,-0.0
_C125,-1.0
_C126,-1.0
_C127,-1.0
_C128,-1.0
_C129,-0.0
_C130,-1.0
_C131,-1.0
_C132,-1.0
_C133,-1.0
_C134,-0.0
_C135,-1.0
_C136,-1.0
_C137,-1.0
_C138,-1.0
_C139,-0.0
_C140,-1.0
_C141,-1.0
_C142,-1.0
_C143,-1.0
_C144,-0.0
_C145,-1.0
_C146,-1.0
_C147,-1.0
_C148,-1.0
_C149,-0.0
_C150,-1.0
_C151,-1.0
_C152,-1.0
_C153,-1.0
_C154,-0.0
_C155,-1.0
_C156,-1.0
_C157,-1.0
_C158,-1.0
_C159,-0.0
_C160,-1.0
_C161,-1.0
_C162,-1.0
_C163,-1.0
_C164,-0.0
_C165,-1.0
_C166,-1.0
_C167,-1.0
_C168,-1.0
_C169,-0.0
_C170,-1.0
_C171,-1.0
_C172,-1.0
_C173,-1.0
_C174,-0.0
_C175,-1.0
_C176,-1.0
_C177,-1.0
_C178,-1.0
_C179,-0.0
_C180,-1.0
_C181,-1.0
_C182,-1.0
_C183,-1.0
_C184,-0.0
_C185,-1.0
_C186,-1.0
_C187,-1.0
_C188,-1.0
_C189,-0.0
_C190,-1.0
_C191,-1.0
_C192,-1.0
_C193,-1.0
_C194,-0.0
_C195,-1.0
_C196,-1.0
_C197,-1.0
_C198,-1.0
_C199,-0.0
_C200,-1.0
_C201,-1.0
_C202,-1.0
_C203,-1.0
_C204,-0.0
_C205,-1.0
_C206,-1.0
_C207,-1.0
_C208,-1.0
_C209,-0.0
_C210,-1.0
_C211,-1.0
_C212,-1.0
_C213,-1.0
_C214,-0.0
_C215,-1.0
_C216,-1.0
_C217,-1.0
_C218,-1.0
_C219,-0.0
_C220,-1.0
_C221,-1.0
_C222,-1.0
_C223,-1.0
_C224,-0.0
_C225,-1.0
_C226,-1.0
_C227,-1.0
_C228,-1.0
_C229,-0.0
_C230,-1.0
_C231,-1.0
_C232,-1.0
_C233,-1.0
_C234,-0.0
_C235,-1.0
_C236,-1.0
_C237,-1.0
_C238,-1.0
_C239,-0.0
_C240,-1.0
_C241,-1.0
_C242,-1.0
_C243,-1.0
_C244,-0.0
_C245,-1.0
_C246,-1.0
_C247,-1.0
_C248,-1.0
_C249,-0.0
_C250,-1.0
_C251,-1.0
_C252,-1.0
_C253,-1.0
_C254,-0.0
_C255,-1.0
_C256,-1.0
_C257,-1.0
_C258,-1.0
_C259,-0.0
_C260,-1.0
_C261,-1.0
_C262,-1.0
_C263,-1.0
_C264,-0.0
_C265,-1.0
_C266,-1.0
_C267,-1.0
_C268,-1.0
_C269,-0.0
_C270,-1.0
_C271,-1.0
_C272,-1.0
_C273,-1.0
_C274,-0.0
_C275,-1.0
_C276,-1.0
_C277,-1.0
_C278,-1.0
_C279,-0.0
_C280,-1.0
_C281,-1.0
_C282,-1.0
_C283,-1.0
_C284,-0.0
_C285,-1.0
_C286,-1.0
_C287,-1.0
_C288,-1.0
_C289,-0.0
_C290,-1.0
_C291,-1.0
_C292,-1.0
_C293,-1.0
_C294,-0.0
_C295,-1.0
_C296,-1.0
_C297,-1.0
_C298,-1.0
_C299,-0.0
_C300,-1.0
_C301,-1.0
_C302,-1.0
_C303,-1.0
_C304,-0.0
_C305,-1.0
_C306,-1.0
_C307,-1.0
_C308,-1.0
_C309,-0.0
_C310,-1.0
_C311,-1.0
_C312,-1.0
_C313,-1.0
_C314,-0.0
_C315,-1.0
_C316,-1.0
_C317,-1.0
_C318,-1.0
_C319,-0.0
_C320,-1.0
_C321,-1.0
_C322,-1.0
_C323,-1.0
_C324,-0.0
_C325,-1.0
_C326,-1.0
_C327,-1.0
_C328,-1.0
_C329,-0.0
_C330,-1.0
_C331,-1.0
_C332,-1.0
_C333,-1.0
_C334,-0.0
_C335,-1.0
_C336,-1.0
_C337,-1.0
_C338,-1.0
_C339,-0.0
_C340,-1.0
_C341,-1.0
_C342,-1.0
_C343,-1.0
_C344,-0.0
_C345,-1.0
_C346,-1.0
_C347,-1.0
_C348,-1.0
_C349,-0.0
_C350,-1.0
_C351,-1.0
_C352,-1.0
_C353,-1.0
_C354,-0.0
_C355,-1.0
_C356,-1.0
_C357,-1.0
_C358,-1.0
_C359,-0.0
_C360,-1.0
_C361,-1.0
_C362,-1.0
_C363,-1.0
_C364,-0.0
_C365,-1.0
_C366,-1.0
_C367,-1.0
_C368,-1.0
_C369,-0.0
_C370,-1.0
_C371,-1.0
_C372,-1.0
_C373,-1.0
_C374,-0.0
_C375,-1.0
_C376,-1.0
_C377,-1.0
_C378,-1.0
_C379,-0.0
_C380,-1.0
_C381,-1.0
_C382,-1.0
_C383,-1.0
_C384,-0.0
_C385,-1.0
_C386,-1.0
_C387,-1.0
_C388,-1.0
_C389,-0.0
_C390,-1.0
_C391,-1.0
_C392,-1.0
_C393,-1.0
_C394,-0.0
_C395,-1.0
_C396,-1.0
_C397,-1.0
_C398,-1.0
_C399,-0.0
_C400,-1.0
_C401,-1.0
_C402,-1.0
_C403,-1.0
_C404,-0.0
_C405,-1.0
_C406,-1.0
_C407,-1.0
_C408,-1.0
_C409,-0.0
_C410,-1.0
_C411,-1.0
_C412,-1.0
_C413,-1.0
_C414,-0.0
_C415,-1.0
_C416,-1.0
_C417,-1.0
_C418,-1.0
_C419,-0.0
_C420,-1.0
_C421,-1.0
_C422,-1.0
_C423,-1.0
_C424,-0.0
_C425,-1.0
_C426,-1.0
_C427,-1.0
_C428,-1.0
_C429,-0.0
_C430,-1.0
_C431,-1.0
_C432,-1.0
_C433,-1.0
_C434,-0.0
_C435,-1.0
_C436,-1.0
_C437,-1.0
_C438,-1.0
_C439,-0.0
_C440,-1.0
_C441,-1.0
_C442,-1.0
_C443,-1.0
_C444,-0.0
_C445,-1.0
_C446,-1.0
_C447,-1.0
_C448,-1.0
_C449,-0.0
_C450,-1.0
_C451,-1.0
_C452,-1.0
_C453,-1.0
_C454,-0.0
_C455,-1.0
_C456,-1.0
_C457,-1.0
_C458,-1.0
_C459,-0.0
_C460,-1.0
_C461,-1.0
_C462,-1.0
_C463,-1.0
_C464,-0.0
_C465,-1.0
_C466,-1.0
_C467,-1.0
_C468,-1.0
_C469,-0.0
_C470,-1.0
_C471,-1.0
_C472,-1.0
_C473,-1.0
_C474,-0.0
_C475,-1.0
_C476,-1.0
_C477,-1.0
_C478,-1.0
_C479,-0.0
_C480,-1.0
_C481,-1.0
_C482,-1.0
_C483,-1.0
_C484,-0.0
_C485,-1.0
_C486,-1.0
_C487,-1.0
_C488,-1.0
_C489,-0.0
_C490,-1.0
_C491,-1.0
_C492,-1.0
_C493,-1.0
_C494,-0.0
_C495,-1.0
_C496,-1.0
_C497,-1.0
_C498,-1.0
_C499,-0.0
_C500,-1.0
_C501,-1.0
_C502,-1.0
_C503,-1.0
_C504,-0.0
_C505,-1.0
_C506,-1.0
_C507,-1.0
_C508,-1.0
_C509,-0.0
_C510,-1.0
_C511,-1.0
_C512,-1.0
_C513,-1.0
_C514,-0.0
_C515,-1.0
_C516,-1.0
_C517,-1.0
_C518,-1.0
_C519,-0.0
_C520,-1.0
_C521,-1.0
_C522,-1.0
_C523,-1.0
_C524,-0.0
_C525,-1.0
_C526,-1.0
_C527,-1.0
_C528,-1.0
_C529,-0.0
_C530,-1.0
_C531,-1.0
_C532,-1.0
_C533,-1.0
_C534,-0.0
_C535,-1.0
_C536,-1.0
_C537,-1.0
_C538,-1.0
_C539,-0.0
_C540,-1.0
_C541,-1.0
_C542,-1.0
_C543,-1.0
_C544,-0.0
_C545,-1.0
_C546,-1.0
_C547,-1.0
_C548,-1.0
_C549,-0.0
_C550,-1.0
_C551,-1.0
_C552,-1.0
_C553,-1.0
_C554,-0.0
_C555,-1.0
_C556,-1.0
_C557,-1.0
_C558,-1.0
_C559,-0.0
_C560,-1.0
_C561,-1.0
_C562,-1.0
_C563,-1.0
_C564,-0.0
_C565,-1.0
_C566,-1.0
_C567,-1.0
_C568,-1.0
_C569,-0.0
_C570,-1.0
_C571,-1.0
_C572,-1.0
_C573,-1.0
_C574,-0.0
_C575,-1.0
_C576,-1.0
_C577,-1.0
_C578,-1.0
_C579,-0.0
_C580,-1.0
_C581,-1.0
_C582,-1.0
_C583,-1.0
_C584,-0.0
_C585,-1.0
_C586,-1.0
_C587,-1.0
_C588,-1.0
_C589,-0.0
_C590,-1.0
_C591,-1.0
_C592,-1.0
_C593,-1.0
_C594,-0.0
_C595,-1.0
_C596,-1.0
_C597,-1.0
_C598,-1.0
_C599,-0.0
_C600,-1.0
_C601,-1.0
_C602,-1.0
_C603,-1.0
_C604,-0.0
_C605,-1.0
_C606,-1.0
_C607,-1.0
_C608,-1.0
_C609,-0.0
_C610,-1.0
_C611,-1.0
_C612,-1.0
_C613,-1.0
_C614,-0.0
_C615,-1.0
_C616,-1.0
_C617,-1.0
_C618,-1.0
_C619,-0.0
_C620,-1.0
_C621,-1.0
_C622,-1.0
_C623,-1.0
_C624,-0.0
_C625,-1.0
_C626,-1.0
_C627,-1.0
_C628,-1.0
_C629,-0.0
_C630,-1.0
_C631,-1.0
_C632,-1.0
_C633,-1.0
_C634,-0.0
_C635,-1.0
_C636,-1.0
_C637,-1.0
_C638,-1.0
_C639,-0.0
_C640,-1.0
_C641,-1.0
_C642,-1.0
_C643,-1.0
_C644,-0.0
_C645,-1.0
_C646,-1.0
_C647,-1.0
_C648,-1.0
_C649,-0.0
_C650,-1.0
_C651,-1.0
_C652,-1.0
_C653,-1.0
_C654,-0.0
_C655,-1.0
_C656,-1.0
_C657,-1.0
_C658,-1.0
_C659,-0.0
_C660,-1.0
_C661,-1.0
_C662,-1.0
_C663,-1.0
_C664,-0.0
_C665,-1.0
_C666,-1.0
_C667,-1.0
_C668,-1.0
_C669,-0.0
_C670,-1.0
_C671,-1.0
_C672,-1.0
_C673,-1.0
_C674,-0.0
_C675,-1.0
_C676,-1.0
_C677,-1.0
_C678,-1.0
_C679,-0.0
_C680,-1.0
_C681,-1.0
_C682,-1.0
_C683,-1.0
_C684,-0.0
_C685,-1.0
_C686,-1.0
_C687,-1.0
_C688,-1.0
_C689,-0.0
_C690,-1.0
_C691,-1.0
_C692,-1.0
_C693,-1.0
_C694,-0.0
_C695,-1.0
_C696,-1.0
_C697,-1.0
_C698,-1.0
_C699,-0.0
_C700,-1.0
_C701,-1.0
_C702,-1.0
_C703,-1.0
_C704,-0.0
_C705,-1.0
_C706,-1.0
_C707,-1.0
_C708,-1.0
_C709,-0.0
_C710,-1.0
_C711,-1.0
_C712,-1.0
_C713,-1.0
_C714,-0.0
_C715,-1.0
_C716,-1.0
_C717,-1.0
_C718,-1.0
_C719,-0.0
_C720,-1.0
_C721,-1.0
_C722,-1.0
_C723,-1.0
_C724,-0.0
_C725,-1.0
_C726,-1.0
_C727,-1.0
_C728,-1.0
_C729,-0.0
_C730,-1.0
_C731,-1.0
_C732,-1.0
_C733,-1.0
_C734,-0.0
_C735,-1.0
_C736,-1.0
_C737,-1.0
_C738,-1.0
_C739,-0.0
_C740,-1.0
_C741,-1.0
_C742,-1.0
_C743,-1.0
_C744,-0.0
_C745,-1.0
_C746,-1.0
_C747,-1.0
_C748,-1.0
_C749,-0.0
_C750,-1.0
_C751,-1.0
_C752,-1.0
_C753,-1.0
_C754,-0.0
_C755,-1.0
_C756,-1.0
_C757,-1.0
_C758,-1.0
_C759,-0.0
_C760,-1.0
_C761,-1.0
_C762,-1.0
_C763,-1.0
_C764,-0.0
_C765,-1.0
_C766,-1.0
_C767,-1.0
_C768,-1.0
_C769,-0.0
_C770,-1.0
_C771,-1.0
_C772,-1.0
_C773,-1.0
_C774,-0.0
_C775,-1.0
_C776,-1.0
_C777,-1.0
_C778,-1.0
_C779,-0.0
_C780,-1.0
_C781,-1.0
_C782,-1.0
_C783,-1.0
_C784,-0.0
_C785,-1.0
_C786,-1.0
_C787,-1.0
_C788,-1.0
_C789,-0.0
_C790,-1.0
_C791,-1.0
_C792,-1.0
_C793,-1.0
_C794,-0.0
_C795,-1.0
_C796,-1.0
_C797,-1.0
_C798,-1.0
_C799,-0.0
_C800,-1.0
_C801,-1.0
_C802,-1.0
_C803,-1.0
_C804,-0.0
_C805,-1.0
_C806,-1.0
_C807,-1.0
_C808,-1.0
_C809,-0.0
_C810,-1.0
_C811,-1.0
_C812,-1.0
_C813,-1.0
_C814,-0.0
_C815,-1.0
_C816,-1.0
_C817,-1.0
_C818,-1.0
_C819,-0.0
_C820,-1.0
_C821,-1.0
_C822,-1.0
_C823,-1.0
_C824,-0.0
_C825,-1.0
_C826,-1.0
_C827,-1.0
_C828,-1.0
_C829,-0.0
_C830,-1.0
_C831,-1.0
_C832,-1.0
_C833,-1.0
_C834,-0.0
_C835,-1.0
_C836,-1.0
_C837,-1.0
_C838,-1.0
_C839,-0.0
_C840,-1.0
_C841,-1.0
_C842,-1.0
_C843,-1.0
_C844,-0.0
_C845,-1.0
_C846,-1.0
_C847,-1.0
_C848,-1.0
_C849,-0.0
_C850,-1.0
_C851,-1.0
_C852,-1.0
_C853,-1.0
_C854,-0.0
_C855,-1.0
_C856,-1.0
_C857,-1.0
_C858,-1.0
_C859,-0.0
_C860,-1.0
_C861,-1.0
_C862,-1.0
_C863,-1.0
_C864,-0.0
_C865,-1.0
_C866,-1.0
_C867,-1.0
_C868,-1.0
_C869,-0.0
_C870,-1.0
_C871,-1.0
_C872,-1.0
_C873,-1.0
_C874,-0.0
_C875,-1.0
_C876,-1.0
_C877,-1.0
_C878,-1.0
_C879,-0.0
_C880,-1.0
_C881,-1.0
_C882,-1.0
_C883,-1.0
_C884,-0.0
_C885,-1.0
_C886,-1.0
_C887,-1.0
_C888,-1.0
_C889,-0.0
_C890,-1.0
_C891,-1.0
_C892,-1.0
_C893,-1.0
_C894,-0.0
_C895,-1.0
_C896,-1.0
_C897,-1.0
_C898,-1.0
_C899,-0.0
_C900,-1.0
_C901,-1.0
_C902,-1.0
_C903,-1.0
_C904,-0.0
_C905,-1.0
_C906,-1.0
_C907,-1.0
_C908,-1.0
_C909,-0.0
_C910,-1.0
_C911,-1.0
_C912,-1.0
_C913,-1.0
_C914,-0.0
_C915,-1.0
_C916,-1.0
_C917,-1.0
_C918,-1.0
_C919,-0.0
_C920,-1.0
_C921,-1.0
_C922,-1.0
_C923,-1.0
_C924,-0.0
_C925,-1.0
_C926,-1.0
_C927,-1.0
_C928,-1.0
_C929,-0.0
_C930,-1.0
_C931,-1.0
_C932,-1.0
_C933,-1.0
_C934,-0.0
_C935,-1.0
_C936,-1.0
_C937,-1.0
_C938,-1.0
_C939,-0.0
_C940,-1.0
_C941,-1.0
_C942,-1.0
_C943,-1.0
_C944,-0.0
_C945,-1.0
_C946,-1.0
_C947,-1.0
_C948,-1.0
_C949,-0.0
_C950,-1.0
_C951,-1.0
_C952,-1.0
_C953,-1.0
_C954,-0.0
_C955,-1.0
_C956,-1.0
_C957,-1.0
_C958,-1.0
_C959,-0.0
_C960,-1.0
_C961,-1.0
_C962,-1.0
_C963,-1.0
_C964,-0.0
_C965,-1.0
_C966,-1.0
_C967,-1.0
_C968,-1.0
_C969,-0.0
_C970,-1.0
_C971,-1.0
_C972,-1.0
_C973,-1.0
_C974,-0.0
_C975,-1.0
_C976,-1.0
_C977,-1.0
_C978,-1.0
_C979,-0.0
_C980,-1.0
_C981,-1.0
_C982,-1.0
_C983,-1.0
_C984,-0.0
_C985,-1.0
_C986,-1.0
_C987,-1.0
_C988,-1.0
_C989,-0.0
_C990,-1.0
_C991,-1.0
_C992,-1.0
_C993,-1.0
_C994,-0.0
_C995,-1.0
_C996,-1.0
_C997,-1.0
_C998,-1.0
_C999,-0.0
_C1000,-1.0
_C1001,-1.0
_C1002,-1.0
_C1003,-1.0
_C1004,-0.0
_C1005,-1.0
_C1006,-1.0
_C1007,-1.0
_C1008,-1.0
_C1009,-0.0
_C1010,-1.0
_C1011,-1.0
_C1012,-1.0
_C1013,-1.0
_C1014,-0.0
_C1015,-1.0
_C1016,-1.0
_C1017,-1.0
_C1018,-1.0
_C1019,-0.0
_C1020,-1.0
_C1021,-1.0
_C1022,-1.0
_C1023,-1.0
_C1024,-0.0
_C1025,-1.0
_C1026,-1.0
_C1027,-1.0
_C1028,-1.0
_C1029,-0.0
_C1030,-1.0
_C1031,-1.0
_C1032,-1.0
_C1033,-1.0
_C1034,-0.0
_C1035,-1.0
_C1036,-1.0
_C1037,-1.0
_C1038,-1.0
_C1039,-0.0
_C1040,-1.0
_C1041,-1.0
_C1042,-1.0
_C1043,-1.0
_C1044,-0.0
_C1045,-1.0
_C1046,-1.0
_C1047,-1.0
_C1048,-1.0
_C1049,-0.0
_C1050,-1.0
_C1051,-1.0
_C1052,-1.0
_C1053,-1.0
_C1054,-0.0
_C1055,-1.0
_C1056,-1.0
_C1057,-1.0
_C1058,-1.0
_C1059,-0.0
_C1060,-1.0
_C1061,-1.0
_C1062,-1.0
_C1063,-1.0
_C1064,-0.0
_C1065,-1.0
_C1066,-1.0
_C1067,-1.0
_C1068,-1.0
_C1069,-0.0
_C1070,-1.0
_C1071,-1.0
_C1072,-1.0
_C1073,-1.0
_C1074,-0.0
_C1075,-1.0
_C1076,-1.0
_C1077,-1.0
_C1078,-1.0
_C1079,-0.0
_C1080,-1.0
_C1081,-1.0
_C1082,-1.0
_C1083,-1.0
_C1084,-0.0
_C1085,-1.0
_C1086,-1.0
_C1087,-1.0
_C1088,-1.0
_C1089,-0.0
_C1090,-1.0
_C1091,-1.0
_C1092,-1.0
_C1093,-1.0
_C1094,-0.0
_C1095,-1.0
_C1096,-1.0
_C1097,-1.0
_C1098,-1.0
_C1099,-0.0
_C1100,-1.0
_C1101,-1.0
_C1102,-1.0
_C1103,-1.0
_C1104,-0.0
_C1105,-1.0
_C1106,-1.0
_C1107,-1.0
_C1108,-1.0
_C1109,-0.0
_C1110,-1.0
_C1111,-1.0
_C1112,-1.0
_C1113,-1.0
_C1114,-0.0
_C1115,-1.0
_C1116,-1.0
_C1117,-1.0
_C1118,-1.0
_C1119,-0.0
_C1120,-1.0
_C1121,-1.0
_C1122,-1.0
_C1123,-1.0
_C1124,-0.0
_C1125,-1.0
_C1126,-1.0
_C1127,-1.0
_C1128,-1.0
_C1129,-0.0
_C1130,-1.0
_C1131,-1.0
_C1132,-1.0
_C1133,-1.0
_C1134,-0.0
_C1135,-1.0
_C1136,-1.0
_C1137,-1.0
_C1138,-1.0
_C1139,-0.0
_C1140,-1.0
_C1141,-1.0
_C1142,-1.0
_C1143,-1.0
_C1144,-0.0
_C1145,-1.0
_C1146,-1.0
_C1147,-1.0
_C1148,-1.0
_C1149,-0.0
_C1150,-1.0
_C1151,-1.0
_C1152,-1.0
_C1153,-1.0
_C1154,-0.0
_C1155,-1.0
_C1156,-1.0
_C1157,-1.0
_C1158,-1.0
_C1159,-0.0
_C1160,-1.0
_C1161,-1.0
_C1162,-1.0
_C1163,-1.0
_C1164,-0.0
_C1165,-1.0
_C1166,-1.0
_C1167,-1.0
_C1168,-1.0
_C1169,-0.0
_C1170,-1.0
_C1171,-1.0
_C1172,-1.0
_C1173,-1.0
_C1174,-0.0
_C1175,-1.0
_C1176,-1.0
_C1177,-1.0
_C1178,-1.0
_C1179,-0.0
_C1180,-1.0
_C1181,-1.0
_C1182,-1.0
_C1183,-1.0
_C1184,-0.0
_C1185,-1.0
_C1186,-1.0
_C1187,-1.0
_C1188,-1.0
_C1189,-0.0
_C1190,-1.0
_C1191,-1.0
_C1192,-1.0
_C1193,-1.0
_C1194,-0.0
_C1195,-1.0
_C1196,-1.0
_C1197,-1.0
_C1198,-1.0
_C1199,-0.0
_C1200,-1.0
_C1201,-1.0
_C1202,-1.0
_C1203,-1.0
_C1204,-0.0
_C1205,-1.0
_C1206,-1.0
_C1207,-1.0
_C1208,-1.0
_C1209,-0.0
_C1210,-1.0
_C1211,-1.0
_C1212,-1.0
_C1213,-1.0
_C1214,-0.0
_C1215,-1.0
_C1216,-1.0
_C1217,-1.0
_C1218,-1.0
_C1219,-0.0
_C1220,-1.0
_C1221,-1.0
_C1222,-1.0
_C1223,-1.0
_C1224,-0.0
_C1225,-1.0
_C1226,-1.0
_C1227,-1.0
_C1228,-1.0
_C1229,-0.0
_C1230,-1.0
_C1231,-1.0
_C1232,-1.0
_C1233,-1.0
_C1234,-0.0
_C1235,-1.0
_C1236,-1.0
_C1237,-1.0
_C1238,-1.0
_C1239,-0.0
_C1240,-1.0
_C1241,-1.0
_C1242,-1.0
_C1243,-1.0
_C1244,-0.0
_C1245,-1.0
_C1246,-1.0
_C1247,-1.0
_C1248,-1.0
_C1249,-0.0
_C1250,-1.0
_C1251,-1.0
_C1252,-1.0
_C1253,-1.0
_C1254,-0.0
_C1255,-1.0
_C1256,-1.0
_C1257,-1.0
_C1258,-1.0
_C1259,-0.0
_C1260,-1.0
_C1261,-1.0
_C1262,-1.0
_C1263,-1.0
_C1264,-0.0
_C1265,-1.0
_C1266,-1.0
_C1267,-1.0
_C1268,-1.0
_C1269,-0.0
_C1270,-1.0
_C1271,-1.0
_C1272,-1.0
_C1273,-1.0
_C1274,-0.0
_C1275,-1.0
_C1276,-1.0
_C1277,-1.0
_C1278,-1.0
_C1279,-0.0
_C1280,-1.0
_C1281,-1.0
_C1282,-1.0
_C1283,-1.0
_C1284,-0.0
_C1285,-1.0
_C1286,-1.0
_C1287,-1.0
_C1288,-1.0
_C1289,-0.0
_C1290,-1.0
_C1291,-1.0
_C1292,-1.0
_C1293,-1.0
_C1294,-0.0
_C1295,-1.0
_C1296,-1.0
_C1297,-1.0
_C1298,-1.0
_C1299,-0.0
_C1300,-1.0
_C1301,-1.0
_C1302,-1.0
_C1303,-1.0
_C1304,-0.0
_C1305,-1.0
_C1306,-1.0
_C1307,-1.0
_C1308,-1.0
_C1309,-0.0
_C1310,-1.0
_C1311,-1.0
_C1312,-1.0
_C1313,-1.0
_C1314,-0.0
_C1315,-1.0
_C1316,-1.0
_C1317,-1.0
_C1318,-1.0
_C1319,-0.0
_C1320,-1.0
_C1321,-1.0
_C1322,-1.0
_C1323,-1.0
_C1324,-0.0
_C1325,-1.0
_C1326,-1.0
_C1327,-1.0
_C1328,-1.0
_C1329,-0.0
_C1330,-1.0
_C1331,-1.0
_C1332,-1.0
_C1333,-1.0
_C1334,-0.0
_C1335,-1.0
_C1336,-1.0
_C1337,-1.0
_C1338,-1.0
_C1339,-0.0
_C1340,-1.0
_C1341,-1.0
_C1342,-1.0
_C1343,-1.0
_C1344,-0.0
_C1345,-1.0
_C1346,-1.0
_C1347,-1.0
_C1348,-1.0
_C1349,-0.0
_C1350,-1.0
_C1351,-1.0
_C1352,-1.0
_C1353,-1.0
_C1354,-0.0
_C1355,-1.0
_C1356,-1.0
_C1357,-1.0
_C1358,-1.0
_C1359,-0.0
_C1360,-1.0
_C1361,-1.0
_C1362,-1.0
_C1363,-1.0
_C1364,-0.0
_C1365,-1.0
_C1366,-1.0
_C1367,-1.0
_C1368,-1.0
_C1369,-0.0
_C1370,-1.0
_C1371,-1.0
_C1372,-1.0
_C1373,-1.0
_C1374,-0.0
_C1375,-1.0
_C1376,-1.0
_C1377,-1.0
_C1378,-1.0
_C1379,-0.0
_C1380,-1.0
_C1381,-1.0
_C1382,-1.0
_C1383,-1.0
_C1384,-0.0
_C1385,-1.0
_C1386,-1.0
_C1387,-1.0
_C1388,-1.0
_C1389,-0.0
_C1390,-1.0
_C1391,-1.0
_C1392,-1.0
_C1393,-1.0
_C1394,-0.0
_C1395,-1.0
_C1396,-1.0
_C1397,-1.0
_C1398,-1.0
_C1399,-0.0
_C1400,-1.0
_C1401,-1.0
_C1402,-1.0
_C1403,-1.0
_C1404,-0.0
_C1405,-1.0
_C1406,-1.0
_C1407,-1.0
_C1408,-1.0
_C1409,-0.0
_C1410,-1.0
_C1411,-1.0
_C1412,-1.0
_C1413,-1.0
_C1414,-0.0
_C1415,-1.0
_C1416,-1.0
_C1417,-1.0
_C1418,-1.0
_C1419,-0.0
_C1420,-1.0
_C1421,-1.0
_C1422,-1.0
_C1423,-1.0
_C1424,-0.0
_C1425,-1.0
_C1426,-1.0
_C1427,-1.0
_C1428,-1.0
_C1429,-0.0
_C1430,-1.0
_C1431,-1.0
_C1432,-1.0
_C1433,-1.0
_C1434,-0.0
_C1435,-1.0
_C1436,-1.0
_C1437,-1.0
_C1438,-1.0
_C1439,-0.0
_C1440,-1.0
_C1441,-1.0
_C1442,-1.0
_C1443,-1.0
_C1444,-0.0
_C1445,-1.0
_C1446,-1.0
_C1447,-1.0
_C1448,-1.0
_C1449,-0.0
_C1450,-1.0
_C1451,-1.0
_C1452,-1.0
_C1453,-1.0
_C1454,-0.0
_C1455,-1.0
_C1456,-1.0
_C1457,-1.0
_C1458,-1.0
_C1459,-0.0
_C1460,-1.0
_C1461,-1.0
_C1462,-1.0
_C1463,-1.0
_C1464,-0.0
_C1465,-1.0
_C1466,-1.0
_C1467,-1.0
_C1468,-1.0
_C1469,-0.0
_C1470,-1.0
_C1471,-1.0
_C1472,-1.0
_C1473,-1.0
_C1474,-0.0
_C1475,-1.0
_C1476,-1.0
_C1477,-1.0
_C1478,-1.0
_C1479,-0.0
_C1480,-1.0
_C1481,-1.0
_C1482,-1.0
_C1483,-1.0
_C1484,-0.0
_C1485,-1.0
_C1486,-1.0
_C1487,-1.0
_C1488,-1.0
_C1489,-0.0
_C1490,-1.0
_C1491,-1.0
_C1492,-1.0
_C1493,-1.0
_C1494,-0.0
_C1495,-1.0
_C1496,-1.0
_C1497,-1.0
_C1498,-1.0
_C1499,-0.0
_C1500,-1.0
_C1501,-1.0
_C1502,-1.0
_C1503,-1.0
_C1504,-0.0
_C1505,-1.0
_C1506,-1.0
_C1507,-1.0
_C1508,-1.0
_C1509,-0.0
_C1510,-1.0
_C1511,-1.0
_C1512,-1.0
_C1513,-1.0
_C1514,-0.0
_C1515,-1.0
_C1516,-1.0
_C1517,-1.0
_C1518,-1.0
_C1519,-0.0
_C1520,-1.0
_C1521,-1.0
_C1522,-1.0
_C1523,-1.0
_C1524,-0.0
_C1525,-1.0
_C1526,-1.0
_C1527,-1.0
_C1528,-1.0
_C1529,-0.0
_C1530,-1.0
_C1531,-1.0
_C1532,-1.0
_C1533,-1.0
_C1534,-0.0
_C1535,-1.0
_C1536,-1.0
_C1537,-1.0
_C1538,-1.0
_C1539,-0.0
_C1540,-1.0
_C1541,-1.0
_C1542,-1.0
_C1543,-1.0
_C1544,-0.0
_C1545,-1.0
_C1546,-1.0
_C1547,-1.0
_C1548,-1.0
_C1549,-0.0
_C1550,-1.0
_C1551,-1.0
_C1552,-1.0
_C1553,-1.0
_C1554,-0.0
_C1555,-1.0
_C1556,-1.0
_C1557,-1.0
_C1558,-1.0
_C1559,-0.0
_C1560,-1.0
_C1561,-1.0
_C1562,-1.0
_C1563,-1.0
_C1564,-0.0
_C1565,-1.0
_C1566,-1.0
_C1567,-1.0
_C1568,-1.0
_C1569,-0.0
_C1570,-1.0
_C1571,-1.0
_C1572,-1.0
_C1573,-1.0
_C1574,-0.0
_C1575,-1.0
_C1576,-1.0
_C1577,-1.0
_C1578,-1.0
_C1579,-0.0
_C1580,-1.0
_C1581,-1.0
_C1582,-1.0
_C1583,-1.0
_C1584,-0.0
_C1585,-1.0
_C1586,-1.0
_C1587,-1.0
_C1588,-1.0
_C1589,-0.0
_C1590,-1.0
_C1591,-1.0
_C1592,-1.0
_C1593,-1.0
_C1594,-0.0
_C1595,-1.0
_C1596,-1.0
_C1597,-1.0
_C1598,-1.0
_C1599,-0.0
_C1600,-1.0
_C1601,-1.0
_C1602,-1.0
_C1603,-1.0
_C1604,-0.0
_C1605,-1.0
_C1606,-1.0
_C1607,-1.0
_C1608,-1.0
_C1609,-0.0
_C1610,-1.0
_C1611,-1.0
_C1612,-1.0
_C1613,-1.0
_C1614,-0.0
_C1615,-1.0
_C1616,-1.0
_C1617,-1.0
_C1618,-1.0
_C1619,-0.0
_C1620,-1.0
_C1621,-1.0
_C1622,-1.0
_C1623,-1.0
_C1624,-0.0
_C1625,-1.0
_C1626,-1.0
_C1627,-1.0
_C1628,-1.0
_C1629,-0.0
_C1630,-1.0
_C1631,-1.0
_C1632,-1.0
_C1633,-1.0
_C1634,-0.0
_C1635,-1.0
_C1636,-1.0
_C1637,-1.0
_C1638,-1.0
_C1639,-0.0
_C1640,-1.0
_C1641,-1.0
_C1642,-1.0
_C1643,-1.0
_C1644,-0.0
_C1645,-1.0
_C1646,-1.0
_C1647,-1.0
_C1648,-1.0
_C1649,-0.0
_C1650,-1.0
_C1651,-1.0
_C1652,-1.0
_C1653,-1.0
_C1654,-0.0
_C1655,-1.0
_C1656,-1.0
_C1657,-1.0
_C1658,-1.0
_C1659,-0.0
_C1660,-1.0
_C1661,-1.0
_C1662,-1.0
_C1663,-1.0
_C1664,-0.0
_C1665,-1.0
_C1666,-1.0
_C1667,-1.0
_C1668,-1.0
_C1669,-0.0
_C1670,-1.0
_C1671,-1.0
_C1672,-1.0
_C1673,-1.0
_C1674,-0.0
_C1675,-1.0
_C1676,-1.0
_C1677,-1.0
_C1678,-1.0
_C1679,-0.0
_C1680,-1.0
_C1681,-1.0
_C1682,-1.0
_C1683,-1.0
_C1684,-0.0
_C1685,-1.0
_C1686,-1.0
_C1687,-1.0
_C1688,-1.0
_C1689,-0.0
_C1690,-1.0
_C1691,-1.0
_C1692,-1.0
_C1693,-1.0
_C1694,-0.0
_C1695,-1.0
_C1696,-1.0
_C1697,-1.0
_C1698,-1.0
_C1699,-0.0
_C1700,-1.0
_C1701,-1.0
_C1702,-1.0
_C1703,-1.0
_C1704,-0.0
_C1705,-1.0
_C1706,-1.0
_C1707,-1.0
_C1708,-1.0
_C1709,-0.0
_C1710,-1.0
_C1711,-1.0
_C1712,-1.0
_C1713,-1.0
_C1714,-0.0
_C1715,-1.0
_C1716,-1.0
_C1717,-1.0
_C1718,-1.0
_C1719,-0.0
_C1720,-1.0
_C1721,-1.0
_C1722,-1.0
_C1723,-1.0
_C1724,-0.0
_C1725,-1.0
_C1726,-1.0
_C1727,-1.0
_C1728,-1.0
_C1729,-0.0
_C1730,-1.0
_C1731,-1.0
_C1732,-1.0
_C1733,-1.0
_C1734,-0.0
_C1735,-1.0
_C1736,-1.0
_C1737,-1.0
_C1738,-1.0
_C1739,-0.0
_C1740,-1.0
_C1741,-1.0
_C1742,-1.0
_C1743,-1.0
_C1744,-0.0
_C1745,-1.0
_C1746,-1.0
_C1747,-1.0
_C1748,-1.0
_C1749,-0.0
_C1750,-1.0
_C1751,-1.0
_C1752,-1.0
_C1753,-1.0
_C1754,-0.0
_C1755,-1.0
_C1756,-1.0
_C1757,-1.0
_C1758,-1.0
_C1759,-0.0
_C1760,-1.0
_C1761,-1.0
_C1762,-1.0
_C1763,-1.0
_C1764,-0.0
_C1765,-1.0
_C1766,-1.0
_C1767,-1.0
_C1768,-1.0
_C1769,-0.0
_C1770,-1.0
_C1771,-1.0
_C1772,-1.0
_C1773,-1.0
_C1774,-0.0
_C1775,-1.0
_C1776,-1.0
_C1777,-1.0
_C1778,-1.0
_C1779,-0.0
_C1780,-1.0
_C1781,-1.0
_C1782,-1.0
_C1783,-1.0
_C1784,-0.0
_C1785,-1.0
_C1786,-1.0
_C1787,-1.0
_C1788,-1.0
_C1789,-0.0
_C1790,-1.0
_C1791,-1.0
_C1792,-1.0
_C1793,-1.0
_C1794,-0.0
_C1795,-1.0
_C1796,-1.0
_C1797,-1.0
_C1798,-1.0
_C1799,-0.0
_C1800,-1.0
_C1801,-1.0
_C1802,-1.0
_C1803,-1.0
_C1804,-0.0
_C1805,-1.0
_C1806,-1.0
_C1807,-1.0
_C1808,-1.0
_C1809,-0.0
_C1810,-1.0
_C1811,-1.0
_C1812,-1.0
_C1813,-1.0
_C1814,-0.0
_C1815,-1.0
_C1816,-1.0
_C1817,-1.0
_C1818,-1.0
_C1819,-0.0
_C1820,-1.0
_C1821,-1.0
_C1822,-1.0
_C1823,-1.0
_C1824,-0.0
_C1825,-1.0
_C1826,-1.0
_C1827,-1.0
_C1828,-1.0
_C1829,-0.0
_C1830,-1.0
_C1831,-1.0
_C1832,-1.0
_C1833,-1.0
_C1834,-0.0
_C1835,-1.0
_C1836,-1.0
_C1837,-1.0
_C1838,-1.0
_C1839,-0.0
_C1840,-1.0
_C1841,-1.0
_C1842,-1.0
_C1843,-1.0
_C1844,-0.0
_C1845,-1.0
_C1846,-1.0
_C1847,-1.0
_C1848,-1.0
_C1849,-0.0
_C1850,-1.0
_C1851,-1.0
_C1852,-1.0
_C1853,-1.0
_C1854,-0.0
_C1855,-1.0
_C1856,-1.0
_C1857,-1.0
_C1858,-1.0
_C1859,-0.0
_C1860,-1.0
_C1861,-1.0
_C1862,-1.0
_C1863,-1.0
_C1864,-0.0
_C1865,-1.0
_C1866,-1.0
_C1867,-1.0
_C1868,-1.0
_C1869,-0.0
_C1870,-1.0
_C1871,-1.0
_C1872,-1.0
_C1873,-1.0
_C1874,-0.0
_C1875,-1.0
_C1876,-1.0
_C1877,-1.0
_C1878,-1.0
_C1879,-0.0
_C1880,-1.0
_C1881,-1.0
_C1882,-1.0
_C1883,-1.0
_C1884,-0.0
_C1885,-1.0
_C1886,-1.0
_C1887,-1.0
_C1888,-1.0
_C1889,-0.0
_C1890,-1.0
_C1891,-1.0
_C1892,-1.0
_C1893,-1.0
_C1894,-0.0
_C1895,-1.0
_C1896,-1.0
_C1897,-1.0
_C1898,-1.0
_C1899,-0.0
_C1900,-1.0
_C1901,-1.0
_C1902,-1.0
_C1903,-1.0
_C1904,-0.0
_C1905,-1.0
_C1906,-1.0
_C1907,-1.0
_C1908,-1.0
_C1909,-0.0
_C1910,-1.0
_C1911,-1.0
_C1912,-1.0
_C1913,-1.0
_C1914,-0.0
_C1915,-1.0
_C1916,-1.0
_C1917,-1.0
_C1918,-1.0
_C1919,-0.0
_C1920,-1.0
_C1921,-1.0
_C1922,-1.0
_C1923,-1.0
_C1924,-0.0
_C1925,-1.0
_C1926,-1.0
_C1927,-1.0
_C1928,-1.0
_C1929,-0.0
_C1930,-1.0
_C1931,-1.0
_C1932,-1.0
_C1933,-1.0
_C1934,-0.0
_C1935,-1.0
_C1936,-1.0
_C1937,-1.0
_C1938,-1.0
_C1939,-0.0
_C1940,-1.0
_C1941,-1.0
_C1942,-1.0
_C1943,-1.0
_C1944,-0.0
_C1945,-1.0
_C1946,-1.0
_C1947,-1.0
_C1948,-1.0
_C1949,-0.0
_C1950,-1.0
_C1951,-1.0
_C1952,-1.0
_C1953,-1.0
_C1954,-0.0
_C1955,-1.0
_C1956,-1.0
_C1957,-1.0
_C1958,-1.0
_C1959,-0.0
_C1960,-1.0
_C1961,-1.0
_C1962,-1.0
_C1963,-1.0
_C1964,-0.0
_C1965,-1.0
_C1966,-1.0
_C1967,-1.0
_C1968,-1.0
_C1969,-0.0
_C1970,-1.0
_C1971,-1.0
_C1972,-1.0
_C1973,-1.0
_C1974,-0.0
_C1975,-1.0
_C1976,-1.0
_C1977,-1.0
_C1978,-1.0
_C1979,-0.0
_C1980,-1.0
_C1981,-1.0
_C1982,-1.0
_C1983,-1.0
_C1984,-0.0
_C1985,-1.0
_C1986,-1.0
_C1987,-1.0
_C1988,-1.0
_C1989,-0.0
_C1990,-1.0
_C1991,-1.0
_C1992,-1.0
_C1993,-1.0
_C1994,-0.0
_C1995,-1.0
_C1996,-1.0
_C1997,-1.0
_C1998,-1.0
_C1999,-0.0
_C2000,-1.0
_C2001,-1.0
_C2002,-1.0
_C2003,-1.0
_C2004,-0.0
_C2005,-1.0
_C2006,-1.0
_C2007,-1.0
_C2008,-1.0
_C2009,-0.0
_C2010,-1.0
_C2011,-1.0
_C2012,-1.0
_C2013,-1.0
_C2014,-0.0
_C2015,-1.0
_C2016,-1.0
_C2017,-1.0
_C2018,-1.0
_C2019,-0.0
_C2020,-1.0
_C2021,-1.0
_C2022,-1.0
_C2023,-1.0
_C2024,-0.0
_C2025,-1.0
_C2026,-1.0
_C2027,-1.0
_C2028,-1.0
_C2029,-0.0
_C2030,-1.0
_C2031,-1.0
_C2032,-1.0
_C2033,-1.0
_C2034,-0.0
_C2035,-1.0
_C2036,-1.0
_C2037,-1.0
_C2038,-1.0
_C2039,-0.0
_C2040,-1.0
_C2041,-1.0
_C2042,-1.0
_C2043,-1.0
_C2044,-0.0
_C2045,-1.0
_C2046,-1.0
_C2047,-1.0
_C2048,-1.0
_C2049,-0.0
_C2050,-1.0
_C2051,-1.0
_C2052,-1.0
_C2053,-1.0
_C2054,-0.0
_C2055,-1.0
_C2056,-1.0
_C2057,-1.0
_C2058,-1.0
_C2059,-0.0
_C2060,-1.0
_C2061,-1.0
_C2062,-1.0
_C2063,-1.0
_C2064,-0.0
_C2065,-1.0
_C2066,-1.0
_C2067,-1.0
_C2068,-1.0
_C2069,-0.0
_C2070,-1.0
_C2071,-1.0
_C2072,-1.0
_C2073,-1.0
_C2074,-0.0
_C2075,-1.0
_C2076,-1.0
_C2077,-1.0
_C2078,-1.0
_C2079,-0.0
_C2080,-1.0
_C2081,-1.0
_C2082,-1.0
_C2083,-1.0
_C2084,-0.0
_C2085,-1.0
_C2086,-1.0
_C2087,-1.0
_C2088,-1.0
_C2089,-0.0
_C2090,-1.0
_C2091,-1.0
_C2092,-1.0
_C2093,-1.0
_C2094,-0.0
_C2095,-1.0
_C2096,-1.0
_C2097,-1.0
_C2098,-1.0
_C2099,-0.0
_C2100,-1.0
_C2101,-1.0
_C2102,-1.0
_C2103,-1.0
_C2104,-0.0
_C2105,-1.0
_C2106,-1.0
_C2107,-1.0
_C2108,-1.0
_C2109,-0.0
_C2110,-1.0
_C2111,-1.0
_C2112,-1.0
_C2113,-1.0
_C2114,-0.0
_C2115,-1.0
_C2116,-1.0
_C2117,-1.0
_C2118,-1.0
_C2119,-0.0
_C2120,-1.0
_C2121,-1.0
_C2122,-1.0
_C2123,-1.0
_C2124,-0.0
_C2125,-1.0
_C2126,-1.0
_C2127,-1.0
_C2128,-1.0
_C2129,-0.0
_C2130,-1.0
_C2131,-1.0
_C2132,-1.0
_C2133,-1.0
_C2134,-0.0
_C2135,-1.0
_C2136,-1.0
_C2137,-1.0
_C2138,-1.0
_C2139,-0.0
_C2140,-1.0
_C2141,-1.0
_C2142,-1.0
_C2143,-1.0
_C2144,-0.0
_C2145,-1.0
_C2146,-1.0
_C2147,-1.0
_C2148,-1.0
_C2149,-0.0
_C2150,-1.0
_C2151,-1.0
_C2152,-1.0
_C2153,-1.0
_C2154,-0.0
_C2155,-1.0
_C2156,-1.0
_C2157,-1.0
_C2158,-1.0
_C2159,-0.0
_C2160,-1.0
_C2161,-1.0
_C2162,-1.0
_C2163,-1.0
_C2164,-0.0
_C2165,-1.0
_C2166,-1.0
_C2167,-1.0
_C2168,-1.0
_C2169,-0.0
_C2170,-1.0
_C2171,-1.0
_C2172,-1.0
_C2173,-1.0
_C2174,-0.0
_C2175,-1.0
_C2176,-1.0
_C2177,-1.0
_C2178,-1.0
_C2179,-0.0
_C2180,-1.0
_C2181,-1.0
_C2182,-1.0
_C2183,-1.0
_C2184,-0.0
_C2185,-1.0
_C2186,-1.0
_C2187,-1.0
_C2188,-1.0
_C2189,-0.0
_C2190,-1.0
_C2191,-1.0
_C2192,-1.0
_C2193,-1.0
_C2194,-0.0
_C2195,-1.0
_C2196,-1.0
_C2197,-1.0
_C2198,-1.0
_C2199,-0.0
_C2200,-1.0
_C2201,-1.0
_C2202,-1.0
_C2203,-1.0
_C2204,-0.0
_C2205,-1.0
_C2206,-1.0
_C2207,-1.0
_C2208,-1.0
_C2209,-0.0
_C2210,-1.0
_C2211,-1.0
_C2212,-1.0
_C2213,-1.0
_C2214,-0.0
_C2215,-1.0
_C2216,-1.0
_C2217,-1.0
_C2218,-1.0
_C2219,-0.0
_C2220,-1.0
_C2221,-1.0
_C2222,-1.0
_C2223,-1.0
_C2224,-0.0
_C2225,-1.0
_C2226,-1.0
_C2227,-1.0
_C2228,-1.0
_C2229,-0.0
_C2230,-1.0
_C2231,-1.0
_C2232,-1.0
_C2233,-1.0
_C2234,-0.0
_C2235,-1.0
_C2236,-1.0
_C2237,-1.0
_C2238,-1.0
_C2239,-0.0
_C2240,-1.0
_C2241,-1.0
_C2242,-1.0
_C2243,-1.0
_C2244,-0.0
_C2245,-1.0
_C2246,-1.0
_C2247,-1.0
_C2248,-1.0
_C2249,-0.0
_C2250,-1.0
_C2251,-1.0
_C2252,-1.0
_C2253,-1.0
_C2254,-0.0
_C2255,-1.0
_C2256,-1.0
_C2257,-1.0
_C2258,-1.0
_C2259,-0.0
_C2260,-1.0
_C2261,-1.0
_C2262,-1.0
_C2263,-1.0
_C2264,-0.0
_C2265,-1.0
_C2266,-1.0
_C2267,-1.0
_C2268,-1.0
_C2269,-0.0
_C2270,-1.0
_C2271,-1.0
_C2272,-1.0
_C2273,-1.0
_C2274,-0.0
_C2275,-1.0
_C2276,-1.0
_C2277,-1.0
_C2278,-1.0
_C2279,-0.0
_C2280,-1.0
_C2281,-1.0
_C2282,-1.0
_C2283,-1.0
_C2284,-0.0
_C2285,-1.0
_C2286,-1.0
_C2287,-1.0
_C2288,-1.0
_C2289,-0.0
_C2290,-1.0
_C2291,-1.0
_C2292,-1.0
_C2293,-1.0
_C2294,-0.0
_C2295,-1.0
_C2296,-1.0
_C2297,-1.0
_C2298,-1.0
_C2299,-0.0
_C2300,-1.0
_C2301,-1.0
_C2302,-1.0
_C2303,-1.0
_C2304,-0.0
_C2305,-1.0
_C2306,-1.0
_C2307,-1.0
_C2308,-1.0
_C2309,-0.0
_C2310,-1.0
_C2311,-1.0
_C2312,-1.0
_C2313,-1.0
_C2314,-0.0
_C2315,-1.0
_C2316,-1.0
_C2317,-1.0
_C2318,-1.0
_C2319,-0.0
_C2320,-1.0
_C2321,-1.0
_C2322,-1.0
_C2323,-1.0
_C2324,-0.0
_C2325,-1.0
_C2326,-1.0
_C2327,-1.0
_C2328,-1.0
_C2329,-0.0
_C2330,-1.0
_C2331,-1.0
_C2332,-1.0
_C2333,-1.0
_C2334,-0.0
_C2335,-1.0
_C2336,-1.0
_C2337,-1.0
_C2338,-1.0
_C2339,-0.0
_C2340,-1.0
_C2341,-1.0
_C2342,-1.0
_C2343,-1.0
_C2344,-0.0
_C2345,-1.0
_C2346,-1.0
_C2347,-1.0
_C2348,-1.0
_C2349,-0.0
_C2350,-1.0
_C2351,-1.0
_C2352,-1.0
_C2353,-1.0
_C2354,-0.0
_C2355,-1.0
_C2356,-1.0
_C2357,-1.0
_C2358,-1.0
_C2359,-0.0
_C2360,-1.0
_C2361,-1.0
_C2362,-1.0
_C2363,-1.0
_C2364,-0.0
_C2365,-1.0
_C2366,-1.0
_C2367,-1.0
_C2368,-1.0
_C2369,-0.0
_C2370,-1.0
_C2371,-1.0
_C2372,-1.0
_C2373,-1.0
_C2374,-0.0
_C2375,-1.0
_C2376,-1.0
_C2377,-1.0
_C2378,-1.0
_C2379,-0.0
_C2380,-1.0
_C2381,-1.0
_C2382,-1.0
_C2383,-1.0
_C2384,-0.0
_C2385,-1.0
_C2386,-1.0
_C2387,-1.0
_C2388,-1.0
_C2389,-0.0
_C2390,-1.0
_C2391,-1.0
_C2392,-1.0
_C2393,-1.0
_C2394,-0.0
_C2395,-1.0
_C2396,-1.0
_C2397,-1.0
_C2398,-1.0
_C2399,-0.0
_C2400,-1.0
_C2401,-1.0
_C2402,-1.0
_C2403,-1.0
_C2404,-0.0
_C2405,-1.0
_C2406,-1.0
_C2407,-1.0
_C2408,-1.0
_C2409,-0.0
_C2410,-1.0
_C2411,-1.0
_C2412,-1.0
_C2413,-1.0
_C2414,-0.0
_C2415,-1.0
_C2416,-1.0
_C2417,-1.0
_C2418,-1.0
_C2419,-0.0
_C2420,-1.0
_C2421,-1.0
_C2422,-1.0
_C2423,-1.0
_C2424,-0.0
_C2425,-1.0
_C2426,-1.0
_C2427,-1.0
_C2428,-1.0
_C2429,-0.0
_C2430,-1.0
_C2431,-1.0
_C2432,-1.0
_C2433,-1.0
_C2434,-0.0
_C2435,-1.0
_C2436,-1.0
_C2437,-1.0
_C2438,-1.0
_C2439,-0.0
_C2440,-1.0
_C2441,-1.0
_C2442,-1.0
_C2443,-1.0
_C2444,-0.0
_C2445,-1.0
_C2446,-1.0
_C2447,-1.0
_C2448,-1.0
_C2449,-0.0
_C2450,-1.0
_C2451,-1.0
_C2452,-1.0
_C2453,-1.0
_C2454,-0.0
_C2455,-1.0
_C2456,-1.0
_C2457,-1.0
_C2458,-1.0
_C2459,-0.0
_C2460,-1.0
_C2461,-1.0
_C2462,-1.0
_C2463,-1.0
_C2464,-0.0
_C2465,-1.0
_C2466,-1.0
_C2467,-1.0
_C2468,-1.0
_C2469,-0.0
_C2470,-1.0
_C2471,-1.0
_C2472,-1.0
_C2473,-1.0
_C2474,-0.0
_C2475,-1.0
_C2476,-1.0
_C2477,-1.0
_C2478,-1.0
_C2479,-0.0
_C2480,-1.0
_C2481,-1.0
_C2482,-1.0
_C2483,-1.0
_C2484,-0.0
_C2485,-1.0
_C2486,-1.0
_C2487,-1.0
_C2488,-1.0
_C2489,-0.0
_C2490,-1.0
_C2491,-1.0
_C2492,-1.0
_C2493,-1.0
_C2494,-0.0
_C2495,-1.0
_C2496,-1.0
_C2497,-1.0
_C2498,-1.0
_C2499,-0.0
_C2500,-1.0
_C2501,-1.0
_C2502,-1.0
_C2503,-1.0
_C2504,-0.0
_C2505,-1.0
_C2506,-1.0
_C2507,-1.0
_C2508,-1.0
_C2509,-0.0
_C2510,-1.0
_C2511,-1.0
_C2512,-1.0
_C2513,-1.0
_C2514,-0.0
_C2515,-1.0
_C2516,-1.0
_C2517,-1.0
_C2518,-1.0
_C2519,-0.0
_C2520,-1.0
_C2521,-1.0
_C2522,-1.0
_C2523,-1.0
_C2524,-0.0
_C2525,-1.0
_C2526,-1.0
_C2527,-1.0
_C2528,-1.0
_C2529,-0.0
_C2530,-1.0
_C2531,-1.0
_C2532,-1.0
_C2533,-1.0
_C2534,-0.0
_C2535,-1.0
_C2536,-1.0
_C2537,-1.0
_C2538,-1.0
_C2539,-0.0
_C2540,-1.0
_C2541,-1.0
_C2542,-1.0
_C2543,-1.0
_C2544,-0.0
_C2545,-1.0
_C2546,-1.0
_C2547,-1.0
_C2548,-1.0
_C2549,-0.0
_C2550,-1.0
_C2551,-1.0
_C2552,-1.0
_C2553,-1.0
_C2554,-0.0
_C2555,-1.0
_C2556,-1.0
_C2557,-1.0
_C2558,-1.0
_C2559,-0.0
_C2560,-1.0
_C2561,-1.0
_C2562,-1.0
_C2563,-1.0
_C2564,-0.0
_C2565,-1.0
_C2566,-1.0
_C2567,-1.0
_C2568,-1.0
_C2569,-0.0
_C2570,-1.0
_C2571,-1.0
_C2572,-1.0
_C2573,-1.0
_C2574,-0.0
_C2575,-1.0
_C2576,-1.0
_C2577,-1.0
_C2578,-1.0
_C2579,-0.0
_C2580,-1.0
_C2581,-1.0
_C2582,-1.0
_C2583,-1.0
_C2584,-0.0
_C2585,-1.0
_C2586,-1.0
_C2587,-1.0
_C2588,-1.0
_C2589,-0.0
_C2590,-1.0
_C2591,-1.0
_C2592,-1.0
_C2593,-1.0
_C2594,-0.0
_C2595,-1.0
_C2596,-1.0
_C2597,-1.0
_C2598,-1.0
_C2599,-0.0
_C2600,-1.0
_C2601,-1.0
_C2602,-1.0
_C2603,-1.0
_C2604,-0.0
_C2605,-1.0
_C2606,-1.0
_C2607,-1.0
_C2608,-1.0
_C2609,-0.0
_C2610,-1.0
_C2611,-1.0
_C2612,-1.0
_C2613,-1.0
_C2614,-0.0
_C2615,-1.0
_C2616,-1.0
_C2617,-1.0
_C2618,-1.0
_C2619,-0.0
_C2620,-1.0
_C2621,-1.0
_C2622,-1.0
_C2623,-1.0
_C2624,-0.0
_C2625,-1.0
_C2626,-1.0
_C2627,-1.0
_C2628,-1.0
_C2629,-0.0
_C2630,-1.0
_C2631,-1.0
_C2632,-1.0
_C2633,-1.0
_C2634,-0.0
_C2635,-1.0
_C2636,-1.0
_C2637,-1.0
_C2638,-1.0
_C2639,-0.0
_C2640,-1.0
_C2641,-1.0
_C2642,-1.0
_C2643,-1.0
_C2644,-0.0
_C2645,-1.0
_C2646,-1.0
_C2647,-1.0
_C2648,-1.0
_C2649,-0.0
_C2650,-1.0
_C2651,-1.0
_C2652,-1.0
_C2653,-1.0
_C2654,-0.0
_C2655,-1.0
_C2656,-1.0
_C2657,-1.0
_C2658,-1.0
_C2659,-0.0
_C2660,-1.0
_C2661,-1.0
_C2662,-1.0
_C2663,-1.0
_C2664,-0.0
_C2665,-1.0
_C2666,-1.0
_C2667,-1.0
_C2668,-1.0
_C2669,-0.0
_C2670,-1.0
_C2671,-1.0
_C2672,-1.0
_C2673,-1.0
_C2674,-0.0
_C2675,-1.0
_C2676,-1.0
_C2677,-1.0
_C2678,-1.0
_C2679,-0.0
_C2680,-1.0
_C2681,-1.0
_C2682,-1.0
_C2683,-1.0
_C2684,-0.0
_C2685,-1.0
_C2686,-1.0
_C2687,-1.0
_C2688,-1.0
_C2689,-0.0
_C2690,-1.0
_C2691,-1.0
_C2692,-1.0
_C2693,-1.0
_C2694,-0.0
_C2695,-1.0
_C2696,-1.0
_C2697,-1.0
_C2698,-1.0
_C2699,-0.0
_C2700,-1.0
_C2701,-1.0
_C2702,-1.0
_C2703,-1.0
_C2704,-0.0
_C2705,-1.0
_C2706,-1.0
_C2707,-1.0
_C2708,-1.0
_C2709,-0.0
_C2710,-1.0
_C2711,-1.0
_C2712,-1.0
_C2713,-1.0
_C2714,-0.0
_C2715,-1.0
_C2716,-1.0
_C2717,-1.0
_C2718,-1.0
_C2719,-0.0
_C2720,-1.0
_C2721,-1.0
_C2722,-1.0
_C2723,-1.0
_C2724,-0.0
_C2725,-1.0
_C2726,-1.0
_C2727,-1.0
_C2728,-1.0
_C2729,-0.0
_C2730,-1.0
_C2731,-1.0
_C2732,-1.0
_C2733,-1.0
_C2734,-0.0
_C2735,-1.0
_C2736,-1.0
_C2737,-1.0
_C2738,-1.0
_C2739,-0.0
_C2740,-1.0
_C2741,-1.0
_C2742,-1.0
_C2743,-1.0
_C2744,-0.0
_C2745,-1.0
_C2746,-1.0
_C2747,-1.0
_C2748,-1.0
_C2749,-0.0
_C2750,-1.0
_C2751,-1.0
_C2752,-1.0
_C2753,-1.0
_C2754,-0.0
_C2755,-1.0
_C2756,-1.0
_C2757,-1.0
_C2758,-1.0
_C2759,-0.0
_C2760,-1.0
_C2761,-1.0
_C2762,-1.0
_C2763,-1.0
_C2764,-0.0
_C2765,-1.0
_C2766,-1.0
_C2767,-1.0
_C2768,-1.0
_C2769,-0.0
_C2770,-1.0
_C2771,-1.0
_C2772,-1.0
_C2773,-1.0
_C2774,-0.0
_C2775,-1.0
_C2776,-1.0
_C2777,-1.0
_C2778,-1.0
_C2779,-0.0
_C2780,-1.0
_C2781,-1.0
_C2782,-1.0
_C2783,-1.0
_C2784,-0.0
_C2785,-1.0
_C2786,-1.0
_C2787,-1.0
_C2788,-1.0
_C2789,-0.0
_C2790,-1.0
_C2791,-1.0
_C2792,-1.0
_C2793,-1.0
_C2794,-0.0
_C2795,-1.0
_C2796,-1.0
_C2797,-1.0
_C2798,-1.0
_C2799,-0.0
_C2800,-1.0
_C2801,-1.0
_C2802,-1.0
_C2803,-1.0
_C2804,-0.0
_C2805,-1.0
_C2806,-1.0
_C2807,-1.0
_C2808,-1.0
_C2809,-0.0
_C2810,-1.0
_C2811,-1.0
_C2812,-1.0
_C2813,-1.0
_C2814,-0.0
_C2815,-1.0
_C2816,-1.0
_C2817,-1.0
_C2818,-1.0
_C2819,-0.0
_C2820,-1.0
_C2821,-1.0
_C2822,-1.0
_C2823,-1.0
_C2824,-0.0
_C2825,-1.0
_C2826,-1.0
_C2827,-1.0
_C2828,-1.0
_C2829,-0.0
_C2830,-1.0
_C2831,-1.0
_C2832,-1.0
_C2833,-1.0
_C2834,-0.0
_C2835,-1.0
_C2836,-1.0
_C2837,-1.0
_C2838,-1.0
_C2839,-0.0
_C2840,-1.0
_C2841,-1.0
_C2842,-1.0
_C2843,-1.0
_C2844,-0.0
_C2845,-1.0
_C2846,-1.0
_C2847,-1.0
_C2848,-1.0
_C2849,-0.0
_C2850,-1.0
_C2851,-1.0
_C2852,-1.0
_C2853,-1.0
_C2854,-0.0
_C2855,-1.0
_C2856,-1.0
_C2857,-1.0
_C2858,-1.0
_C2859,-0.0
_C2860,-1.0
_C2861,-1.0
_C2862,-1.0
_C2863,-1.0
_C2864,-0.0
_C2865,-1.0
_C2866,-1.0
_C2867,-1.0
_C2868,-1.0
_C2869,-0.0
_C2870,-1.0
_C2871,-1.0
_C2872,-1.0
_C2873,-1.0
_C2874,-0.0
_C2875,-1.0
_C2876,-1.0
_C2877,-1.0
_C2878,-1.0
_C2879,-0.0
_C2880,-1.0
_C2881,-1.0
_C2882,-1.0
_C2883,-1.0
_C2884,-0.0
_C2885,-1.0
_C2886,-1.0
_C2887,-1.0
_C2888,-1.0
_C2889,1.0
_C2890,1.0
_C2891,1.0
_C2892,1.0
_C2893,1.0
_C2894,1.0
_C2895,1.0
_C2896,1.0
_C2897,1.0
_C2898,1.0
_C2899,1.0
_C2900,1.0
_C2901,1.0
_C2902,1.0
_C2903,1.0
_C2904,1.0
_C2905,1.0
_C2906,1.0
_C2907,1.0
_C2908,1.0
_C2909,1.0
_C2910,1.0
_C2911,1.0
_C2912,1.0
_C2913,1.0
_C2914,1.0
_C2915,1.0
_C2916,1.0
_C2917,1.0
_C2918,1.0
_C2919,-0.0
_C2920,-0.0
_C2921,-0.0
_C2922,-0.0
_C2923,-0.0
_C2924,-0.0
_C2925,-0.0
_C2926,-0.0
_C2927,-0.0
_C2928,-0.0
_C2929,-0.0
_C2930,-0.0
_C2931,-0.0
_C2932,-0.0
_C2933,-0.0
_C2934,-0.0
_C2935,-0.0
_C2936,-0.0
_C2937,-0.0
_C2938,-0.0
_C2939,-0.0
_C2940,-0.0
_C2941,-0.0
_C2942,-0.0
_C2943,-0.0
_C2944,-1.110223e-16
_C2945,-0.0
_C2946,-0.0
_C2947,-0.0
_C2948,-0.0
_C2949,-1.110223e-16
_C2950,-0.0
_C2951,-0.0
_C2952,-0.0
_C2953,-0.0
_C2954,-1.110223e-16
_C2955,-0.0
_C2956,-0.0
_C2957,-0.0
_C2958,-0.0
_C2959,-1.110223e-16
_C2960,-0.0
_C2961,-0.0
_C2962,-0.0
_C2963,-0.0
_C2964,-1.110223e-16
_C2965,-0.0
_C2966,-0.0
_C2967,-0.0
_C2968,-0.0
_C2969,-0.0
_C2970,-0.0
_C2971,-0.0
_C2972,-0.0
_C2973,-0.0
_C2974,-0.0
_C2975,-0.0
_C2976,-0.0
_C2977,-0.0
_C2978,-0.0
_C2979,-0.0
_C2980,-0.0
_C2981,-0.0
_C2982,-0.0
_C2983,-0.0
_C2984,-0.0
_C2985,-0.0
_C2986,-0.0
_C2987,-0.0
_C2988,-0.0
_C2989,-0.0
_C2990,-0.0
_C2991,-0.0
_C2992,-0.0
_C2993,-0.0
_C2994,-0.0
_C2995,-0.0
_C2996,-0.0
_C2997,-0.0
_C2998,-0.0
_C2999,-0.0
_C3000,-0.0
_C3001,-0.0
_C3002,-0.0
_C3003,-0.0
_C3004,-0.0
_C3005,-0.0
_C3006,-0.0
_C3007,-0.0
_C3008,-0.0
_C3009,-0.0
_C3010,-0.0
_C3011,-0.0
_C3012,-0.0
_C3013,-0.0
_C3014,-0.0
_C3015,-0.0
_C3016,-0.0
_C3017,-0.0
_C3018,-0.0
_C3019,-0.0
_C3020,-0.0
_C3021,-0.0
_C3022,-0.0
_C3023,-0.0
_C3024,-0.0
_C3025,-0.0
_C3026,-0.0
_C3027,-0.0
_C3028,-0.0
_C3029,-0.0
_C3030,-0.0
_C3031,-0.0
_C3032,-0.0
_C3033,-0.0
_C3034,-0.0
_C3035,-0.0
_C3036,-0.0
_C3037,-0.0
_C3038,-0.0
_C3039,-0.0
_C3040,-0.0
_C3041,-0.0
_C3042,-0.0
_C3043,-0.0
_C3044,-0.0
_C3045,-0.0
_C3046,-0.0
_C3047,-0.0
_C3048,-0.0
_C3049,-0.0
_C3050,-0.0
_C3051,-0.0
_C3052,-0.0
_C3053,-0.0
_C3054,-0.0
_C3055,-0.0
_C3056,-0.0
_C3057,-0.0
_C3058,-0.0
_C3059,-0.0
_C3060,-0.0
_C3061,-0.0
_C3062,-0.0
_C3063,-0.0
_C3064,-0.0
_C3065,-0.0
_C3066,-0.0
_C3067,-0.0
_C3068,-0.0
_C3069,-0.0
_C3070,-0.0
_C3071,-0.0
_C3072,-0.0
_C3073,-0.0
_C3074,-0.0
_C3075,-0.0
_C3076,-0.0
_C3077,-0.0
_C3078,-0.0
_C3079,-0.0
_C3080,-0.0
_C3081,-0.0
_C3082,-0.0
_C3083,-0.0
_C3084,-0.0
_C3085,-0.0
_C3086,-0.0
_C3087,-0.0
_C3088,-0.0
_C3089,-0.0
_C3090,-0.0
_C3091,-0.0
_C3092,-0.0
_C3093,-0.0
_C3094,-0.0
_C3095,-0.0
_C3096,-0.0
_C3097,-0.0
_C3098,-0.0
_C3099,-0.0
_C3100,-0.0
_C3101,-0.0
_C3102,-0.0
_C3103,-0.0
_C3104,-0.0
_C3105,-0.0
_C3106,-0.0
_C3107,-0.0
_C3108,-0.0
_C3109,-0.0
_C3110,-0.0
_C3111,-0.0
_C3112,-0.0
_C3113,-0.0
_C3114,-0.0
_C3115,-0.0
_C3116,-0.0
_C3117,-0.0
_C3118,-0.0
_C3119,-0.0
_C3120,-0.0
_C3121,-0.0
_C3122,-0.0
_C3123,-0.0
_C3124,-0.0
_C3125,-0.0
_C3126,-0.0
_C3127,-0.0
_C3128,-0.0
_C3129,-0.0
_C3130,-0.0
_C3131,-0.0
_C3132,-0.0
_C3133,-0.0
_C3134,-0.0
_C3135,-0.0
_C3136,-0.0
_C3137,-0.0
_C3138,-0.0
_C3139,-0.0
_C3140,-0.0
_C3141,-0.0
_C3142,-0.0
_C3143,-0.0
_C3144,-0.0
_C3145,-0.0
_C3146,-0.0
_C3147,-0.0
_C3148,-0.0
_C3149,-0.0
_C3150,-0.0
_C3151,-0.0
_C3152,-0.0
_C3153,-0.0
_C3154,-0.0
_C3155,-0.0
_C3156,-0.0
_C3157,-0.0
_C3158,-0.0
_C3159,-0.0
_C3160,-0.0
_C3161,-0.0
_C3162,-0.0
_C3163,-0.0
_C3164,-0.0
_C3165,-0.0
_C3166,-0.0
_C3167,-0.0
_C3168,-0.0
_C3169,-0.0
_C3170,-0.0
_C3171,-0.0
_C3172,-0.0
_C3173,-0.0
_C3174,-0.0
_C3175,-0.0
_C3176,-0.0
_C3177,-0.0
_C3178,-0.0
_C3179,-0.0
_C3180,-0.0
_C3181,-0.0
_C3182,-0.0
_C3183,-0.0
_C3184,-0.0
_C3185,-0.0
_C3186,-0.0
_C3187,-0.0
_C3188,-0.0
_C3189,-0.0
_C3190,-0.0
_C3191,-0.0
_C3192,-0.0
_C3193,-0.0
_C3194,-0.0
_C3195,-0.0
_C3196,-0.0
_C3197,-0.0
_C3198,-0.0
_C3199,-0.0
_C3200,-0.0
_C3201,-0.0
_C3202,-0.0
_C3203,-0.0
_C3204,-0.0
_C3205,-0.0
_C3206,-0.0
_C3207,-0.0
_C3208,-0.0
_C3209,-0.0
_C3210,-0.0
_C3211,-0.0
_C3212,-0.0
_C3213,-0.0
_C3214,-0.0
_C3215,-0.0
_C3216,-0.0
_C3217,-0.0
_C3218,-0.0
_C3219,-0.0
_C3220,-0.0
_C3221,-0.0
_C3222,-0.0
_C3223,-0.0
_C3224,-0.0
_C3225,-0.0
_C3226,-0.0
_C3227,-0.0
_C3228,-0.0
_C3229,-0.0
_C3230,-0.0
_C3231,-0.0
_C3232,-0.0
_C3233,-0.0
_C3234,-0.0
_C3235,-0.0
_C3236,-0.0
_C3237,-0.0
_C3238,-0.0
_C3239,-0.0
_C3240,-0.0
_C3241,-0.0
_C3242,-0.0
_C3243,-0.0
_C3244,-0.0
_C3245,-0.0
_C3246,-0.0
_C3247,-0.0
_C3248,-0.0
_C3249,-0.0
_C3250,-0.0
_C3251,-0.0
_C3252,-0.0
_C3253,-0.0
_C3254,-0.0
_C3255,-0.0
_C3256,-0.0
_C3257,-0.0
_C3258,-0.0
_C3259,-0.0
_C3260,-0.0
_C3261,-0.0
_C3262,-0.0
_C3263,-0.0
_C3264,-0.0
_C3265,-0.0
_C3266,-0.0
_C3267,-0.0
_C3268,-0.0
_C3269,-0.0
_C3270,-0.0
_C3271,-0.0
_C3272,-0.0
_C3273,-0.0
_C3274,-0.0
_C3275,-0.0
_C3276,-0.0
_C3277,-0.0
_C3278,-0.0
_C3279,-0.0
_C3280,-0.0
_C3281,-0.0
_C3282,-0.0
_C3283,-0.0
_C3284,-0.0
_C3285,-0.0
_C3286,-0.0
_C3287,-0.0
_C3288,-0.0
_C3289,-0.0
_C3290,-0.0
_C3291,-0.0
_C3292,-0.0
_C3293,-0.0
_C3294,-0.0
_C3295,-0.0
_C3296,-0.0
_C3297,-0.0
_C3298,-0.0
_C3299,-0.0
_C3300,-0.0
_C3301,-0.0
_C3302,-0.0
_C3303,-0.0
_C3304,-0.0
_C3305,-0.0
_C3306,-0.0
_C3307,-0.0
_C3308,-0.0
_C3309,-0.0
_C3310,-0.0
_C3311,-0.0
_C3312,-0.0
_C3313,-0.0
_C3314,-0.0
_C3315,-0.0
_C3316,-0.0
_C3317,-0.0
_C3318,-0.0
_C3319,-0.0
_C3320,-0.0
_C3321,-0.0
_C3322,-0.0
_C3323,-0.0
_C3324,-0.0
_C3325,-0.0
_C3326,-0.0
_C3327,-0.0
_C3328,-0.0
_C3329,-0.0
_C3330,-0.0
_C3331,-0.0
_C3332,-0.0
_C3333,-0.0
_C3334,-0.0
_C3335,-0.0
_C3336,-0.0
_C3337,-0.0
_C3338,-0.0
_C3339,-0.0
_C3340,-0.0
_C3341,-0.0
_C3342,-0.0
_C3343,-0.0
_C3344,-0.0
_C3345,-0.0
_C3346,-0.0
_C3347,-0.0
_C3348,-0.0
_C3349,-0.0
_C3350,-0.0
_C3351,-0.0
_C3352,-0.0
_C3353,-0.0
_C3354,-0.0
_C3355,-0.0
_C3356,-0.0
_C3357,-0.0
_C3358,-0.0
_C3359,-0.0
_C3360,-0.0
_C3361,-0.0
_C3362,-0.0
_C3363,-0.0
_C3364,-0.0
_C3365,-0.0
_C3366,-0.0
_C3367,-0.0
_C3368,-0.0
_C3369,-0.0
_C3370,-0.0
_C3371,-0.0
_C3372,-0.0
_C3373,-0.0
_C3374,-0.0
_C3375,-0.0
_C3376,-0.0
_C3377,-0.0
_C3378,-0.0
_C3379,-0.0
_C3380,-0.0
_C3381,-0.0
_C3382,-0.0
_C3383,-0.0
_C3384,-0.0
_C3385,-0.0
_C3386,-0.0
_C3387,-0.0
_C3388,-0.0
_C3389,-0.0
_C3390,-0.0
_C3391,-0.0
_C3392,-0.0
_C3393,-0.0
_C3394,-0.0
_C3395,-0.0
_C3396,-0.0
_C3397,-0.0
_C3398,-0.0
_C3399,-0.0
_C3400,-0.0
_C3401,-0.0
_C3402,-0.0
_C3403,-0.0
_C3404,-0.0
_C3405,-0.0
_C3406,-0.0
_C3407,-0.0
_C3408,-0.0
_C3409,-0.0
_C3410,-0.0
_C3411,-0.0
_C3412,-0.0
_C3413,-0.0
_C3414,-0.0
_C3415,-0.0
_C3416,-0.0
_C3417,-0.0
_C3418,-0.0
_C3419,-0.0
_C3420,-0.0
_C3421,-0.0
_C3422,-0.0
_C3423,-0.0
_C3424,-0.0
_C3425,-0.0
_C3426,-0.0
_C3427,-0.0
_C3428,-0.0
_C3429,-0.0
_C3430,-0.0
_C3431,-0.0
_C3432,-0.0
_C3433,-0.0
_C3434,-0.0
_C3435,-0.0
_C3436,-0.0
_C3437,-0.0
_C3438,-0.0
_C3439,-0.0
_C3440,-0.0
_C3441,-0.0
_C3442,-0.0
_C3443,-0.0
_C3444,-0.0
_C3445,-0.0
_C3446,-0.0
_C3447,-0.0
_C3448,-0.0
_C3449,-0.0
_C3450,-0.0
_C3451,-0.0
_C3452,-0.0
_C3453,-0.0
_C3454,-0.0
_C3455,-0.0
_C3456,-0.0
_C3457,-0.0
_C3458,-0.0
_C3459,-0.0
_C3460,-0.0
_C3461,-0.0
_C3462,-0.0
_C3463,-0.0
_C3464,-0.0
_C3465,-0.0
_C3466,-0.0
_C3467,-0.0
_C3468,-0.0
_C3469,-0.0
_C3470,-0.0
_C3471,-0.0
_C3472,-0.0
_C3473,-0.0
_C3474,-0.0
_C3475,-0.0
_C3476,-0.0
_C3477,-0.0
_C3478,-0.0
_C3479,-0.0
_C3480,-0.0
_C3481,-0.0
_C3482,-0.0
_C3483,-0.0
_C3484,-0.0
_C3485,-0.0
_C3486,-0.0
_C3487,-0.0
_C3488,-0.0
_C3489,-0.0
_C3490,-0.0
_C3491,-0.0
_C3492,-0.0
_C3493,-0.0
_C3494,-0.0
_C3495,-0.0
_C3496,-0.0
_C3497,-0.0
_C3498,-0.0
_C3499,-0.0
_C3500,-0.0
_C3501,-0.0
_C3502,-0.0
_C3503,-0.0
_C3504,-0.0
_C3505,-0.0
_C3506,-0.0
_C3507,-0.0
_C3508,-0.0
_C3509,-0.0
_C3510,-0.0
_C3511,-0.0
_C3512,-0.0
_C3513,-0.0
_C3514,-0.0
_C3515,-0.0
_C3516,-0.0
_C3517,-0.0
_C3518,-0.0
_C3519,-0.0
_C3520,-0.0
_C3521,-0.0
_C3522,-0.0
_C3523,-0.0
_C3524,-0.0
_C3525,-0.0
_C3526,-0.0
_C3527,-0.0
_C3528,-0.0
_C3529,-0.0
_C3530,-0.0
_C3531,-0.0
_C3532,-0.0
_C3533,-0.0
_C3534,-0.0
_C3535,-0.0
_C3536,-0.0
_C3537,-0.0
_C3538,-0.0
_C3539,-0.0
_C3540,-0.0
_C3541,-0.0
_C3542,-0.0
_C3543,-0.0
_C3544,-0.0
_C3545,-0.0
_C3546,-0.0
_C3547,-0.0
_C3548,-0.0
_C3549,-0.0
_C3550,-0.0
_C3551,-0.0
_C3552,-0.0
_C3553,-0.0
_C3554,-0.0
_C3555,-0.0
_C3556,-0.0
_C3557,-0.0
_C3558,-0.0
_C3559,-0.0
_C3560,-0.0
_C3561,-0.0
_C3562,-0.0
_C3563,-0.0
_C3564,-0.0
_C3565,-0.0
_C3566,-0.0
_C3567,-0.0
_C3568,-0.0
_C3569,-0.0
_C3570,-0.0
_C3571,-0.0
_C3572,-0.0
_C3573,-0.0
_C3574,-0.0
_C3575,-0.0
_C3576,-0.0
_C3577,-0.0
_C3578,-0.0
_C3579,-0.0
_C3580,-0.0
_C3581,-0.0
_C3582,-0.0
_C3583,-0.0
_C3584,-0.0
_C3585,-0.0
_C3586,-0.0
_C3587,-0.0
_C3588,-0.0
_C3589,-0.0
_C3590,-0.0
_C3591,-0.0
_C3592,-0.0
_C3593,1.0
_C3594,1.0
_C3595,1.0
_C3596,1.0
_C3597,1.0
_C3598,1.0
_C3599,1.0
_C3600,1.0
_C3601,1.0
_C3602,1.0
_C3603,1.0
_C3604,1.0
_C3605,1.0
_C3606,1.0
_C3607,1.0
_C3608,1.0
_C3609,1.0
_C3610,1.0
_C3611,1.0
_C3612,1.0
_C3613,1.0
_C3614,1.0
_C3615,1.0
_C3616,1.0
_C3617,1.0
_C3618,1.0
_C3619,1.0
_C3620,1.0
_C3621,1.0
_C3622,1.0
_C3623,100.0
_C3624,100.0
_C3625,100.0
_C3626,100.0
_C3627,100.0
_C3628,100.0
_C3629,100.0
_C3630,100.0
_C3631,100.0
_C3632,100.0
_C3633,100.0
_C3634,100.0
_C3635,100.0
_C3636,100.0
_C3637,100.0
_C3638,100.0
_C3639,100.0
_C3640,100.0
_C3641,100.0
_C3642,100.0
_C3643,100.0
_C3644,100.0
_C3645,100.0
_C3646,100.0
_C3647,100.0
_C3648,100.0
_C3649,100.0
_C3650,100.0
_C3651,100.0
_C3652,100.0
_C3653,1.9615761
_C3654,1.94010417
_C3655,99.9825893
_C3656,2.0
_C3657,100.0
_C3658,2.0
_C3659,100.0
_C3660,2.0
_C3661,100.0
_C3662,2.0
_C3663,100.0
_C3664,-1.0
_C3665,-1.0
_C3666,-0.0
_C3667,-0.0
_C3668,-0.0
_C3669,-0.0
_C3670,-0.0
_C3671,-0.0
_C3672,-0.0
_C3673,-0.0
_C3674,-0.0
_C3675,-0.0
_C3676,-0.0
_C3677,-0.0
_C3678,-1.0
_C3679,-1.0
_C3680,-0.0
_C3681,-0.0
_C3682,-0.0
_C3683,-0.0
_C3684,-0.0
_C3685,-0.0
_C3686,-0.0
_C3687,-0.0
_C3688,-0.0
_C3689,-0.0
_C3690,-0.0
_C3691,-0.0
_C3692,-1.0
_C3693,-1.0
_C3694,-0.0
_C3695,-0.0
_C3696,-0.0
_C3697,-0.0
_C3698,-0.0
_C3699,-0.0
_C3700,-0.0
_C3701,-0.0
_C3702,-0.0
_C3703,-0.0
_C3704,-0.0
_C3705,-0.0
_C3706,-1.0
_C3707,-1.0
_C3708,-0.0
_C3709,-0.0
_C3710,-0.0
_C3711,-0.0
_C3712,-0.0
_C3713,-0.0
_C3714,-0.0
_C3715,-0.0
_C3716,-0.0
_C3717,-0.0
_C3718,-0.0
_C3719,-0.0
_C3720,-1.0
_C3721,-1.0
_C3722,-0.0
_C3723,-0.0
_C3724,-0.0
_C3725,-0.0
_C3726,-0.0
_C3727,-0.0
_C3728,-0.0
_C3729,-0.0
_C3730,-0.0
_C3731,-0.0
_C3732,-0.0
_C3733,-0.0
_C3734,-1.0
_C3735,-1.0
_C3736,-0.0
_C3737,-0.0
_C3738,-0.0
_C3739,-0.0
_C3740,-0.0
_C3741,-0.0
_C3742,-0.0
_C3743,-0.0
_C3744,-0.0
_C3745,-0.0
_C3746,-0.0
_C3747,-0.0
_C3748,-1.0
_C3749,-1.0
_C3750,-0.0
_C3751,-0.0
_C3752,-0.0
_C3753,-0.0
_C3754,-0.0
_C3755,-0.0
_C3756,-0.0
_C3757,-0.0
_C3758,-0.0
_C3759,-0.0
_C3760,-0.0
_C3761,-0.0
_C3762,-1.0
_C3763,-1.0
_C3764,-0.0
_C3765,-0.0
_C3766,-0.0
_C3767,-0.0
_C3768,-0.0
_C3769,-0.0
_C3770,-0.0
_C3771,-0.0
_C3772,-0.0
_C3773,-0.0
_C3774,-0.0
_C3775,-0.0
_C3776,-1.0
_C3777,-1.0
_C3778,-0.0
_C3779,-0.0
_C3780,-0.0
_C3781,-0.0
_C3782,-0.0
_C3783,-0.0
_C3784,-0.0
_C3785,-0.0
_C3786,-0.0
_C3787,-0.0
_C3788,-0.0
_C3789,-0.0
_C3790,-1.0
_C3791,-1.0
_C3792,-0.0
_C3793,-0.0
_C3794,-0.0
_C3795,-0.0
_C3796,-0.0
_C3797,-0.0
_C3798,-0.0
_C3799,-0.0
_C3800,-0.0
_C3801,-0.0
_C3802,-0.0
_C3803,-0.0
_C3804,-1.0
_C3805,-1.0
_C3806,-0.0
_C3807,-0.0
_C3808,-0.0
_C3809,-0.0
_C3810,-0.0
_C3811,-0.0
_C3812,-0.0
_C3813,-0.0
_C3814,-0.0
_C3815,-0.0
_C3816,-0.0
_C3817,-0.0
_C3818,-1.0
_C3819,-1.0
_C3820,-0.0
_C3821,-0.0
_C3822,-0.0
_C3823,-0.0
_C3824,-0.0
_C3825,-0.0
_C3826,-0.0
_C3827,-0.0
_C3828,-0.0
_C3829,-0.0
_C3830,-0.0
_C3831,-0.0
_C3832,-1.0
_C3833,-1.0
_C3834,-0.0
_C3835,-0.0
_C3836,-0.0
_C3837,-0.0
_C3838,-0.0
_C3839,-0.0
_C3840,-0.0
_C3841,-0.0
_C3842,-0.0
_C3843,-0.0
_C3844,-0.0
_C3845,-0.0
_C3846,-1.0
_C3847,-1.0
_C3848,-0.0
_C3849,-0.0
_C3850,-0.0
_C3851,-0.0
_C3852,-0.0
_C3853,-0.0
_C3854,-0.0
_C3855,-0.0
_C3856,-0.0
_C3857,-0.0
_C3858,-0.0
_C3859,-0.0
_C3860,-1.0
_C3861,-1.0
_C3862,-0.0
_C3863,-0.0
_C3864,-0.0
_C3865,-0.0
_C3866,-0.0
_C3867,-0.0
_C3868,-0.0
_C3869,-0.0
_C3870,-0.0
_C3871,-0.0
_C3872,-0.0
_C3873,-0.0
_C3874,-1.0
_C3875,-1.0
_C3876,-0.0
_C3877,-0.0
_C3878,-0.0
_C3879,-0.0
_C3880,-0.0
_C3881,-0.0
_C3882,-0.0
_C3883,-0.0
_C3884,-0.0
_C3885,-0.0
_C3886,-0.0
_C3887,-0.0
_C3888,-1.0
_C3889,-1.0
_C3890,-0.0
_C3891,-0.0
_C3892,-0.0
_C3893,-0.0
_C3894,-0.0
_C3895,-0.0
_C3896,-0.0
_C3897,-0.0
_C3898,-0.0
_C3899,-0.0
_C3900,-0.0
_C3901,-0.0
_C3902,-1.0
_C3903,-1.0
_C3904,-0.0
_C3905,-0.0
_C3906,-0.0
_C3907,-0.0
_C3908,-0.0
_C3909,-0.0
_C3910,-0.0
_C3911,-0.0
_C3912,-0.0
_C3913,-0.0
_C3914,-0.0
_C3915,-0.0
_C3916,-1.0
_C3917,-1.0
_C3918,-0.0
_C3919,-0.0
_C3920,-0.0
_C3921,-0.0
_C3922,-0.0
_C3923,-0.0
_C3924,-0.0
_C3925,-0.0
_C3926,-0.0
_C3927,-0.0
_C3928,-0.0
_C3929,-0.0
_C3930,-1.0
_C3931,-1.0
_C3932,-0.0
_C3933,-0.0
_C3934,-0.0
_C3935,-0.0
_C3936,-0.0
_C3937,-0.0
_C3938,-0.0
_C3939,-0.0
_C3940,-0.0
_C3941,-0.0
_C3942,-0.0
_C3943,-0.0
_C3944,-1.0
_C3945,-1.0
_C3946,-0.0
_C3947,-0.0
_C3948,-0.0
_C3949,-0.0
_C3950,-0.0
_C3951,-0.0
_C3952,-0.0
_C3953,-0.0
_C3954,-0.0
_C3955,-0.0
_C3956,-0.0
_C3957,-0.0
_C3958,-1.0
_C3959,-1.0
_C3960,-0.0
_C3961,-0.0
_C3962,-0.0
_C3963,-0.0
_C3964,-0.0
_C3965,-0.0
_C3966,-0.0
_C3967,-0.0
_C3968,-0.0
_C3969,-0.0
_C3970,-0.0
_C3971,-0.0
_C3972,-1.0
_C3973,-1.0
_C3974,-0.0
_C3975,-0.0
_C3976,-0.0
_C3977,-0.0
_C3978,-0.0
_C3979,-0.0
_C3980,-0.0
_C3981,-0.0
_C3982,-0.0
_C3983,-0.0
_C3984,-0.0
_C3985,-0.0
_C3986,-1.0
_C3987,-1.0
_C3988,-0.0
_C3989,-0.0
_C3990,-0.0
_C3991,-0.0
_C3992,-0.0
_C3993,-0.0
_C3994,-0.0
_C3995,-0.0
_C3996,-0.0
_C3997,-0.0
_C3998,-0.0
_C3999,-0.0
_C4000,-1.0
_C4001,-1.0
_C4002,-0.0
_C4003,-0.0
_C4004,-0.0
_C4005,-0.0
_C4006,-0.0
_C4007,-0.0
_C4008,-0.0
_C4009,-0.0
_C4010,-0.0
_C4011,-0.0
_C4012,-0.0
_C4013,-0.0
_C4014,-1.0
_C4015,-1.0
_C4016,-0.0
_C4017,-0.0
_C4018,-0.0
_C4019,-0.0
_C4020,-0.0
_C4021,-0.0
_C4022,-0.0
_C4023,-0.0
_C4024,-0.0
_C4025,-0.0
_C4026,-0.0
_C4027,-0.0
_C4028,-1.0
_C4029,-1.0
_C4030,-0.0
_C4031,-0.0
_C4032,-0.0
_C4033,-0.0
_C4034,-0.0
_C4035,-0.0
_C4036,-0.0
_C4037,-0.0
_C4038,-0.0
_C4039,-0.0
_C4040,-0.0
_C4041,-0.0
_C4042,-1.0
_C4043,-1.0
_C4044,-0.0
_C4045,-0.0
_C4046,-0.0
_C4047,-0.0
_C4048,-0.0
_C4049,-0.0
_C4050,-0.0
_C4051,-0.0
_C4052,-0.0
_C4053,-0.0
_C4054,-0.0
_C4055,-0.0
_C4056,-1.0
_C4057,-1.0
_C4058,-0.0
_C4059,-0.0
_C4060,-0.0
_C4061,-0.0
_C4062,-0.0
_C4063,-0.0
_C4064,-0.0
_C4065,-0.0
_C4066,-0.0
_C4067,-0.0
_C4068,-0.0
_C4069,-0.0
_C4070,-1.0
_C4071,-1.0
_C4072,-0.0
_C4073,-0.0
_C4074,-0.0
_C4075,-0.0
_C4076,-0.0
_C4077,-0.0
_C4078,-0.0
_C4079,-0.0
_C4080,-0.0
_C4081,-0.0
_C4082,-0.0
_C4083,-0.0
_C4084,-1.0
_C4085,-1.0
_C4086,-0.0
_C4087,-0.0
_C4088,-0.0
_C4089,-0.0
_C4090,-0.0
_C4091,-0.0
_C4092,-0.0
_C4093,-0.0
_C4094,-0.0
_C4095,-0.0
_C4096,-0.0
_C4097,-0.0
_C4098,-1.0
_C4099,-1.0
_C4100,-0.0
_C4101,-0.0
_C4102,-0.0
_C4103,-0.0
_C4104,-0.0
_C4105,-0.0
_C4106,-0.0
_C4107,-0.0
_C4108,-0.0
_C4109,-0.0
_C4110,-0.0
_C4111,-0.0
_C4112,-1.0
_C4113,-1.0
_C4114,-0.0
_C4115,-0.0
_C4116,-0.0
_C4117,-0.0
_C4118,-0.0
_C4119,-0.0
_C4120,-0.0
_C4121,-0.0
_C4122,-0.0
_C4123,-0.0
_C4124,-0.0
_C4125,-0.0
_C4126,-1.0
_C4127,-1.0
_C4128,-0.0
_C4129,-0.0
_C4130,-0.0
_C4131,-0.0
_C4132,-0.0
_C4133,-0.0
_C4134,-0.0
_C4135,-0.0
_C4136,-0.0
_C4137,-0.0
_C4138,-0.0
_C4139,-0.0
_C4140,-1.0
_C4141,-1.0
_C4142,-0.0
_C4143,-0.0
_C4144,-0.0
_C4145,-0.0
_C4146,-0.0
_C4147,-0.0
_C4148,-0.0
_C4149,-0.0
_C4150,-0.0
_C4151,-0.0
_C4152,-0.0
_C4153,-0.0
_C4154,-1.0
_C4155,-1.0
_C4156,-0.0
_C4157,-0.0
_C4158,-0.0
_C4159,-0.0
_C4160,-0.0
_C4161,-0.0
_C4162,-0.0
_C4163,-0.0
_C4164,-0.0
_C4165,-0.0
_C4166,-0.0
_C4167,-0.0
_C4168,-1.0
_C4169,-1.0
_C4170,-0.0
_C4171,-0.0
_C4172,-0.0
_C4173,-0.0
_C4174,-0.0
_C4175,-0.0
_C4176,-0.0
_C4177,-0.0
_C4178,-0.0
_C4179,-0.0
_C4180,-0.0
_C4181,-0.0
_C4182,-1.0
_C4183,-1.0
_C4184,-0.0
_C4185,-0.0
_C4186,-0.0
_C4187,-0.0
_C4188,-0.0
_C4189,-0.0
_C4190,-0.0
_C4191,-0.0
_C4192,-0.0
_C4193,-0.0
_C4194,-0.0
_C4195,-0.0
_C4196,-1.0
_C4197,-1.0
_C4198,-0.0
_C4199,-0.0
_C4200,-0.0
_C4201,-0.0
_C4202,-0.0
_C4203,-0.0
_C4204,-0.0
_C4205,-0.0
_C4206,-0.0
_C4207,-0.0
_C4208,-0.0
_C4209,-0.0
_C4210,-1.0
_C4211,-1.0
_C4212,-0.0
_C4213,-0.0
_C4214,-0.0
_C4215,-0.0
_C4216,-0.0
_C4217,-0.0
_C4218,-0.0
_C4219,-0.0
_C4220,-0.0
_C4221,-0.0
_C4222,-0.0
_C4223,-0.0
_C4224,-1.0
_C4225,-1.0
_C4226,-0.0
_C4227,-0.0
_C4228,-0.0
_C4229,-0.0
_C4230,-0.0
_C4231,-0.0
_C4232,-0.0
_C4233,-0.0
_C4234,-0.0
_C4235,-0.0
_C4236,-0.0
_C4237,-0.0
_C4238,-1.0
_C4239,-1.0
_C4240,-0.0
_C4241,-0.0
_C4242,-0.0
_C4243,-0.0
_C4244,-0.0
_C4245,-0.0
_C4246,-0.0
_C4247,-0.0
_C4248,-0.0
_C4249,-0.0
_C4250,-0.0
_C4251,-0.0
_C4252,-1.0
_C4253,-1.0
_C4254,-0.0
_C4255,-0.0
_C4256,-0.0
_C4257,-0.0
_C4258,-0.0
_C4259,-0.0
_C4260,-0.0
_C4261,-0.0
_C4262,-0.0
_C4263,-0.0
_C4264,-0.0
_C4265,-0.0
_C4266,-1.0
_C4267,-1.0
_C4268,-0.0
_C4269,-0.0
_C4270,-0.0
_C4271,-0.0
_C4272,-0.0
_C4273,-0.0
_C4274,-0.0
_C4275,-0.0
_C4276,-0.0
_C4277,-0.0
_C4278,-0.0
_C4279,-0.0
_C4280,-1.0
_C4281,-1.0
_C4282,-0.0
_C4283,-0.0
_C4284,-0.0
_C4285,-0.0
_C4286,-0.0
_C4287,-0.0
_C4288,-0.0
_C4289,-0.0
_C4290,-0.0
_C4291,-0.0
_C4292,-0.0
_C4293,-0.0
_C4294,-1.0
_C4295,-1.0
_C4296,-0.0
_C4297,-0.0
_C4298,-0.0
_C4299,-0.0
_C4300,-0.0
_C4301,-0.0
_C4302,-0.0
_C4303,-0.0
_C4304,-0.0
_C4305,-0.0
_C4306,-0.0
_C4307,-0.0
_C4308,-1.0
_C4309,-1.0
_C4310,-0.0
_C4311,-0.0
_C4312,-0.0
_C4313,-0.0
_C4314,-0.0
_C4315,-0.0
_C4316,-0.0
_C4317,-0.0
_C4318,-0.0
_C4319,-0.0
_C4320,-0.0
_C4321,-0.0
_C4322,-1.0
_C4323,-1.0
_C4324,-0.0
_C4325,-0.0
_C4326,-0.0
_C4327,-0.0
_C4328,-0.0
_C4329,-0.0
_C4330,-0.0
_C4331,-0.0
_C4332,-0.0
_C4333,-0.0
_C4334,-0.0
_C4335,-0.0
_C4336,-1.0
_C4337,-1.0
_C4338,-0.0
_C4339,-0.0
_C4340,-0.0
_C4341,-0.0
_C4342,-0.0
_C4343,-0.0
_C4344,-0.0
_C4345,-0.0
_C4346,-0.0
_C4347,-0.0
_C4348,-0.0
_C4349,-0.0
_C4350,-1.0
_C4351,-1.0
_C4352,-0.0
_C4353,-0.0
_C4354,-0.0
_C4355,-0.0
_C4356,-0.0
_C4357,-0.0
_C4358,-0.0
_C4359,-0.0
_C4360,-0.0
_C4361,-0.0
_C4362,-0.0
_C4363,-0.0
_C4364,-1.0
_C4365,-1.0
_C4366,-0.0
_C4367,-0.0
_C4368,-0.0
_C4369,-0.0
_C4370,-0.0
_C4371,-0.0
_C4372,-0.0
_C4373,-0.0
_C4374,-0.0
_C4375,-0.0
_C4376,-0.0
_C4377,-0.0
_C4378,-1.0
_C4379,-1.0
_C4380,-0.0
_C4381,-0.0
_C4382,-0.0
_C4383,-0.0
_C4384,-0.0
_C4385,-0.0
_C4386,-0.0
_C4387,-0.0
_C4388,-0.0
_C4389,-0.0
_C4390,-0.0
_C4391,-0.0
_C4392,-1.0
_C4393,-1.0
_C4394,-0.0
_C4395,-0.0
_C4396,-0.0
_C4397,-0.0
_C4398,-0.0
_C4399,-0.0
_C4400,-0.0
_C4401,-0.0
_C4402,-0.0
_C4403,-0.0
_C4404,-0.0
_C4405,-0.0
_C4406,-1.0
_C4407,-1.0
_C4408,-0.0
_C4409,-0.0
_C4410,-0.0
_C4411,-0.0
_C4412,-0.0
_C4413,-0.0
_C4414,-0.0
_C4415,-0.0
_C4416,-0.0
_C4417,-0.0
_C4418,-0.0
_C4419,-0.0
_C4420,-1.0
_C4421,-1.0
_C4422,-0.0
_C4423,-0.0
_C4424,-0.0
_C4425,-0.0
_C4426,-0.0
_C4427,-0.0
_C4428,-0.0
_C4429,-0.0
_C4430,-0.0
_C4431,-0.0
_C4432,-0.0
_C4433,-0.0
_C4434,-1.0
_C4435,-1.0
_C4436,-0.0
_C4437,-0.0
_C4438,-0.0
_C4439,-0.0
_C4440,-0.0
_C4441,-0.0
_C4442,-0.0
_C4443,-0.0
_C4444,-0.0
_C4445,-0.0
_C4446,-0.0
_C4447,-0.0
_C4448,-1.0
_C4449,-1.0
_C4450,-0.0
_C4451,-0.0
_C4452,-0.0
_C4453,-0.0
_C4454,-0.0
_C4455,-0.0
_C4456,-0.0
_C4457,-0.0
_C4458,-0.0
_C4459,-0.0
_C4460,-0.0
_C4461,-0.0
_C4462,-1.0
_C4463,-1.0
_C4464,-0.0
_C4465,-0.0
_C4466,-0.0
_C4467,-0.0
_C4468,-0.0
_C4469,-0.0
_C4470,-0.0
_C4471,-0.0
_C4472,-0.0
_C4473,-0.0
_C4474,-0.0
_C4475,-0.0
_C4476,-1.0
_C4477,-1.0
_C4478,-0.0
_C4479,-0.0
_C4480,-0.0
_C4481,-0.0
_C4482,-0.0
_C4483,-0.0
_C4484,-0.0
_C4485,-0.0
_C4486,-0.0
_C4487,-0.0
_C4488,-0.0
_C4489,-0.0
_C4490,-1.0
_C4491,-1.0
_C4492,-0.0
_C4493,-0.0
_C4494,-0.0
_C4495,-0.0
_C4496,-0.0
_C4497,-0.0
_C4498,-0.0
_C4499,-0.0
_C4500,-0.0
_C4501,-0.0
_C4502,-0.0
_C4503,-0.0
_C4504,-1.0
_C4505,-1.0
_C4506,-0.0
_C4507,-0.0
_C4508,-0.0
_C4509,-0.0
_C4510,-0.0
_C4511,-0.0
_C4512,-0.0
_C4513,-0.0
_C4514,-0.0
_C4515,-0.0
_C4516,-0.0
_C4517,-0.0
_C4518,-1.0
_C4519,-1.0
_C4520,-0.0
_C4521,-0.0
_C4522,-0.0
_C4523,-0.0
_C4524,-0.0
_C4525,-0.0
_C4526,-0.0
_C4527,-0.0
_C4528,-0.0
_C4529,-0.0
_C4530,-0.0
_C4531,-0.0
_C4532,-1.0
_C4533,-1.0
_C4534,-0.0
_C4535,-0.0
_C4536,-0.0
_C4537,-0.0
_C4538,-0.0
_C4539,-0.0
_C4540,-0.0
_C4541,-0.0
_C4542,-0.0
_C4543,-0.0
_C4544,-0.0
_C4545,-0.0
_C4546,-1.0
_C4547,-1.0
_C4548,-0.0
_C4549,-0.0
_C4550,-0.0
_C4551,-0.0
_C4552,-0.0
_C4553,-0.0
_C4554,-0.0
_C4555,-0.0
_C4556,-0.0
_C4557,-0.0
_C4558,-0.0
_C4559,-0.0
_C4560,-1.0
_C4561,-1.0
_C4562,-0.0
_C4563,-0.0
_C4564,-0.0
_C4565,-0.0
_C4566,-0.0
_C4567,-0.0
_C4568,-0.0
_C4569,-0.0
_C4570,-0.0
_C4571,-0.0
_C4572,-0.0
_C4573,-0.0
_C4574,-1.0
_C4575,-1.0
_C4576,-0.0
_C4577,-0.0
_C4578,-0.0
_C4579,-0.0
_C4580,-0.0
_C4581,-0.0
_C4582,-0.0
_C4583,-0.0
_C4584,-0.0
_C4585,-0.0
_C4586,-0.0
_C4587,-0.0
_C4588,-1.0
_C4589,-1.0
_C4590,-0.0
_C4591,-0.0
_C4592,-0.0
_C4593,-0.0
_C4594,-0.0
_C4595,-0.0
_C4596,-0.0
_C4597,-0.0
_C4598,-0.0
_C4599,-0.0
_C4600,-0.0
_C4601,-0.0
_C4602,-1.0
_C4603,-1.0
_C4604,-0.0
_C4605,-0.0
_C4606,-0.0
_C4607,-0.0
_C4608,-0.0
_C4609,-0.0
_C4610,-0.0
_C4611,-0.0
_C4612,-0.0
_C4613,-0.0
_C4614,-0.0
_C4615,-0.0
_C4616,-1.0
_C4617,-1.0
_C4618,-0.0
_C4619,-0.0
_C4620,-0.0
_C4621,-0.0
_C4622,-0.0
_C4623,-0.0
_C4624,-0.0
_C4625,-0.0
_C4626,-0.0
_C4627,-0.0
_C4628,-0.0
_C4629,-0.0
_C4630,-1.0
_C4631,-1.0
_C4632,-0.0
_C4633,-0.0
_C4634,-0.0
_C4635,-0.0
_C4636,-0.0
_C4637,-0.0
_C4638,-0.0
_C4639,-0.0
_C4640,-0.0
_C4641,-0.0
_C4642,-0.0
_C4643,-0.0
_C4644,-1.0
_C4645,-1.0
_C4646,-0.0
_C4647,-0.0
_C4648,-0.0
_C4649,-0.0
_C4650,-0.0
_C4651,-0.0
_C4652,-0.0
_C4653,-0.0
_C4654,-0.0
_C4655,-0.0
_C4656,-0.0
_C4657,-0.0
_C4658,-1.0
_C4659,-1.0
_C4660,-0.0
_C4661,-0.0
_C4662,-0.0
_C4663,-0.0
_C4664,-0.0
_C4665,-0.0
_C4666,-0.0
_C4667,-0.0
_C4668,-0.0
_C4669,-0.0
_C4670,-0.0
_C4671,-0.0
_C4672,-1.0
_C4673,-1.0
_C4674,-0.0
_C4675,-0.0
_C4676,-0.0
_C4677,-0.0
_C4678,-0.0
_C4679,-0.0
_C4680,-0.0
_C4681,-0.0
_C4682,-0.0
_C4683,-0.0
_C4684,-0.0
_C4685,-0.0
_C4686,-1.0
_C4687,-1.0
_C4688,-0.0
_C4689,-0.0
_C4690,-0.0
_C4691,-0.0
_C4692,-0.0
_C4693,-0.0
_C4694,-0.0
_C4695,-0.0
_C4696,-0.0
_C4697,-0.0
_C4698,-0.0
_C4699,-0.0
_C4700,-1.0
_C4701,-1.0
_C4702,-0.0
_C4703,-0.0
_C4704,-0.0
_C4705,-0.0
_C4706,-0.0
_C4707,-0.0
_C4708,-0.0
_C4709,-0.0
_C4710,-0.0
_C4711,-0.0
_C4712,-0.0
_C4713,-0.0
_C4714,-1.0
_C4715,-1.0
_C4716,-0.0
_C4717,-0.0
_C4718,-0.0
_C4719,-0.0
_C4720,-0.0
_C4721,-0.0
_C4722,-0.0
_C4723,-0.0
_C4724,-0.0
_C4725,-0.0
_C4726,-0.0
_C4727,-0.0
_C4728,-1.0
_C4729,-1.0
_C4730,-0.0
_C4731,-0.0
_C4732,-0.0
_C4733,-0.0
_C4734,-0.0
_C4735,-0.0
_C4736,-0.0
_C4737,-0.0
_C4738,-0.0
_C4739,-0.0
_C4740,-0.0
_C4741,-0.0
_C4742,-1.0
_C4743,-1.0
_C4744,-0.0
_C4745,-0.0
_C4746,-0.0
_C4747,-0.0
_C4748,-0.0
_C4749,-0.0
_C4750,-0.0
_C4751,-0.0
_C4752,-0.0
_C4753,-0.0
_C4754,-0.0
_C4755,-0.0
_C4756,-1.0
_C4757,-1.0
_C4758,-0.0
_C4759,-0.0
_C4760,-0.0
_C4761,-0.0
_C4762,-0.0
_C4763,-0.0
_C4764,-0.0
_C4765,-0.0
_C4766,-0.0
_C4767,-0.0
_C4768,-0.0
_C4769,-0.0
_C4770,-1.0
_C4771,-1.0
_C4772,-0.0
_C4773,-0.0
_C4774,-0.0
_C4775,-0.0
_C4776,-0.0
_C4777,-0.0
_C4778,-0.0
_C4779,-0.0
_C4780,-0.0
_C4781,-0.0
_C4782,-0.0
_C4783,-0.0
_C4784,-1.0
_C4785,-1.0
_C4786,-0.0
_C4787,-0.0
_C4788,-0.0
_C4789,-0.0
_C4790,-0.0
_C4791,-0.0
_C4792,-0.0
_C4793,-0.0
_C4794,-0.0
_C4795,-0.0
_C4796,-0.0
_C4797,-0.0
_C4798,-1.0
_C4799,-1.0
_C4800,-0.0
_C4801,-0.0
_C4802,-0.0
_C4803,-0.0
_C4804,-0.0
_C4805,-0.0
_C4806,-0.0
_C4807,-0.0
_C4808,-0.0
_C4809,-0.0
_C4810,-0.0
_C4811,-0.0
_C4812,-1.0
_C4813,-1.0
_C4814,-0.0
_C4815,-0.0
_C4816,-0.0
_C4817,-0.0
_C4818,-0.0
_C4819,-0.0
_C4820,-0.0
_C4821,-0.0
_C4822,-0.0
_C4823,-0.0
_C4824,-0.0
_C4825,-0.0
_C4826,-1.0
_C4827,-1.0
_C4828,-0.0
_C4829,-0.0
_C4830,-0.0
_C4831,-0.0
_C4832,-0.0
_C4833,-0.0
_C4834,-0.0
_C4835,-0.0
_C4836,-0.0
_C4837,-0.0
_C4838,-0.0
_C4839,-0.0
_C4840,-1.0
_C4841,-1.0
_C4842,-0.0
_C4843,-0.0
_C4844,-0.0
_C4845,-0.0
_C4846,-0.0
_C4847,-0.0
_C4848,-0.0
_C4849,-0.0
_C4850,-0.0
_C4851,-0.0
_C4852,-0.0
_C4853,-0.0
_C4854,-1.0
_C4855,-1.0
_C4856,-0.0
_C4857,-0.0
_C4858,-0.0
_C4859,-0.0
_C4860,-0.0
_C4861,-0.0
_C4862,-0.0
_C4863,-0.0
_C4864,-0.0
_C4865,-0.0
_C4866,-0.0
_C4867,-0.0
_C4868,-1.0
_C4869,-1.0
_C4870,-0.0
_C4871,-0.0
_C4872,-0.0
_C4873,-0.0
_C4874,-0.0
_C4875,-0.0
_C4876,-0.0
_C4877,-0.0
_C4878,-0.0
_C4879,-0.0
_C4880,-0.0
_C4881,-0.0
_C4882,-1.0
_C4883,-1.0
_C4884,-0.0
_C4885,-0.0
_C4886,-0.0
_C4887,-0.0
_C4888,-0.0
_C4889,-0.0
_C4890,-0.0
_C4891,-0.0
_C4892,-0.0
_C4893,-0.0
_C4894,-0.0
_C4895,-0.0
_C4896,-1.0
_C4897,-1.0
_C4898,-0.0
_C4899,-0.0
_C4900,-0.0
_C4901,-0.0
_C4902,-0.0
_C4903,-0.0
_C4904,-0.0
_C4905,-0.0
_C4906,-0.0
_C4907,-0.0
_C4908,-0.0
_C4909,-0.0
_C4910,-1.0
_C4911,-1.0
_C4912,-0.0
_C4913,-0.0
_C4914,-0.0
_C4915,-0.0
_C4916,-0.0
_C4917,-0.0
_C4918,-0.0
_C4919,-0.0
_C4920,-0.0
_C4921,-0.0
_C4922,-0.0
_C4923,-0.0
_C4924,-1.0
_C4925,-1.0
_C4926,-0.0
_C4927,-0.0
_C4928,-0.0
_C4929,-0.0
_C4930,-0.0
_C4931,-0.0
_C4932,-0.0
_C4933,-0.0
_C4934,-0.0
_C4935,-0.0
_C4936,-0.0
_C4937,-0.0
_C4938,-1.0
_C4939,-1.0
_C4940,-0.0
_C4941,-0.0
_C4942,-0.0
_C4943,-0.0
_C4944,-0.0
_C4945,-0.0
_C4946,-0.0
_C4947,-0.0
_C4948,-0.0
_C4949,-0.0
_C4950,-0.0
_C4951,-0.0
_C4952,-1.0
_C4953,-1.0
_C4954,-0.0
_C4955,-0.0
_C4956,-0.0
_C4957,-0.0
_C4958,-0.0
_C4959,-0.0
_C4960,-0.0
_C4961,-0.0
_C4962,-0.0
_C4963,-0.0
_C4964,-0.0
_C4965,-0.0
_C4966,-1.0
_C4967,-1.0
_C4968,-0.0
_C4969,-0.0
_C4970,-0.0
_C4971,-0.0
_C4972,-0.0
_C4973,-0.0
_C4974,-0.0
_C4975,-0.0
_C4976,-0.0
_C4977,-0.0
_C4978,-0.0
_C4979,-0.0
_C4980,-1.0
_C4981,-1.0
_C4982,-0.0
_C4983,-0.0
_C4984,-0.0
_C4985,-0.0
_C4986,-0.0
_C4987,-0.0
_C4988,-0.0
_C4989,-0.0
_C4990,-0.0
_C4991,-0.0
_C4992,-0.0
_C4993,-0.0
_C4994,-1.0
_C4995,-1.0
_C4996,-0.0
_C4997,-0.0
_C4998,-0.0
_C4999,-0.0
_C5000,-0.0
_C5001,-0.0
_C5002,-0.0
_C5003,-0.0
_C5004,-0.0
_C5005,-0.0
_C5006,-0.0
_C5007,-0.0
_C5008,-1.0
_C5009,-1.0
_C5010,-0.0
_C5011,-0.0
_C5012,-0.0
_C5013,-0.0
_C5014,-0.0
_C5015,-0.0
_C5016,-0.0
_C5017,-0.0
_C5018,-0.0
_C5019,-0.0
_C5020,-0.0
_C5021,-0.0
_C5022,-1.0
_C5023,-1.0
_C5024,-0.0
_C5025,-0.0
_C5026,-0.0
_C5027,-0.0
_C5028,-0.0
_C5029,-0.0
_C5030,-0.0
_C5031,-0.0
_C5032,-0.0
_C5033,-0.0
_C5034,-0.0
_C5035,-0.0
_C5036,-1.0
_C5037,-1.0
_C5038,-0.0
_C5039,-0.0
_C5040,-0.0
_C5041,-0.0
_C5042,-0.0
_C5043,-0.0
_C5044,-0.0
_C5045,-0.0
_C5046,-0.0
_C5047,-0.0
_C5048,-0.0
_C5049,-0.0
_C5050,-1.0
_C5051,-1.0
_C5052,-0.0
_C5053,-0.0
_C5054,-0.0
_C5055,-0.0
_C5056,-0.0
_C5057,-0.0
_C5058,-0.0
_C5059,-0.0
_C5060,-0.0
_C5061,-0.0
_C5062,-0.0
_C5063,-0.0
_C5064,-1.0
_C5065,-1.0
_C5066,-0.0
_C5067,-0.0
_C5068,-0.0
_C5069,-0.0
_C5070,-0.0
_C5071,-0.0
_C5072,-0.0
_C5073,-0.0
_C5074,-0.0
_C5075,-0.0
_C5076,-0.0
_C5077,-0.0
_C5078,-1.0
_C5079,-1.0
_C5080,-0.0
_C5081,-0.0
_C5082,-0.0
_C5083,-0.0
_C5084,-0.0
_C5085,-0.0
_C5086,-0.0
_C5087,-0.0
_C5088,-0.0
_C5089,-0.0
_C5090,-0.0
_C5091,-0.0
_C5092,-1.0
_C5093,-1.0
_C5094,-0.0
_C5095,-0.0
_C5096,-0.0
_C5097,-0.0
_C5098,-0.0
_C5099,-0.0
_C5100,-0.0
_C5101,-0.0
_C5102,-0.0
_C5103,-0.0
_C5104,-0.0
_C5105,-0.0
_C5106,-1.0
_C5107,-1.0
_C5108,-0.0
_C5109,-0.0
_C5110,-0.0
_C5111,-0.0
_C5112,-0.0
_C5113,-0.0
_C5114,-0.0
_C5115,-0.0
_C5116,-0.0
_C5117,-0.0
_C5118,-0.0
_C5119,-0.0
_C5120,-1.0
_C5121,-1.0
_C5122,-0.0
_C5123,-0.0
_C5124,-0.0
_C5125,-0.0
_C5126,-0.0
_C5127,-0.0
_C5128,-0.0
_C5129,-0.0
_C5130,-0.0
_C5131,-0.0
_C5132,-0.0
_C5133,-0.0
_C5134,-1.0
_C5135,-1.0
_C5136,-0.0
_C5137,-0.0
_C5138,-0.0
_C5139,-0.0
_C5140,-0.0
_C5141,-0.0
_C5142,-0.0
_C5143,-0.0
_C5144,-0.0
_C5145,-0.0
_C5146,-0.0
_C5147,-0.0
_C5148,-1.0
_C5149,-1.0
_C5150,-0.0
_C5151,-0.0
_C5152,-0.0
_C5153,-0.0
_C5154,-0.0
_C5155,-0.0
_C5156,-0.0
_C5157,-0.0
_C5158,-0.0
_C5159,-0.0
_C5160,-0.0
_C5161,-0.0
_C5162,-1.0
_C5163,-1.0
_C5164,-0.0
_C5165,-0.0
_C5166,-0.0
_C5167,-0.0
_C5168,-0.0
_C5169,-0.0
_C5170,-0.0
_C5171,-0.0
_C5172,-0.0
_C5173,-0.0
_C5174,-0.0
_C5175,-0.0
_C5176,-1.0
_C5177,-1.0
_C5178,-0.0
_C5179,-0.0
_C5180,-0.0
_C5181,-0.0
_C5182,-0.0
_C5183,-0.0
_C5184,-0.0
_C5185,-0.0
_C5186,-0.0
_C5187,-0.0
_C5188,-0.0
_C5189,-0.0
_C5190,-1.0
_C5191,-1.0
_C5192,-0.0
_C5193,-0.0
_C5194,-0.0
_C5195,-0.0
_C5196,-0.0
_C5197,-0.0
_C5198,-0.0
_C5199,-0.0
_C5200,-0.0
_C5201,-0.0
_C5202,-0.0
_C5203,-0.0
_C5204,-1.0
_C5205,-1.0
_C5206,-0.0
_C5207,-0.0
_C5208,-0.0
_C5209,-0.0
_C5210,-0.0
_C5211,-0.0
_C5212,-0.0
_C5213,-0.0
_C5214,-0.0
_C5215,-0.0
_C5216,-0.0
_C5217,-0.0
_C5218,-1.0
_C5219,-1.0
_C5220,-0.0
_C5221,-0.0
_C5222,-0.0
_C5223,-0.0
_C5224,-0.0
_C5225,-0.0
_C5226,-0.0
_C5227,-0.0
_C5228,-0.0
_C5229,-0.0
_C5230,-0.0
_C5231,-0.0
_C5232,-1.0
_C5233,-1.0
_C5234,-0.0
_C5235,-0.0
_C5236,-0.0
_C5237,-0.0
_C5238,-0.0
_C5239,-0.0
_C5240,-0.0
_C5241,-0.0
_C5242,-0.0
_C5243,-0.0
_C5244,-0.0
_C5245,-0.0
_C5246,-1.0
_C5247,-1.0
_C5248,-0.0
_C5249,-0.0
_C5250,-0.0
_C5251,-0.0
_C5252,-0.0
_C5253,-0.0
_C5254,-0.0
_C5255,-0.0
_C5256,-0.0
_C5257,-0.0
_C5258,-0.0
_C5259,-0.0
_C5260,-1.0
_C5261,-1.0
_C5262,-0.0
_C5263,-0.0
_C5264,-0.0
_C5265,-0.0
_C5266,-0.0
_C5267,-0.0
_C5268,-0.0
_C5269,-0.0
_C5270,-0.0
_C5271,-0.0
_C5272,-0.0
_C5273,-0.0
_C5274,-1.0
_C5275,-1.0
_C5276,-0.0
_C5277,-0.0
_C5278,-0.0
_C5279,-0.0
_C5280,-0.0
_C5281,-0.0
_C5282,-0.0
_C5283,-0.0
_C5284,-0.0
_C5285,-0.0
_C5286,-0.0
_C5287,-0.0
_C5288,-1.0
_C5289,-1.0
_C5290,-0.0
_C5291,-0.0
_C5292,-0.0
_C5293,-0.0
_C5294,-0.0
_C5295,-0.0
_C5296,-0.0
_C5297,-0.0
_C5298,-0.0
_C5299,-0.0
_C5300,-0.0
_C5301,-0.0
_C5302,-1.0
_C5303,-1.0
_C5304,-0.0
_C5305,-0.0
_C5306,-0.0
_C5307,-0.0
_C5308,-0.0
_C5309,-0.0
_C5310,-0.0
_C5311,-0.0
_C5312,-0.0
_C5313,-0.0
_C5314,-0.0
_C5315,-0.0
_C5316,-1.0
_C5317,-1.0
_C5318,-0.0
_C5319,-0.0
_C5320,-0.0
_C5321,-0.0
_C5322,-0.0
_C5323,-0.0
_C5324,-0.0
_C5325,-0.0
_C5326,-0.0
_C5327,-0.0
_C5328,-0.0
_C5329,-0.0
_C5330,-1.0
_C5331,-1.0
_C5332,-0.0
_C5333,-0.0
_C5334,-0.0
_C5335,-0.0
_C5336,-0.0
_C5337,-0.0
_C5338,-0.0
_C5339,-0.0
_C5340,-0.0
_C5341,-0.0
_C5342,-0.0
_C5343,-0.0
_C5344,-1.0
_C5345,-1.0
_C5346,-0.0
_C5347,-0.0
_C5348,-0.0
_C5349,-0.0
_C5350,-0.0
_C5351,-0.0
_C5352,-0.0
_C5353,-0.0
_C5354,-0.0
_C5355,-0.0
_C5356,-0.0
_C5357,-0.0
_C5358,-1.0
_C5359,-1.0
_C5360,-0.0
_C5361,-0.0
_C5362,-0.0
_C5363,-0.0
_C5364,-0.0
_C5365,-0.0
_C5366,-0.0
_C5367,-0.0
_C5368,-0.0
_C5369,-0.0
_C5370,-0.0
_C5371,-0.0
_C5372,-1.0
_C5373,-1.0
_C5374,-0.0
_C5375,-0.0
_C5376,-0.0
_C5377,-0.0
_C5378,-0.0
_C5379,-0.0
_C5380,-0.0
_C5381,-0.0
_C5382,-0.0
_C5383,-0.0
_C5384,-0.0
_C5385,-0.0
_C5386,-1.0
_C5387,-1.0
_C5388,-0.0
_C5389,-0.0
_C5390,-0.0
_C5391,-0.0
_C5392,-0.0
_C5393,-0.0
_C5394,-0.0
_C5395,-0.0
_C5396,-0.0
_C5397,-0.0
_C5398,-0.0
_C5399,-0.0
_C5400,-1.0
_C5401,-1.0
_C5402,-0.0
_C5403,-0.0
_C5404,-0.0
_C5405,-0.0
_C5406,-0.0
_C5407,-0.0
_C5408,-0.0
_C5409,-0.0
_C5410,-0.0
_C5411,-0.0
_C5412,-0.0
_C5413,-0.0
_C5414,-1.0
_C5415,-1.0
_C5416,-0.0
_C5417,-0.0
_C5418,-0.0
_C5419,-0.0
_C5420,-0.0
_C5421,-0.0
_C5422,-0.0
_C5423,-0.0
_C5424,-0.0
_C5425,-0.0
_C5426,-0.0
_C5427,-0.0
_C5428,-1.0
_C5429,-1.0
_C5430,-0.0
_C5431,-0.0
_C5432,-0.0
_C5433,-0.0
_C5434,-0.0
_C5435,-0.0
_C5436,-0.0
_C5437,-0.0
_C5438,-0.0
_C5439,-0.0
_C5440,-0.0
_C5441,-0.0
_C5442,-1.0
_C5443,-1.0
_C5444,-0.0
_C5445,-0.0
_C5446,-0.0
_C5447,-0.0
_C5448,-0.0
_C5449,-0.0
_C5450,-0.0
_C5451,-0.0
_C5452,-0.0
_C5453,-0.0
_C5454,-0.0
_C5455,-0.0
_C5456,-1.0
_C5457,-1.0
_C5458,-0.0
_C5459,-0.0
_C5460,-0.0
_C5461,-0.0
_C5462,-0.0
_C5463,-0.0
_C5464,-0.0
_C5465,-0.0
_C5466,-0.0
_C5467,-0.0
_C5468,-0.0
_C5469,-0.0
_C5470,-1.0
_C5471,-1.0
_C5472,-0.0
_C5473,-0.0
_C5474,-0.0
_C5475,-0.0
_C5476,-0.0
_C5477,-0.0
_C5478,-0.0
_C5479,-0.0
_C5480,-0.0
_C5481,-0.0
_C5482,-0.0
_C5483,-0.0
_C5484,-1.0
_C5485,-1.0
_C5486,-0.0
_C5487,-0.0
_C5488,-0.0
_C5489,-0.0
_C5490,-0.0
_C5491,-0.0
_C5492,-0.0
_C5493,-0.0
_C5494,-0.0
_C5495,-0.0
_C5496,-0.0
_C5497,-0.0
_C5498,-1.0
_C5499,-1.0
_C5500,-0.0
_C5501,-0.0
_C5502,-0.0
_C5503,-0.0
_C5504,-0.0
_C5505,-0.0
_C5506,-0.0
_C5507,-0.0
_C5508,-0.0
_C5509,-0.0
_C5510,-0.0
_C5511,-0.0
_C5512,-1.0
_C5513,-1.0
_C5514,-0.0
_C5515,-0.0
_C5516,-0.0
_C5517,-0.0
_C5518,-0.0
_C5519,-0.0
_C5520,-0.0
_C5521,-0.0
_C5522,-0.0
_C5523,-0.0
_C5524,-0.0
_C5525,-0.0
_C5526,-1.0
_C5527,-1.0
_C5528,-0.0
_C5529,-0.0
_C5530,-0.0
_C5531,-0.0
_C5532,-0.0
_C5533,-0.0
_C5534,-0.0
_C5535,-0.0
_C5536,-0.0
_C5537,-0.0
_C5538,-0.0
_C5539,-0.0
_C5540,-1.0
_C5541,-1.0
_C5542,-0.0
_C5543,-0.0
_C5544,-0.0
_C5545,-0.0
_C5546,-0.0
_C5547,-0.0
_C5548,-0.0
_C5549,-0.0
_C5550,-0.0
_C5551,-0.0
_C5552,-0.0
_C5553,-0.0
_C5554,-1.0
_C5555,-1.0
_C5556,-0.0
_C5557,-0.0
_C5558,-0.0
_C5559,-0.0
_C5560,-0.0
_C5561,-0.0
_C5562,-0.0
_C5563,-0.0
_C5564,-0.0
_C5565,-0.0
_C5566,-0.0
_C5567,-0.0
_C5568,-1.0
_C5569,-1.0
_C5570,-0.0
_C5571,-0.0
_C5572,-0.0
_C5573,-0.0
_C5574,-0.0
_C5575,-0.0
_C5576,-0.0
_C5577,-0.0
_C5578,-0.0
_C5579,-0.0
_C5580,-0.0
_C5581,-0.0
_C5582,-1.0
_C5583,-1.0
_C5584,-0.0
_C5585,-0.0
_C5586,-0.0
_C5587,-0.0
_C5588,-0.0
_C5589,-0.0
_C5590,-0.0
_C5591,-0.0
_C5592,-0.0
_C5593,-0.0
_C5594,-0.0
_C5595,-0.0
_C5596,-1.0
_C5597,-1.0
_C5598,-0.0
_C5599,-0.0
_C5600,-0.0
_C5601,-0.0
_C5602,-0.0
_C5603,-0.0
_C5604,-0.0
_C5605,-0.0
_C5606,-0.0
_C5607,-0.0
_C5608,-0.0
_C5609,-0.0
_C5610,-1.0
_C5611,-1.0
_C5612,-0.0
_C5613,-0.0
_C5614,-0.0
_C5615,-0.0
_C5616,-0.0
_C5617,-0.0
_C5618,-0.0
_C5619,-0.0
_C5620,-0.0
_C5621,-0.0
_C5622,-0.0
_C5623,-0.0
_C5624,-1.0
_C5625,-1.0
_C5626,-0.0
_C5627,-0.0
_C5628,-0.0
_C5629,-0.0
_C5630,-0.0
_C5631,-0.0
_C5632,-0.0
_C5633,-0.0
_C5634,-0.0
_C5635,-0.0
_C5636,-0.0
_C5637,-0.0
_C5638,-1.0
_C5639,-1.0
_C5640,-0.0
_C5641,-0.0
_C5642,-0.0
_C5643,-0.0
_C5644,-0.0
_C5645,-0.0
_C5646,-0.0
_C5647,-0.0
_C5648,-0.0
_C5649,-0.0
_C5650,-0.0
_C5651,-0.0
_C5652,-1.0
_C5653,-1.0
_C5654,-0.0
_C5655,-0.0
_C5656,-0.0
_C5657,-0.0
_C5658,-0.0
_C5659,-0.0
_C5660,-0.0
_C5661,-0.0
_C5662,-0.0
_C5663,-0.0
_C5664,-0.0
_C5665,-0.0
_C5666,-1.0
_C5667,-1.0
_C5668,-0.0
_C5669,-0.0
_C5670,-0.0
_C5671,-0.0
_C5672,-0.0
_C5673,-0.0
_C5674,-0.0
_C5675,-0.0
_C5676,-0.0
_C5677,-0.0
_C5678,-0.0
_C5679,-0.0
_C5680,-1.0
_C5681,-1.0
_C5682,-0.0
_C5683,-0.0
_C5684,-0.0
_C5685,-0.0
_C5686,-0.0
_C5687,-0.0
_C5688,-0.0
_C5689,-0.0
_C5690,-0.0
_C5691,-0.0
_C5692,-0.0
_C5693,-0.0
_C5694,-1.0
_C5695,-1.0
_C5696,-0.0
_C5697,-0.0
_C5698,-0.0
_C5699,-0.0
_C5700,-0.0
_C5701,-0.0
_C5702,-0.0
_C5703,-0.0
_C5704,-0.0
_C5705,-0.0
_C5706,-0.0
_C5707,-0.0
_C5708,-1.0
_C5709,-1.0
_C5710,-0.0
_C5711,-0.0
_C5712,-0.0
_C5713,-0.0
_C5714,-0.0
_C5715,-0.0
_C5716,-0.0
_C5717,-0.0
_C5718,-0.0
_C5719,-0.0
_C5720,-0.0
_C5721,-0.0
_C5722,-1.0
_C5723,-1.0
_C5724,-0.0
_C5725,-0.0
_C5726,-0.0
_C5727,-0.0
_C5728,-0.0
_C5729,-0.0
_C5730,-0.0
_C5731,-0.0
_C5732,-0.0
_C5733,-0.0
_C5734,-0.0
_C5735,-0.0
_C5736,-1.0
_C5737,-1.0
_C5738,-0.0
_C5739,-0.0
_C5740,-0.0
_C5741,-0.0
_C5742,-0.0
_C5743,-0.0
_C5744,-0.0
_C5745,-0.0
_C5746,-0.0
_C5747,-0.0
_C5748,-0.0
_C5749,-0.0
_C5750,-1.0
_C5751,-1.0
_C5752,-0.0
_C5753,-0.0
_C5754,-0.0
_C5755,-0.0
_C5756,-0.0
_C5757,-0.0
_C5758,-0.0
_C5759,-0.0
_C5760,-0.0
_C5761,-0.0
_C5762,-0.0
_C5763,-0.0
_C5764,-1.0
_C5765,-1.0
_C5766,-0.0
_C5767,-0.0
_C5768,-0.0
_C5769,-0.0
_C5770,-0.0
_C5771,-0.0
_C5772,-0.0
_C5773,-0.0
_C5774,-0.0
_C5775,-0.0
_C5776,-0.0
_C5777,-0.0
_C5778,-1.0
_C5779,-1.0
_C5780,-0.0
_C5781,-0.0
_C5782,-0.0
_C5783,-0.0
_C5784,-0.0
_C5785,-0.0
_C5786,-0.0
_C5787,-0.0
_C5788,-0.0
_C5789,-0.0
_C5790,-0.0
_C5791,-0.0
_C5792,-1.0
_C5793,-1.0
_C5794,-0.0
_C5795,-0.0
_C5796,-0.0
_C5797,-0.0
_C5798,-0.0
_C5799,-0.0
_C5800,-0.0
_C5801,-0.0
_C5802,-0.0
_C5803,-0.0
_C5804,-0.0
_C5805,-0.0
_C5806,-1.0
_C5807,-1.0
_C5808,-0.0
_C5809,-0.0
_C5810,-0.0
_C5811,-0.0
_C5812,-0.0
_C5813,-0.0
_C5814,-0.0
_C5815,-0.0
_C5816,-0.0
_C5817,-0.0
_C5818,-0.0
_C5819,-0.0
_C5820,-1.0
_C5821,-1.0
_C5822,-0.0
_C5823,-0.0
_C5824,-0.0
_C5825,-0.0
_C5826,-0.0
_C5827,-0.0
_C5828,-0.0
_C5829,-0.0
_C5830,-0.0
_C5831,-0.0
_C5832,-0.0
_C5833,-0.0
_C5834,-1.0
_C5835,-1.0
_C5836,-0.0
_C5837,-0.0
_C5838,-0.0
_C5839,-0.0
_C5840,-0.0
_C5841,-0.0
_C5842,-0.0
_C5843,-0.0
_C5844,-0.0
_C5845,-0.0
_C5846,-0.0
_C5847,-0.0
_C5848,-1.0
_C5849,-1.0
_C5850,-0.0
_C5851,-0.0
_C5852,-0.0
_C5853,-0.0
_C5854,-0.0
_C5855,-0.0
_C5856,-0.0
_C5857,-0.0
_C5858,-0.0
_C5859,-0.0
_C5860,-0.0
_C5861,-0.0
_C5862,-1.0
_C5863,-1.0
_C5864,-0.0
_C5865,-0.0
_C5866,-0.0
_C5867,-0.0
_C5868,-0.0
_C5869,-0.0
_C5870,-0.0
_C5871,-0.0
_C5872,-0.0
_C5873,-0.0
_C5874,-0.0
_C5875,-0.0
_C5876,-1.0
_C5877,-1.0
_C5878,-0.0
_C5879,-0.0
_C5880,-0.0
_C5881,-0.0
_C5882,-0.0
_C5883,-0.0
_C5884,-0.0
_C5885,-0.0
_C5886,-0.0
_C5887,-0.0
_C5888,-0.0
_C5889,-0.0
_C5890,-1.0
_C5891,-1.0
_C5892,-0.0
_C5893,-0.0
_C5894,-0.0
_C5895,-0.0
_C5896,-0.0
_C5897,-0.0
_C5898,-0.0
_C5899,-0.0
_C5900,-0.0
_C5901,-0.0
_C5902,-0.0
_C5903,-0.0
_C5904,-1.0
_C5905,-1.0
_C5906,-0.0
_C5907,-0.0
_C5908,-0.0
_C5909,-0.0
_C5910,-0.0
_C5911,-0.0
_C5912,-0.0
_C5913,-0.0
_C5914,-0.0
_C5915,-0.0
_C5916,-0.0
_C5917,-0.0
_C5918,-1.0
_C5919,-1.0
_C5920,-0.0
_C5921,-0.0
_C5922,-0.0
_C5923,-0.0
_C5924,-0.0
_C5925,-0.0
_C5926,-0.0
_C5927,-0.0
_C5928,-0.0
_C5929,-0.0
_C5930,-0.0
_C5931,-0.0
_C5932,-1.0
_C5933,-1.0
_C5934,-0.0
_C5935,-0.0
_C5936,-0.0
_C5937,-0.0
_C5938,-0.0
_C5939,-0.0
_C5940,-0.0
_C5941,-0.0
_C5942,-0.0
_C5943,-0.0
_C5944,-0.0
_C5945,-0.0
_C5946,-1.0
_C5947,-1.0
_C5948,-0.0
_C5949,-0.0
_C5950,-0.0
_C5951,-0.0
_C5952,-0.0
_C5953,-0.0
_C5954,-0.0
_C5955,-0.0
_C5956,-0.0
_C5957,-0.0
_C5958,-0.0
_C5959,-0.0
_C5960,-1.0
_C5961,-1.0
_C5962,-0.0
_C5963,-0.0
_C5964,-0.0
_C5965,-0.0
_C5966,-0.0
_C5967,-0.0
_C5968,-0.0
_C5969,-0.0
_C5970,-0.0
_C5971,-0.0
_C5972,-0.0
_C5973,-0.0
_C5974,-1.0
_C5975,-1.0
_C5976,-0.0
_C5977,-0.0
_C5978,-0.0
_C5979,-0.0
_C5980,-0.0
_C5981,-0.0
_C5982,-0.0
_C5983,-0.0
_C5984,-0.0
_C5985,-0.0
_C5986,-0.0
_C5987,-0.0
_C5988,-1.0
_C5989,-1.0
_C5990,-0.0
_C5991,-0.0
_C5992,-0.0
_C5993,-0.0
_C5994,-0.0
_C5995,-0.0
_C5996,-0.0
_C5997,-0.0
_C5998,-0.0
_C5999,-0.0
_C6000,-0.0
_C6001,-0.0
_C6002,-1.0
_C6003,-1.0
_C6004,-0.0
_C6005,-0.0
_C6006,-0.0
_C6007,-0.0
_C6008,-0.0
_C6009,-0.0
_C6010,-0.0
_C6011,-0.0
_C6012,-0.0
_C6013,-0.0
_C6014,-0.0
_C6015,-0.0
_C6016,-1.0
_C6017,-1.0
_C6018,-0.0
_C6019,-0.0
_C6020,-0.0
_C6021,-0.0
_C6022,-0.0
_C6023,-0.0
_C6024,-0.0
_C6025,-0.0
_C6026,-0.0
_C6027,-0.0
_C6028,-0.0
_C6029,-0.0
_C6030,-1.0
_C6031,-1.0
_C6032,-0.0
_C6033,-0.0
_C6034,-0.0
_C6035,-0.0
_C6036,-0.0
_C6037,-0.0
_C6038,-0.0
_C6039,-0.0
_C6040,-0.0
_C6041,-0.0
_C6042,-0.0
_C6043,-0.0
_C6044,-1.0
_C6045,-1.0
_C6046,-0.0
_C6047,-0.0
_C6048,-0.0
_C6049,-0.0
_C6050,-0.0
_C6051,-0.0
_C6052,-0.0
_C6053,-0.0
_C6054,-0.0
_C6055,-0.0
_C6056,-0.0
_C6057,-0.0
_C6058,-1.0
_C6059,-1.0
_C6060,-0.0
_C6061,-0.0
_C6062,-0.0
_C6063,-0.0
_C6064,-0.0
_C6065,-0.0
_C6066,-0.0
_C6067,-0.0
_C6068,-0.0
_C6069,-0.0
_C6070,-0.0
_C6071,-0.0
_C6072,-1.0
_C6073,-1.0
_C6074,-0.0
_C6075,-0.0
_C6076,-0.0
_C6077,-0.0
_C6078,-0.0
_C6079,-0.0
_C6080,-0.0
_C6081,-0.0
_C6082,-0.0
_C6083,-0.0
_C6084,-0.0
_C6085,-0.0
_C6086,-1.0
_C6087,-1.0
_C6088,-0.0
_C6089,-0.0
_C6090,-0.0
_C6091,-0.0
_C6092,-0.0
_C6093,-0.0
_C6094,-0.0
_C6095,-0.0
_C6096,-0.0
_C6097,-0.0
_C6098,-0.0
_C6099,-0.0
_C6100,-1.0
_C6101,-1.0
_C6102,-0.0
_C6103,-0.0
_C6104,-0.0
_C6105,-0.0
_C6106,-0.0
_C6107,-0.0
_C6108,-0.0
_C6109,-0.0
_C6110,-0.0
_C6111,-0.0
_C6112,-0.0
_C6113,-0.0
_C6114,-1.0
_C6115,-1.0
_C6116,-0.0
_C6117,-0.0
_C6118,-0.0
_C6119,-0.0
_C6120,-0.0
_C6121,-0.0
_C6122,-0.0
_C6123,-0.0
_C6124,-0.0
_C6125,-0.0
_C6126,-0.0
_C6127,-0.0
_C6128,-1.0
_C6129,-1.0
_C6130,-0.0
_C6131,-0.0
_C6132,-0.0
_C6133,-0.0
_C6134,-0.0
_C6135,-0.0
_C6136,-0.0
_C6137,-0.0
_C6138,-0.0
_C6139,-0.0
_C6140,-0.0
_C6141,-0.0
_C6142,-1.0
_C6143,-1.0
_C6144,-0.0
_C6145,-0.0
_C6146,-0.0
_C6147,-0.0
_C6148,-0.0
_C6149,-0.0
_C6150,-0.0
_C6151,-0.0
_C6152,-0.0
_C6153,-0.0
_C6154,-0.0
_C6155,-0.0
_C6156,-1.0
_C6157,-1.0
_C6158,-0.0
_C6159,-0.0
_C6160,-0.0
_C6161,-0.0
_C6162,-0.0
_C6163,-0.0
_C6164,-0.0
_C6165,-0.0
_C6166,-0.0
_C6167,-0.0
_C6168,-0.0
_C6169,-0.0
_C6170,-1.0
_C6171,-1.0
_C6172,-0.0
_C6173,-0.0
_C6174,-0.0
_C6175,-0.0
_C6176,-0.0
_C6177,-0.0
_C6178,-0.0
_C6179,-0.0
_C6180,-0.0
_C6181,-0.0
_C6182,-0.0
_C6183,-0.0
_C6184,-1.0
_C6185,-1.0
_C6186,-0.0
_C6187,-0.0
_C6188,-0.0
_C6189,-0.0
_C6190,-0.0
_C6191,-0.0
_C6192,-0.0
_C6193,-0.0
_C6194,-0.0
_C6195,-0.0
_C6196,-0.0
_C6197,-0.0
_C6198,-1.0
_C6199,-1.0
_C6200,-0.0
_C6201,-0.0
_C6202,-0.0
_C6203,-0.0
_C6204,-0.0
_C6205,-0.0
_C6206,-0.0
_C6207,-0.0
_C6208,-0.0
_C6209,-0.0
_C6210,-0.0
_C6211,-0.0
_C6212,-1.0
_C6213,-1.0
_C6214,-0.0
_C6215,-0.0
_C6216,-0.0
_C6217,-0.0
_C6218,-0.0
_C6219,-0.0
_C6220,-0.0
_C6221,-0.0
_C6222,-0.0
_C6223,-0.0
_C6224,-0.0
_C6225,-0.0
_C6226,-1.0
_C6227,-1.0
_C6228,-0.0
_C6229,-0.0
_C6230,-0.0
_C6231,-0.0
_C6232,-0.0
_C6233,-0.0
_C6234,-0.0
_C6235,-0.0
_C6236,-0.0
_C6237,-0.0
_C6238,-0.0
_C6239,-0.0
_C6240,-1.0
_C6241,-1.0
_C6242,-0.0
_C6243,-0.0
_C6244,-0.0
_C6245,-0.0
_C6246,-0.0
_C6247,-0.0
_C6248,-0.0
_C6249,-0.0
_C6250,-0.0
_C6251,-0.0
_C6252,-0.0
_C6253,-0.0
_C6254,-1.0
_C6255,-1.0
_C6256,-0.0
_C6257,-0.0
_C6258,-0.0
_C6259,-0.0
_C6260,-0.0
_C6261,-0.0
_C6262,-0.0
_C6263,-0.0
_C6264,-0.0
_C6265,-0.0
_C6266,-0.0
_C6267,-0.0
_C6268,-1.0
_C6269,-1.0
_C6270,-0.0
_C6271,-0.0
_C6272,-0.0
_C6273,-0.0
_C6274,-0.0
_C6275,-0.0
_C6276,-0.0
_C6277,-0.0
_C6278,-0.0
_C6279,-0.0
_C6280,-0.0
_C6281,-0.0
_C6282,-1.0
_C6283,-1.0
_C6284,-0.0
_C6285,-0.0
_C6286,-0.0
_C6287,-0.0
_C6288,-0.0
_C6289,-0.0
_C6290,-0.0
_C6291,-0.0
_C6292,-0.0
_C6293,-0.0
_C6294,-0.0
_C6295,-0.0
_C6296,-1.0
_C6297,-1.0
_C6298,-0.0
_C6299,-0.0
_C6300,-0.0
_C6301,-0.0
_C6302,-0.0
_C6303,-0.0
_C6304,-0.0
_C6305,-0.0
_C6306,-0.0
_C6307,-0.0
_C6308,-0.0
_C6309,-0.0
_C6310,-1.0
_C6311,-1.0
_C6312,-0.0
_C6313,-0.0
_C6314,-0.0
_C6315,-0.0
_C6316,-0.0
_C6317,-0.0
_C6318,-0.0
_C6319,-0.0
_C6320,-0.0
_C6321,-0.0
_C6322,-0.0
_C6323,-0.0
_C6324,-1.0
_C6325,-1.0
_C6326,-0.0
_C6327,-0.0
_C6328,-0.0
_C6329,-0.0
_C6330,-0.0
_C6331,-0.0
_C6332,-0.0
_C6333,-0.0
_C6334,-0.0
_C6335,-0.0
_C6336,-0.0
_C6337,-0.0
_C6338,-1.0
_C6339,-1.0
_C6340,-0.0
_C6341,-0.0
_C6342,-0.0
_C6343,-0.0
_C6344,-0.0
_C6345,-0.0
_C6346,-0.0
_C6347,-0.0
_C6348,-0.0
_C6349,-0.0
_C6350,-0.0
_C6351,-0.0
_C6352,-1.0
_C6353,-1.0
_C6354,-0.0
_C6355,-0.0
_C6356,-0.0
_C6357,-0.0
_C6358,-0.0
_C6359,-0.0
_C6360,-0.0
_C6361,-0.0
_C6362,-0.0
_C6363,-0.0
_C6364,-0.0
_C6365,-0.0
_C6366,-1.0
_C6367,-1.0
_C6368,-0.0
_C6369,-0.0
_C6370,-0.0
_C6371,-0.0
_C6372,-0.0
_C6373,-0.0
_C6374,-0.0
_C6375,-0.0
_C6376,-0.0
_C6377,-0.0
_C6378,-0.0
_C6379,-0.0
_C6380,-1.0
_C6381,-1.0
_C6382,-0.0
_C6383,-0.0
_C6384,-0.0
_C6385,-0.0
_C6386,-0.0
_C6387,-0.0
_C6388,-0.0
_C6389,-0.0
_C6390,-0.0
_C6391,-0.0
_C6392,-0.0
_C6393,-0.0
_C6394,-1.0
_C6395,-1.0
_C6396,-0.0
_C6397,-0.0
_C6398,-0.0
_C6399,-0.0
_C6400,-0.0
_C6401,-0.0
_C6402,-0.0
_C6403,-0.0
_C6404,-0.0
_C6405,-0.0
_C6406,-0.0
_C6407,-0.0
_C6408,-1.0
_C6409,-1.0
_C6410,-0.0
_C6411,-0.0
_C6412,-0.0
_C6413,-0.0
_C6414,-0.0
_C6415,-0.0
_C6416,-0.0
_C6417,-0.0
_C6418,-0.0
_C6419,-0.0
_C6420,-0.0
_C6421,-0.0
_C6422,-1.0
_C6423,-1.0
_C6424,-0.0
_C6425,-0.0
_C6426,-0.0
_C6427,-0.0
_C6428,-0.0
_C6429,-0.0
_C6430,-0.0
_C6431,-0.0
_C6432,-0.0
_C6433,-0.0
_C6434,-0.0
_C6435,-0.0
_C6436,-1.0
_C6437,-1.0
_C6438,-0.0
_C6439,-0.0
_C6440,-0.0
_C6441,-0.0
_C6442,-0.0
_C6443,-0.0
_C6444,-0.0
_C6445,-0.0
_C6446,-0.0
_C6447,-0.0
_C6448,-0.0
_C6449,-0.0
_C6450,-1.0
_C6451,-1.0
_C6452,-0.0
_C6453,-0.0
_C6454,-0.0
_C6455,-0.0
_C6456,-0.0
_C6457,-0.0
_C6458,-0.0
_C6459,-0.0
_C6460,-0.0
_C6461,-0.0
_C6462,-0.0
_C6463,-0.0
_C6464,-1.0
_C6465,-1.0
_C6466,-0.0
_C6467,-0.0
_C6468,-0.0
_C6469,-0.0
_C6470,-0.0
_C6471,-0.0
_C6472,-0.0
_C6473,-0.0
_C6474,-0.0
_C6475,-0.0
_C6476,-0.0
_C6477,-0.0
_C6478,-1.0
_C6479,-1.0
_C6480,-0.0
_C6481,-0.0
_C6482,-0.0
_C6483,-0.0
_C6484,-0.0
_C6485,-0.0
_C6486,-0.0
_C6487,-0.0
_C6488,-0.0
_C6489,-0.0
_C6490,-0.0
_C6491,-0.0
_C6492,-1.0
_C6493,-1.0
_C6494,-0.0
_C6495,-0.0
_C6496,-0.0
_C6497,-0.0
_C6498,-0.0
_C6499,-0.0
_C6500,-0.0
_C6501,-0.0
_C6502,-0.0
_C6503,-0.0
_C6504,-0.0
_C6505,-0.0
_C6506,-1.0
_C6507,-1.0
_C6508,-0.0
_C6509,-0.0
_C6510,-0.0
_C6511,-0.0
_C6512,-0.0
_C6513,-0.0
_C6514,-0.0
_C6515,-0.0
_C6516,-0.0
_C6517,-0.0
_C6518,-0.0
_C6519,-0.0
_C6520,-1.0
_C6521,-1.0
_C6522,-0.0
_C6523,-0.0
_C6524,-0.0
_C6525,-0.0
_C6526,-0.0
_C6527,-0.0
_C6528,-0.0
_C6529,-0.0
_C6530,-0.0
_C6531,-0.0
_C6532,-0.0
_C6533,-0.0
_C6534,-1.0
_C6535,-1.0
_C6536,-0.0
_C6537,-0.0
_C6538,-0.0
_C6539,-0.0
_C6540,-0.0
_C6541,-0.0
_C6542,-0.0
_C6543,-0.0
_C6544,-0.0
_C6545,-0.0
_C6546,-0.0
_C6547,-0.0
_C6548,-1.0
_C6549,-1.0
_C6550,-0.0
_C6551,-0.0
_C6552,-0.0
_C6553,-0.0
_C6554,-0.0
_C6555,-0.0
_C6556,-0.0
_C6557,-0.0
_C6558,-0.0
_C6559,-0.0
_C6560,-0.0
_C6561,-0.0
_C6562,-1.0
_C6563,-1.0
_C6564,-0.0
_C6565,-0.0
_C6566,-0.0
_C6567,-0.0
_C6568,-0.0
_C6569,-0.0
_C6570,-0.0
_C6571,-0.0
_C6572,-0.0
_C6573,-0.0
_C6574,-0.0
_C6575,-0.0
_C6576,-1.0
_C6577,-1.0
_C6578,-0.0
_C6579,-0.0
_C6580,-0.0
_C6581,-0.0
_C6582,-0.0
_C6583,-0.0
_C6584,-0.0
_C6585,-0.0
_C6586,-0.0
_C6587,-0.0
_C6588,-0.0
_C6589,-0.0
_C6590,-1.0
_C6591,-1.0
_C6592,-0.0
_C6593,-0.0
_C6594,-0.0
_C6595,-0.0
_C6596,-0.0
_C6597,-0.0
_C6598,-0.0
_C6599,-0.0
_C6600,-0.0
_C6601,-0.0
_C6602,-0.0
_C6603,-0.0
_C6604,-1.0
_C6605,-1.0
_C6606,-0.0
_C6607,-0.0
_C6608,-0.0
_C6609,-0.0
_C6610,-0.0
_C6611,-0.0
_C6612,-0.0
_C6613,-0.0
_C6614,-0.0
_C6615,-0.0
_C6616,-0.0
_C6617,-0.0
_C6618,-1.0
_C6619,-1.0
_C6620,-0.0
_C6621,-0.0
_C6622,-0.0
_C6623,-0.0
_C6624,-0.0
_C6625,-0.0
_C6626,-0.0
_C6627,-0.0
_C6628,-0.0
_C6629,-0.0
_C6630,-0.0
_C6631,-0.0
_C6632,-1.0
_C6633,-1.0
_C6634,-0.0
_C6635,-0.0
_C6636,-0.0
_C6637,-0.0
_C6638,-0.0
_C6639,-0.0
_C6640,-0.0
_C6641,-0.0
_C6642,-0.0
_C6643,-0.0
_C6644,-0.0
_C6645,-0.0
_C6646,-1.0
_C6647,-1.0
_C6648,-0.0
_C6649,-0.0
_C6650,-0.0
_C6651,-0.0
_C6652,-0.0
_C6653,-0.0
_C6654,-0.0
_C6655,-0.0
_C6656,-0.0
_C6657,-0.0
_C6658,-0.0
_C6659,-0.0
_C6660,-1.0
_C6661,-1.0
_C6662,-0.0
_C6663,-0.0
_C6664,-0.0
_C6665,-0.0
_C6666,-0.0
_C6667,-0.0
_C6668,-0.0
_C6669,-0.0
_C6670,-0.0
_C6671,-0.0
_C6672,-0.0
_C6673,-0.0
_C6674,-1.0
_C6675,-1.0
_C6676,-0.0
_C6677,-0.0
_C6678,-0.0
_C6679,-0.0
_C6680,-0.0
_C6681,-0.0
_C6682,-0.0
_C6683,-0.0
_C6684,-0.0
_C6685,-0.0
_C6686,-0.0
_C6687,-0.0
_C6688,-1.0
_C6689,-1.0
_C6690,-0.0
_C6691,-0.0
_C6692,-0.0
_C6693,-0.0
_C6694,-0.0
_C6695,-0.0
_C6696,-0.0
_C6697,-0.0
_C6698,-0.0
_C6699,-0.0
_C6700,-0.0
_C6701,-0.0
_C6702,-1.0
_C6703,-1.0
_C6704,-0.0
_C6705,-0.0
_C6706,-0.0
_C6707,-0.0
_C6708,-0.0
_C6709,-0.0
_C6710,-0.0
_C6711,-0.0
_C6712,-0.0
_C6713,-0.0
_C6714,-0.0
_C6715,-0.0
_C6716,-1.0
_C6717,-1.0
_C6718,-0.0
_C6719,-0.0
_C6720,-0.0
_C6721,-0.0
_C6722,-0.0
_C6723,-0.0
_C6724,-0.0
_C6725,-0.0
_C6726,-0.0
_C6727,-0.0
_C6728,-0.0
_C6729,-0.0
_C6730,-1.0
_C6731,-1.0
_C6732,-0.0
_C6733,-0.0
_C6734,-0.0
_C6735,-0.0
_C6736,-0.0
_C6737,-0.0
_C6738,-0.0
_C6739,-0.0
_C6740,-0.0
_C6741,-0.0
_C6742,-0.0
_C6743,-0.0
_C6744,-1.0
_C6745,-1.0
_C6746,-0.0
_C6747,-0.0
_C6748,-0.0
_C6749,-0.0
_C6750,-0.0
_C6751,-0.0
_C6752,-0.0
_C6753,-0.0
_C6754,-0.0
_C6755,-0.0
_C6756,-0.0
_C6757,-0.0
_C6758,-1.0
_C6759,-1.0
_C6760,-0.0
_C6761,-0.0
_C6762,-0.0
_C6763,-0.0
_C6764,-0.0
_C6765,-0.0
_C6766,-0.0
_C6767,-0.0
_C6768,-0.0
_C6769,-0.0
_C6770,-0.0
_C6771,-0.0
_C6772,-1.0
_C6773,-1.0
_C6774,-0.0
_C6775,-0.0
_C6776,-0.0
_C6777,-0.0
_C6778,-0.0
_C6779,-0.0
_C6780,-0.0
_C6781,-0.0
_C6782,-0.0
_C6783,-0.0
_C6784,-0.0
_C6785,-0.0
_C6786,-1.0
_C6787,-1.0
_C6788,-0.0
_C6789,-0.0
_C6790,-0.0
_C6791,-0.0
_C6792,-0.0
_C6793,-0.0
_C6794,-0.0
_C6795,-0.0
_C6796,-0.0
_C6797,-0.0
_C6798,-0.0
_C6799,-0.0
_C6800,-1.0
_C6801,-1.0
_C6802,-0.0
_C6803,-0.0
_C6804,-0.0
_C6805,-0.0
_C6806,-0.0
_C6807,-0.0
_C6808,-0.0
_C6809,-0.0
_C6810,-0.0
_C6811,-0.0
_C6812,-0.0
_C6813,-0.0
_C6814,-1.0
_C6815,-1.0
_C6816,-0.0
_C6817,-0.0
_C6818,-0.0
_C6819,-0.0
_C6820,-0.0
_C6821,-0.0
_C6822,-0.0
_C6823,-0.0
_C6824,-0.0
_C6825,-0.0
_C6826,-0.0
_C6827,-0.0
_C6828,-1.0
_C6829,-1.0
_C6830,-0.0
_C6831,-0.0
_C6832,-0.0
_C6833,-0.0
_C6834,-0.0
_C6835,-0.0
_C6836,-0.0
_C6837,-0.0
_C6838,-0.0
_C6839,-0.0
_C6840,-0.0
_C6841,-0.0
_C6842,-1.0
_C6843,-1.0
_C6844,-0.0
_C6845,-0.0
_C6846,-0.0
_C6847,-0.0
_C6848,-0.0
_C6849,-0.0
_C6850,-0.0
_C6851,-0.0
_C6852,-0.0
_C6853,-0.0
_C6854,-0.0
_C6855,-0.0
_C6856,-1.0
_C6857,-1.0
_C6858,-0.0
_C6859,-0.0
_C6860,-0.0
_C6861,-0.0
_C6862,-0.0
_C6863,-0.0
_C6864,-0.0
_C6865,-0.0
_C6866,-0.0
_C6867,-0.0
_C6868,-0.0
_C6869,-0.0
_C6870,-1.0
_C6871,-1.0
_C6872,-0.0
_C6873,-0.0
_C6874,-0.0
_C6875,-0.0
_C6876,-0.0
_C6877,-0.0
_C6878,-0.0
_C6879,-0.0
_C6880,-0.0
_C6881,-0.0
_C6882,-0.0
_C6883,-0.0
_C6884,-1.0
_C6885,-1.0
_C6886,-0.0
_C6887,-0.0
_C6888,-0.0
_C6889,-0.0
_C6890,-0.0
_C6891,-0.0
_C6892,-0.0
_C6893,-0.0
_C6894,-0.0
_C6895,-0.0
_C6896,-0.0
_C6897,-0.0
_C6898,-1.0
_C6899,-1.0
_C6900,-0.0
_C6901,-0.0
_C6902,-0.0
_C6903,-0.0
_C6904,-0.0
_C6905,-0.0
_C6906,-0.0
_C6907,-0.0
_C6908,-0.0
_C6909,-0.0
_C6910,-0.0
_C6911,-0.0
_C6912,-1.0
_C6913,-1.0
_C6914,-0.0
_C6915,-0.0
_C6916,-0.0
_C6917,-0.0
_C6918,-0.0
_C6919,-0.0
_C6920,-0.0
_C6921,-0.0
_C6922,-0.0
_C6923,-0.0
_C6924,-0.0
_C6925,-0.0
_C6926,-1.0
_C6927,-1.0
_C6928,-0.0
_C6929,-0.0
_C6930,-0.0
_C6931,-0.0
_C6932,-0.0
_C6933,-0.0
_C6934,-0.0
_C6935,-0.0
_C6936,-0.0
_C6937,-0.0
_C6938,-0.0
_C6939,-0.0
_C6940,-1.0
_C6941,-1.0
_C6942,-0.0
_C6943,-0.0
_C6944,-0.0
_C6945,-0.0
_C6946,-0.0
_C6947,-0.0
_C6948,-0.0
_C6949,-0.0
_C6950,-0.0
_C6951,-0.0
_C6952,-0.0
_C6953,-0.0
_C6954,-1.0
_C6955,-1.0
_C6956,-0.0
_C6957,-0.0
_C6958,-0.0
_C6959,-0.0
_C6960,-0.0
_C6961,-0.0
_C6962,-0.0
_C6963,-0.0
_C6964,-0.0
_C6965,-0.0
_C6966,-0.0
_C6967,-0.0
_C6968,-1.0
_C6969,-1.0
_C6970,-0.0
_C6971,-0.0
_C6972,-0.0
_C6973,-0.0
_C6974,-0.0
_C6975,-0.0
_C6976,-0.0
_C6977,-0.0
_C6978,-0.0
_C6979,-0.0
_C6980,-0.0
_C6981,-0.0
_C6982,-1.0
_C6983,-1.0
_C6984,-0.0
_C6985,-0.0
_C6986,-0.0
_C6987,-0.0
_C6988,-0.0
_C6989,-0.0
_C6990,-0.0
_C6991,-0.0
_C6992,-0.0
_C6993,-0.0
_C6994,-0.0
_C6995,-0.0
_C6996,-1.0
_C6997,-1.0
_C6998,-0.0
_C6999,-0.0
_C7000,-0.0
_C7001,-0.0
_C7002,-0.0
_C7003,-0.0
_C7004,-0.0
_C7005,-0.0
_C7006,-0.0
_C7007,-0.0
_C7008,-0.0
_C7009,-0.0
_C7010,-1.0
_C7011,-1.0
_C7012,-0.0
_C7013,-0.0
_C7014,-0.0
_C7015,-0.0
_C7016,-0.0
_C7017,-0.0
_C7018,-0.0
_C7019,-0.0
_C7020,-0.0
_C7021,-0.0
_C7022,-0.0
_C7023,-0.0
_C7024,-1.0
_C7025,-1.0
_C7026,-0.0
_C7027,-0.0
_C7028,-0.0
_C7029,-0.0
_C7030,-0.0
_C7031,-0.0
_C7032,-0.0
_C7033,-0.0
_C7034,-0.0
_C7035,-0.0
_C7036,-0.0
_C7037,-0.0
_C7038,-1.0
_C7039,-1.0
_C7040,-0.0
_C7041,-0.0
_C7042,-0.0
_C7043,-0.0
_C7044,-0.0
_C7045,-0.0
_C7046,-0.0
_C7047,-0.0
_C7048,-0.0
_C7049,-0.0
_C7050,-0.0
_C7051,-0.0
_C7052,-1.0
_C7053,-1.0
_C7054,-0.0
_C7055,-0.0
_C7056,-0.0
_C7057,-0.0
_C7058,-0.0
_C7059,-0.0
_C7060,-0.0
_C7061,-0.0
_C7062,-0.0
_C7063,-0.0
_C7064,-0.0
_C7065,-0.0
_C7066,-1.0
_C7067,-1.0
_C7068,-0.0
_C7069,-0.0
_C7070,-0.0
_C7071,-0.0
_C7072,-0.0
_C7073,-0.0
_C7074,-0.0
_C7075,-0.0
_C7076,-0.0
_C7077,-0.0
_C7078,-0.0
_C7079,-0.0
_C7080,-1.0
_C7081,-1.0
_C7082,-0.0
_C7083,-0.0
_C7084,-0.0
_C7085,-0.0
_C7086,-0.0
_C7087,-0.0
_C7088,-0.0
_C7089,-0.0
_C7090,-0.0
_C7091,-0.0
_C7092,-0.0
_C7093,-0.0
_C7094,-1.0
_C7095,-1.0
_C7096,-0.0
_C7097,-0.0
_C7098,-0.0
_C7099,-0.0
_C7100,-0.0
_C7101,-0.0
_C7102,-0.0
_C7103,-0.0
_C7104,-0.0
_C7105,-0.0
_C7106,-0.0
_C7107,-0.0
_C7108,-1.0
_C7109,-1.0
_C7110,-0.0
_C7111,-0.0
_C7112,-0.0
_C7113,-0.0
_C7114,-0.0
_C7115,-0.0
_C7116,-0.0
_C7117,-0.0
_C7118,-0.0
_C7119,-0.0
_C7120,-0.0
_C7121,-0.0
_C7122,-1.0
_C7123,-1.0
_C7124,-0.0
_C7125,-0.0
_C7126,-0.0
_C7127,-0.0
_C7128,-0.0
_C7129,-0.0
_C7130,-0.0
_C7131,-0.0
_C7132,-0.0
_C7133,-0.0
_C7134,-0.0
_C7135,-0.0
_C7136,-1.0
_C7137,-1.0
_C7138,-0.0
_C7139,-0.0
_C7140,-0.0
_C7141,-0.0
_C7142,-0.0
_C7143,-0.0
_C7144,-0.0
_C7145,-0.0
_C7146,-0.0
_C7147,-0.0
_C7148,-0.0
_C7149,-0.0
_C7150,-1.0
_C7151,-1.0
_C7152,-0.0
_C7153,-0.0
_C7154,-0.0
_C7155,-0.0
_C7156,-0.0
_C7157,-0.0
_C7158,-0.0
_C7159,-0.0
_C7160,-0.0
_C7161,-0.0
_C7162,-0.0
_C7163,-0.0
_C7164,-1.0
_C7165,-1.0
_C7166,-0.0
_C7167,-0.0
_C7168,-0.0
_C7169,-0.0
_C7170,-0.0
_C7171,-0.0
_C7172,-0.0
_C7173,-0.0
_C7174,-0.0
_C7175,-0.0
_C7176,-0.0
_C7177,-0.0
_C7178,-1.0
_C7179,-1.0
_C7180,-0.0
_C7181,-0.0
_C7182,-0.0
_C7183,-0.0
_C7184,-0.0
_C7185,-0.0
_C7186,-0.0
_C7187,-0.0
_C7188,-0.0
_C7189,-0.0
_C7190,-0.0
_C7191,-0.0
_C7192,-1.0
_C7193,-1.0
_C7194,-0.0
_C7195,-0.0
_C7196,-0.0
_C7197,-0.0
_C7198,-0.0
_C7199,-0.0
_C7200,-0.0
_C7201,-0.0
_C7202,-0.0
_C7203,-0.0
_C7204,-0.0
_C7205,-0.0
_C7206,-1.0
_C7207,-1.0
_C7208,-0.0
_C7209,-0.0
_C7210,-0.0
_C7211,-0.0
_C7212,-0.0
_C7213,-0.0
_C7214,-0.0
_C7215,-0.0
_C7216,-0.0
_C7217,-0.0
_C7218,-0.0
_C7219,-0.0
_C7220,-1.0
_C7221,-1.0
_C7222,-0.0
_C7223,-0.0
_C7224,-0.0
_C7225,-0.0
_C7226,-0.0
_C7227,-0.0
_C7228,-0.0
_C7229,-0.0
_C7230,-0.0
_C7231,-0.0
_C7232,-0.0
_C7233,-0.0
_C7234,-1.0
_C7235,-1.0
_C7236,-0.0
_C7237,-0.0
_C7238,-0.0
_C7239,-0.0
_C7240,-0.0
_C7241,-0.0
_C7242,-0.0
_C7243,-0.0
_C7244,-0.0
_C7245,-0.0
_C7246,-0.0
_C7247,-0.0
_C7248,-1.0
_C7249,-1.0
_C7250,-0.0
_C7251,-0.0
_C7252,-0.0
_C7253,-0.0
_C7254,-0.0
_C7255,-0.0
_C7256,-0.0
_C7257,-0.0
_C7258,-0.0
_C7259,-0.0
_C7260,-0.0
_C7261,-0.0
_C7262,-1.0
_C7263,-1.0
_C7264,-0.0
_C7265,-0.0
_C7266,-0.0
_C7267,-0.0
_C7268,-0.0
_C7269,-0.0
_C7270,-0.0
_C7271,-0.0
_C7272,-0.0
_C7273,-0.0
_C7274,-0.0
_C7275,-0.0
_C7276,-1.0
_C7277,-1.0
_C7278,-0.0
_C7279,-0.0
_C7280,-0.0
_C7281,-0.0
_C7282,-0.0
_C7283,-0.0
_C7284,-0.0
_C7285,-0.0
_C7286,-0.0
_C7287,-0.0
_C7288,-0.0
_C7289,-0.0
_C7290,-1.0
_C7291,-1.0
_C7292,-0.0
_C7293,-0.0
_C7294,-0.0
_C7295,-0.0
_C7296,-0.0
_C7297,-0.0
_C7298,-0.0
_C7299,-0.0
_C7300,-0.0
_C7301,-0.0
_C7302,-0.0
_C7303,-0.0
_C7304,-1.0
_C7305,-1.0
_C7306,-0.0
_C7307,-0.0
_C7308,-0.0
_C7309,-0.0
_C7310,-0.0
_C7311,-0.0
_C7312,-0.0
_C7313,-0.0
_C7314,-0.0
_C7315,-0.0
_C7316,-0.0
_C7317,-0.0
_C7318,-1.0
_C7319,-1.0
_C7320,-0.0
_C7321,-0.0
_C7322,-0.0
_C7323,-0.0
_C7324,-0.0
_C7325,-0.0
_C7326,-0.0
_C7327,-0.0
_C7328,-0.0
_C7329,-0.0
_C7330,-0.0
_C7331,-0.0
_C7332,-1.0
_C7333,-1.0
_C7334,-0.0
_C7335,-0.0
_C7336,-0.0
_C7337,-0.0
_C7338,-0.0
_C7339,-0.0
_C7340,-0.0
_C7341,-0.0
_C7342,-0.0
_C7343,-0.0
_C7344,-0.0
_C7345,-0.0
_C7346,-1.0
_C7347,-1.0
_C7348,-0.0
_C7349,-0.0
_C7350,-0.0
_C7351,-0.0
_C7352,-0.0
_C7353,-0.0
_C7354,-0.0
_C7355,-0.0
_C7356,-0.0
_C7357,-0.0
_C7358,-0.0
_C7359,-0.0
_C7360,-1.0
_C7361,-1.0
_C7362,-0.0
_C7363,-0.0
_C7364,-0.0
_C7365,-0.0
_C7366,-0.0
_C7367,-0.0
_C7368,-0.0
_C7369,-0.0
_C7370,-0.0
_C7371,-0.0
_C7372,-0.0
_C7373,-0.0
_C7374,-1.0
_C7375,-1.0
_C7376,-0.0
_C7377,-0.0
_C7378,-0.0
_C7379,-0.0
_C7380,-0.0
_C7381,-0.0
_C7382,-0.0
_C7383,-0.0
_C7384,-0.0
_C7385,-0.0
_C7386,-0.0
_C7387,-0.0
_C7388,-1.0
_C7389,-1.0
_C7390,-0.0
_C7391,-0.0
_C7392,-0.0
_C7393,-0.0
_C7394,-0.0
_C7395,-0.0
_C7396,-0.0
_C7397,-0.0
_C7398,-0.0
_C7399,-0.0
_C7400,-0.0
_C7401,-0.0
_C7402,-1.0
_C7403,-1.0
_C7404,-0.0
_C7405,-0.0
_C7406,-0.0
_C7407,-0.0
_C7408,-0.0
_C7409,-0.0
_C7410,-0.0
_C7411,-0.0
_C7412,-0.0
_C7413,-0.0
_C7414,-0.0
_C7415,-0.0
_C7416,-1.0
_C7417,-1.0
_C7418,-0.0
_C7419,-0.0
_C7420,-0.0
_C7421,-0.0
_C7422,-0.0
_C7423,-0.0
_C7424,-0.0
_C7425,-0.0
_C7426,-0.0
_C7427,-0.0
_C7428,-0.0
_C7429,-0.0
_C7430,-1.0
_C7431,-1.0
_C7432,-0.0
_C7433,-0.0
_C7434,-0.0
_C7435,-0.0
_C7436,-0.0
_C7437,-0.0
_C7438,-0.0
_C7439,-0.0
_C7440,-0.0
_C7441,-0.0
_C7442,-0.0
_C7443,-0.0
_C7444,-1.0
_C7445,-1.0
_C7446,-0.0
_C7447,-0.0
_C7448,-0.0
_C7449,-0.0
_C7450,-0.0
_C7451,-0.0
_C7452,-0.0
_C7453,-0.0
_C7454,-0.0
_C7455,-0.0
_C7456,-0.0
_C7457,-0.0
_C7458,-1.0
_C7459,-1.0
_C7460,-0.0
_C7461,-0.0
_C7462,-0.0
_C7463,-0.0
_C7464,-0.0
_C7465,-0.0
_C7466,-0.0
_C7467,-0.0
_C7468,-0.0
_C7469,-0.0
_C7470,-0.0
_C7471,-0.0
_C7472,-1.0
_C7473,-1.0
_C7474,-0.0
_C7475,-0.0
_C7476,-0.0
_C7477,-0.0
_C7478,-0.0
_C7479,-0.0
_C7480,-0.0
_C7481,-0.0
_C7482,-0.0
_C7483,-0.0
_C7484,-0.0
_C7485,-0.0
_C7486,-1.0
_C7487,-1.0
_C7488,-0.0
_C7489,-0.0
_C7490,-0.0
_C7491,-0.0
_C7492,-0.0
_C7493,-0.0
_C7494,-0.0
_C7495,-0.0
_C7496,-0.0
_C7497,-0.0
_C7498,-0.0
_C7499,-0.0
_C7500,-1.0
_C7501,-1.0
_C7502,-0.0
_C7503,-0.0
_C7504,-0.0
_C7505,-0.0
_C7506,-0.0
_C7507,-0.0
_C7508,-0.0
_C7509,-0.0
_C7510,-0.0
_C7511,-0.0
_C7512,-0.0
_C7513,-0.0
_C7514,-1.0
_C7515,-1.0
_C7516,-0.0
_C7517,-0.0
_C7518,-0.0
_C7519,-0.0
_C7520,-0.0
_C7521,-0.0
_C7522,-0.0
_C7523,-0.0
_C7524,-0.0
_C7525,-0.0
_C7526,-0.0
_C7527,-0.0
_C7528,-1.0
_C7529,-1.0
_C7530,-0.0
_C7531,-0.0
_C7532,-0.0
_C7533,-0.0
_C7534,-0.0
_C7535,-0.0
_C7536,-0.0
_C7537,-0.0
_C7538,-0.0
_C7539,-0.0
_C7540,-0.0
_C7541,-0.0
_C7542,-1.0
_C7543,-1.0
_C7544,-0.0
_C7545,-0.0
_C7546,-0.0
_C7547,-0.0
_C7548,-0.0
_C7549,-0.0
_C7550,-0.0
_C7551,-0.0
_C7552,-0.0
_C7553,-0.0
_C7554,-0.0
_C7555,-0.0
_C7556,-1.0
_C7557,-1.0
_C7558,-0.0
_C7559,-0.0
_C7560,-0.0
_C7561,-0.0
_C7562,-0.0
_C7563,-0.0
_C7564,-0.0
_C7565,-0.0
_C7566,-0.0
_C7567,-0.0
_C7568,-0.0
_C7569,-0.0
_C7570,-1.0
_C7571,-1.0
_C7572,-0.0
_C7573,-0.0
_C7574,-0.0
_C7575,-0.0
_C7576,-0.0
_C7577,-0.0
_C7578,-0.0
_C7579,-0.0
_C7580,-0.0
_C7581,-0.0
_C7582,-0.0
_C7583,-0.0
_C7584,-1.0
_C7585,-1.0
_C7586,-0.0
_C7587,-0.0
_C7588,-0.0
_C7589,-0.0
_C7590,-0.0
_C7591,-0.0
_C7592,-0.0
_C7593,-0.0
_C7594,-0.0
_C7595,-0.0
_C7596,-0.0
_C7597,-0.0
_C7598,-1.0
_C7599,-1.0
_C7600,-0.0
_C7601,-0.0
_C7602,-0.0
_C7603,-0.0
_C7604,-0.0
_C7605,-0.0
_C7606,-0.0
_C7607,-0.0
_C7608,-0.0
_C7609,-0.0
_C7610,-0.0
_C7611,-0.0
_C7612,-1.0
_C7613,-1.0
_C7614,-0.0
_C7615,-0.0
_C7616,-0.0
_C7617,-0.0
_C7618,-0.0
_C7619,-0.0
_C7620,-0.0
_C7621,-0.0
_C7622,-0.0
_C7623,-0.0
_C7624,-0.0
_C7625,-0.0
_C7626,-1.0
_C7627,-1.0
_C7628,-0.0
_C7629,-0.0
_C7630,-0.0
_C7631,-0.0
_C7632,-0.0
_C7633,-0.0
_C7634,-0.0
_C7635,-0.0
_C7636,-0.0
_C7637,-0.0
_C7638,-0.0
_C7639,-0.0
_C7640,-1.0
_C7641,-1.0
_C7642,-0.0
_C7643,-0.0
_C7644,-0.0
_C7645,-0.0
_C7646,-0.0
_C7647,-0.0
_C7648,-0.0
_C7649,-0.0
_C7650,-0.0
_C7651,-0.0
_C7652,-0.0
_C7653,-0.0
_C7654,-1.0
_C7655,-1.0
_C7656,-0.0
_C7657,-0.0
_C7658,-0.0
_C7659,-0.0
_C7660,-0.0
_C7661,-0.0
_C7662,-0.0
_C7663,-0.0
_C7664,-0.0
_C7665,-0.0
_C7666,-0.0
_C7667,-0.0
_C7668,-1.0
_C7669,-1.0
_C7670,-0.0
_C7671,-0.0
_C7672,-0.0
_C7673,-0.0
_C7674,-0.0
_C7675,-0.0
_C7676,-0.0
_C7677,-0.0
_C7678,-0.0
_C7679,-0.0
_C7680,-0.0
_C7681,-0.0
_C7682,-1.0
_C7683,-1.0
_C7684,-0.0
_C7685,-0.0
_C7686,-0.0
_C7687,-0.0
_C7688,-0.0
_C7689,-0.0
_C7690,-0.0
_C7691,-0.0
_C7692,-0.0
_C7693,-0.0
_C7694,-0.0
_C7695,-0.0
_C7696,-1.0
_C7697,-1.0
_C7698,-0.0
_C7699,-0.0
_C7700,-0.0
_C7701,-0.0
_C7702,-0.0
_C7703,-0.0
_C7704,-0.0
_C7705,-0.0
_C7706,-0.0
_C7707,-0.0
_C7708,-0.0
_C7709,-0.0
_C7710,-1.0
_C7711,-1.0
_C7712,-0.0
_C7713,-0.0
_C7714,-0.0
_C7715,-0.0
_C7716,-0.0
_C7717,-0.0
_C7718,-0.0
_C7719,-0.0
_C7720,-0.0
_C7721,-0.0
_C7722,-0.0
_C7723,-0.0
_C7724,-1.0
_C7725,-1.0
_C7726,-0.0
_C7727,-0.0
_C7728,-0.0
_C7729,-0.0
_C7730,-0.0
_C7731,-0.0
_C7732,-0.0
_C7733,-0.0
_C7734,-0.0
_C7735,-0.0
_C7736,-0.0
_C7737,-0.0
_C7738,-1.0
_C7739,-1.0
_C7740,-0.0
_C7741,-0.0
_C7742,-0.0
_C7743,-0.0
_C7744,-0.0
_C7745,-0.0
_C7746,-0.0
_C7747,-0.0
_C7748,-0.0
_C7749,-0.0
_C7750,-0.0
_C7751,-0.0
_C7752,-1.0
_C7753,-1.0
_C7754,-0.0
_C7755,-0.0
_C7756,-0.0
_C7757,-0.0
_C7758,-0.0
_C7759,-0.0
_C7760,-0.0
_C7761,-0.0
_C7762,-0.0
_C7763,-0.0
_C7764,-0.0
_C7765,-0.0
_C7766,-1.0
_C7767,-1.0
_C7768,-0.0
_C7769,-0.0
_C7770,-0.0
_C7771,-0.0
_C7772,-0.0
_C7773,-0.0
_C7774,-0.0
_C7775,-0.0
_C7776,-0.0
_C7777,-0.0
_C7778,-0.0
_C7779,-0.0
_C7780,-1.0
_C7781,-1.0
_C7782,-0.0
_C7783,-0.0
_C7784,-0.0
_C7785,-0.0
_C7786,-0.0
_C7787,-0.0
_C7788,-0.0
_C7789,-0.0
_C7790,-0.0
_C7791,-0.0
_C7792,-0.0
_C7793,-0.0
_C7794,-1.0
_C7795,-1.0
_C7796,-0.0
_C7797,-0.0
_C7798,-0.0
_C7799,-0.0
_C7800,-0.0
_C7801,-0.0
_C7802,-0.0
_C7803,-0.0
_C7804,-0.0
_C7805,-0.0
_C7806,-0.0
_C7807,-0.0
_C7808,-1.0
_C7809,-1.0
_C7810,-0.0
_C7811,-0.0
_C7812,-0.0
_C7813,-0.0
_C7814,-0.0
_C7815,-0.0
_C7816,-0.0
_C7817,-0.0
_C7818,-0.0
_C7819,-0.0
_C7820,-0.0
_C7821,-0.0
_C7822,-1.0
_C7823,-1.0
_C7824,-0.0
_C7825,-0.0
_C7826,-0.0
_C7827,-0.0
_C7828,-0.0
_C7829,-0.0
_C7830,-0.0
_C7831,-0.0
_C7832,-0.0
_C7833,-0.0
_C7834,-0.0
_C7835,-0.0
_C7836,-1.0
_C7837,-1.0
_C7838,-0.0
_C7839,-0.0
_C7840,-0.0
_C7841,-0.0
_C7842,-0.0
_C7843,-0.0
_C7844,-0.0
_C7845,-0.0
_C7846,-0.0
_C7847,-0.0
_C7848,-0.0
_C7849,-0.0
_C7850,-1.0
_C7851,-1.0
_C7852,-0.0
_C7853,-0.0
_C7854,-0.0
_C7855,-0.0
_C7856,-0.0
_C7857,-0.0
_C7858,-0.0
_C7859,-0.0
_C7860,-0.0
_C7861,-0.0
_C7862,-0.0
_C7863,-0.0
_C7864,-1.0
_C7865,-1.0
_C7866,-0.0
_C7867,-0.0
_C7868,-0.0
_C7869,-0.0
_C7870,-0.0
_C7871,-0.0
_C7872,-0.0
_C7873,-0.0
_C7874,-0.0
_C7875,-0.0
_C7876,-0.0
_C7877,-0.0
_C7878,-1.0
_C7879,-1.0
_C7880,-0.0
_C7881,-0.0
_C7882,-0.0
_C7883,-0.0
_C7884,-0.0
_C7885,-0.0
_C7886,-0.0
_C7887,-0.0
_C7888,-0.0
_C7889,-0.0
_C7890,-0.0
_C7891,-0.0
_C7892,-1.0
_C7893,-1.0
_C7894,-0.0
_C7895,-0.0
_C7896,-0.0
_C7897,-0.0
_C7898,-0.0
_C7899,-0.0
_C7900,-0.0
_C7901,-0.0
_C7902,-0.0
_C7903,-0.0
_C7904,-0.0
_C7905,-0.0
_C7906,-1.0
_C7907,-1.0
_C7908,-0.0
_C7909,-0.0
_C7910,-0.0
_C7911,-0.0
_C7912,-0.0
_C7913,-0.0
_C7914,-0.0
_C7915,-0.0
_C7916,-0.0
_C7917,-0.0
_C7918,-0.0
_C7919,-0.0
_C7920,-1.0
_C7921,-1.0
_C7922,-0.0
_C7923,-0.0
_C7924,-0.0
_C7925,-0.0
_C7926,-0.0
_C7927,-0.0
_C7928,-0.0
_C7929,-0.0
_C7930,-0.0
_C7931,-0.0
_C7932,-0.0
_C7933,-0.0
_C7934,-1.0
_C7935,-1.0
_C7936,-0.0
_C7937,-0.0
_C7938,-0.0
_C7939,-0.0
_C7940,-0.0
_C7941,-0.0
_C7942,-0.0
_C7943,-0.0
_C7944,-0.0
_C7945,-0.0
_C7946,-0.0
_C7947,-0.0
_C7948,-1.0
_C7949,-1.0
_C7950,-0.0
_C7951,-0.0
_C7952,-0.0
_C7953,-0.0
_C7954,-0.0
_C7955,-0.0
_C7956,-0.0
_C7957,-0.0
_C7958,-0.0
_C7959,-0.0
_C7960,-0.0
_C7961,-0.0
_C7962,-1.0
_C7963,-1.0
_C7964,-0.0
_C7965,-0.0
_C7966,-0.0
_C7967,-0.0
_C7968,-0.0
_C7969,-0.0
_C7970,-0.0
_C7971,-0.0
_C7972,-0.0
_C7973,-0.0
_C7974,-0.0
_C7975,-0.0
_C7976,-1.0
_C7977,-1.0
_C7978,-0.0
_C7979,-0.0
_C7980,-0.0
_C7981,-0.0
_C7982,-0.0
_C7983,-0.0
_C7984,-0.0
_C7985,-0.0
_C7986,-0.0
_C7987,-0.0
_C7988,-0.0
_C7989,-0.0
_C7990,-1.0
_C7991,-1.0
_C7992,-0.0
_C7993,-0.0
_C7994,-0.0
_C7995,-0.0
_C7996,-0.0
_C7997,-0.0
_C7998,-0.0
_C7999,-0.0
_C8000,-0.0
_C8001,-0.0
_C8002,-0.0
_C8003,-0.0
_C8004,-1.0
_C8005,-1.0
_C8006,-0.0
_C8007,-0.0
_C8008,-0.0
_C8009,-0.0
_C8010,-0.0
_C8011,-0.0
_C8012,-0.0
_C8013,-0.0
_C8014,-0.0
_C8015,-0.0
_C8016,-0.0
_C8017,-0.0
_C8018,-1.0
_C8019,-1.0
_C8020,-0.0
_C8021,-0.0
_C8022,-0.0
_C8023,-0.0
_C8024,-0.0
_C8025,-0.0
_C8026,-0.0
_C8027,-0.0
_C8028,-0.0
_C8029,-0.0
_C8030,-0.0
_C8031,-0.0
_C8032,-1.0
_C8033,-1.0
_C8034,-0.0
_C8035,-0.0
_C8036,-0.0
_C8037,-0.0
_C8038,-0.0
_C8039,-0.0
_C8040,-0.0
_C8041,-0.0
_C8042,-0.0
_C8043,-0.0
_C8044,-0.0
_C8045,-0.0
_C8046,-1.0
_C8047,-1.0
_C8048,-0.0
_C8049,-0.0
_C8050,-0.0
_C8051,-0.0
_C8052,-0.0
_C8053,-0.0
_C8054,-0.0
_C8055,-0.0
_C8056,-0.0
_C8057,-0.0
_C8058,-0.0
_C8059,-0.0
_C8060,-1.0
_C8061,-1.0
_C8062,-0.0
_C8063,-0.0
_C8064,-0.0
_C8065,-0.0
_C8066,-0.0
_C8067,-0.0
_C8068,-0.0
_C8069,-0.0
_C8070,-0.0
_C8071,-0.0
_C8072,-0.0
_C8073,-0.0
_C8074,-1.0
_C8075,-1.0
_C8076,-0.0
_C8077,-0.0
_C8078,-0.0
_C8079,-0.0
_C8080,-0.0
_C8081,-0.0
_C8082,-0.0
_C8083,-0.0
_C8084,-0.0
_C8085,-0.0
_C8086,-0.0
_C8087,-0.0
_C8088,-1.0
_C8089,-1.0
_C8090,-0.0
_C8091,-0.0
_C8092,-0.0
_C8093,-0.0
_C8094,-0.0
_C8095,-0.0
_C8096,-0.0
_C8097,-0.0
_C8098,-0.0
_C8099,-0.0
_C8100,-0.0
_C8101,-0.0
_C8102,-1.0
_C8103,-1.0
_C8104,-0.0
_C8105,-0.0
_C8106,-0.0
_C8107,-0.0
_C8108,-0.0
_C8109,-0.0
_C8110,-0.0
_C8111,-0.0
_C8112,-0.0
_C8113,-0.0
_C8114,-0.0
_C8115,-0.0
_C8116,-1.0
_C8117,-1.0
_C8118,-0.0
_C8119,-0.0
_C8120,-0.0
_C8121,-0.0
_C8122,-0.0
_C8123,-0.0
_C8124,-0.0
_C8125,-0.0
_C8126,-0.0
_C8127,-0.0
_C8128,-0.0
_C8129,-0.0
_C8130,-1.0
_C8131,-1.0
_C8132,-0.0
_C8133,-0.0
_C8134,-0.0
_C8135,-0.0
_C8136,-0.0
_C8137,-0.0
_C8138,-0.0
_C8139,-0.0
_C8140,-0.0
_C8141,-0.0
_C8142,-0.0
_C8143,-0.0
_C8144,-1.0
_C8145,-1.0
_C8146,-0.0
_C8147,-0.0
_C8148,-0.0
_C8149,-0.0
_C8150,-0.0
_C8151,-0.0
_C8152,-0.0
_C8153,-0.0
_C8154,-0.0
_C8155,-0.0
_C8156,-0.0
_C8157,-0.0
_C8158,-1.0
_C8159,-1.0
_C8160,-0.0
_C8161,-0.0
_C8162,-0.0
_C8163,-0.0
_C8164,-0.0
_C8165,-0.0
_C8166,-0.0
_C8167,-0.0
_C8168,-0.0
_C8169,-0.0
_C8170,-0.0
_C8171,-0.0
_C8172,-1.0
_C8173,-1.0
_C8174,-0.0
_C8175,-0.0
_C8176,-0.0
_C8177,-0.0
_C8178,-0.0
_C8179,-0.0
_C8180,-0.0
_C8181,-0.0
_C8182,-0.0
_C8183,-0.0
_C8184,-0.0
_C8185,-0.0
_C8186,-1.0
_C8187,-1.0
_C8188,-0.0
_C8189,-0.0
_C8190,-0.0
_C8191,-0.0
_C8192,-0.0
_C8193,-0.0
_C8194,-0.0
_C8195,-0.0
_C8196,-0.0
_C8197,-0.0
_C8198,-0.0
_C8199,-0.0
_C8200,-1.0
_C8201,-1.0
_C8202,-0.0
_C8203,-0.0
_C8204,-0.0
_C8205,-0.0
_C8206,-0.0
_C8207,-0.0
_C8208,-0.0
_C8209,-0.0
_C8210,-0.0
_C8211,-0.0
_C8212,-0.0
_C8213,-0.0
_C8214,-1.0
_C8215,-1.0
_C8216,-0.0
_C8217,-0.0
_C8218,-0.0
_C8219,-0.0
_C8220,-0.0
_C8221,-0.0
_C8222,-0.0
_C8223,-0.0
_C8224,-0.0
_C8225,-0.0
_C8226,-0.0
_C8227,-0.0
_C8228,-1.0
_C8229,-1.0
_C8230,-0.0
_C8231,-0.0
_C8232,-0.0
_C8233,-0.0
_C8234,-0.0
_C8235,-0.0
_C8236,-0.0
_C8237,-0.0
_C8238,-0.0
_C8239,-0.0
_C8240,-0.0
_C8241,-0.0
_C8242,-1.0
_C8243,-1.0
_C8244,-0.0
_C8245,-0.0
_C8246,-0.0
_C8247,-0.0
_C8248,-0.0
_C8249,-0.0
_C8250,-0.0
_C8251,-0.0
_C8252,-0.0
_C8253,-0.0
_C8254,-0.0
_C8255,-0.0
_C8256,-1.0
_C8257,-1.0
_C8258,-0.0
_C8259,-0.0
_C8260,-0.0
_C8261,-0.0
_C8262,-0.0
_C8263,-0.0
_C8264,-0.0
_C8265,-0.0
_C8266,-0.0
_C8267,-0.0
_C8268,-0.0
_C8269,-0.0
_C8270,-1.0
_C8271,-1.0
_C8272,-0.0
_C8273,-0.0
_C8274,-0.0
_C8275,-0.0
_C8276,-0.0
_C8277,-0.0
_C8278,-0.0
_C8279,-0.0
_C8280,-0.0
_C8281,-0.0
_C8282,-0.0
_C8283,-0.0
_C8284,-1.0
_C8285,-1.0
_C8286,-0.0
_C8287,-0.0
_C8288,-0.0
_C8289,-0.0
_C8290,-0.0
_C8291,-0.0
_C8292,-0.0
_C8293,-0.0
_C8294,-0.0
_C8295,-0.0
_C8296,-0.0
_C8297,-0.0
_C8298,-1.0
_C8299,-1.0
_C8300,-0.0
_C8301,-0.0
_C8302,-0.0
_C8303,-0.0
_C8304,-0.0
_C8305,-0.0
_C8306,-0.0
_C8307,-0.0
_C8308,-0.0
_C8309,-0.0
_C8310,-0.0
_C8311,-0.0
_C8312,-1.0
_C8313,-1.0
_C8314,-0.0
_C8315,-0.0
_C8316,-0.0
_C8317,-0.0
_C8318,-0.0
_C8319,-0.0
_C8320,-0.0
_C8321,-0.0
_C8322,-0.0
_C8323,-0.0
_C8324,-0.0
_C8325,-0.0
_C8326,-1.0
_C8327,-1.0
_C8328,-0.0
_C8329,-0.0
_C8330,-0.0
_C8331,-0.0
_C8332,-0.0
_C8333,-0.0
_C8334,-0.0
_C8335,-0.0
_C8336,-0.0
_C8337,-0.0
_C8338,-0.0
_C8339,-0.0
_C8340,-1.0
_C8341,-1.0
_C8342,-0.0
_C8343,-0.0
_C8344,-0.0
_C8345,-0.0
_C8346,-0.0
_C8347,-0.0
_C8348,-0.0
_C8349,-0.0
_C8350,-0.0
_C8351,-0.0
_C8352,-0.0
_C8353,-0.0
_C8354,-1.0
_C8355,-1.0
_C8356,-0.0
_C8357,-0.0
_C8358,-0.0
_C8359,-0.0
_C8360,-0.0
_C8361,-0.0
_C8362,-0.0
_C8363,-0.0
_C8364,-0.0
_C8365,-0.0
_C8366,-0.0
_C8367,-0.0
_C8368,-1.0
_C8369,-1.0
_C8370,-0.0
_C8371,-0.0
_C8372,-0.0
_C8373,-0.0
_C8374,-0.0
_C8375,-0.0
_C8376,-0.0
_C8377,-0.0
_C8378,-0.0
_C8379,-0.0
_C8380,-0.0
_C8381,-0.0
_C8382,-1.0
_C8383,-1.0
_C8384,-0.0
_C8385,-0.0
_C8386,-0.0
_C8387,-0.0
_C8388,-0.0
_C8389,-0.0
_C8390,-0.0
_C8391,-0.0
_C8392,-0.0
_C8393,-0.0
_C8394,-0.0
_C8395,-0.0
_C8396,-1.0
_C8397,-1.0
_C8398,-0.0
_C8399,-0.0
_C8400,-0.0
_C8401,-0.0
_C8402,-0.0
_C8403,-0.0
_C8404,-0.0
_C8405,-0.0
_C8406,-0.0
_C8407,-0.0
_C8408,-0.0
_C8409,-0.0
_C8410,-1.0
_C8411,-1.0
_C8412,-0.0
_C8413,-0.0
_C8414,-0.0
_C8415,-0.0
_C8416,-0.0
_C8417,-0.0
_C8418,-0.0
_C8419,-0.0
_C8420,-0.0
_C8421,-0.0
_C8422,-0.0
_C8423,-0.0
_C8424,-1.0
_C8425,-1.0
_C8426,-0.0
_C8427,-0.0
_C8428,-0.0
_C8429,-0.0
_C8430,-0.0
_C8431,-0.0
_C8432,-0.0
_C8433,-0.0
_C8434,-0.0
_C8435,-0.0
_C8436,-0.0
_C8437,-0.0
_C8438,-1.0
_C8439,-1.0
_C8440,-0.0
_C8441,-0.0
_C8442,-0.0
_C8443,-0.0
_C8444,-0.0
_C8445,-0.0
_C8446,-0.0
_C8447,-0.0
_C8448,-0.0
_C8449,-0.0
_C8450,-0.0
_C8451,-0.0
_C8452,-1.0
_C8453,-1.0
_C8454,-0.0
_C8455,-0.0
_C8456,-0.0
_C8457,-0.0
_C8458,-0.0
_C8459,-0.0
_C8460,-0.0
_C8461,-0.0
_C8462,-0.0
_C8463,-0.0
_C8464,-0.0
_C8465,-0.0
_C8466,-1.0
_C8467,-1.0
_C8468,-0.0
_C8469,-0.0
_C8470,-0.0
_C8471,-0.0
_C8472,-0.0
_C8473,-0.0
_C8474,-0.0
_C8475,-0.0
_C8476,-0.0
_C8477,-0.0
_C8478,-0.0
_C8479,-0.0
_C8480,-1.0
_C8481,-1.0
_C8482,-0.0
_C8483,-0.0
_C8484,-0.0
_C8485,-0.0
_C8486,-0.0
_C8487,-0.0
_C8488,-0.0
_C8489,-0.0
_C8490,-0.0
_C8491,-0.0
_C8492,-0.0
_C8493,-0.0
_C8494,-1.0
_C8495,-1.0
_C8496,-0.0
_C8497,-0.0
_C8498,-0.0
_C8499,-0.0
_C8500,-0.0
_C8501,-0.0
_C8502,-0.0
_C8503,-0.0
_C8504,-0.0
_C8505,-0.0
_C8506,-0.0
_C8507,-0.0
_C8508,-1.0
_C8509,-1.0
_C8510,-0.0
_C8511,-0.0
_C8512,-0.0
_C8513,-0.0
_C8514,-0.0
_C8515,-0.0
_C8516,-0.0
_C8517,-0.0
_C8518,-0.0
_C8519,-0.0
_C8520,-0.0
_C8521,-0.0
_C8522,-1.0
_C8523,-1.0
_C8524,-0.0
_C8525,-0.0
_C8526,-0.0
_C8527,-0.0
_C8528,-0.0
_C8529,-0.0
_C8530,-0.0
_C8531,-0.0
_C8532,-0.0
_C8533,-0.0
_C8534,-0.0
_C8535,-0.0
_C8536,-1.0
_C8537,-1.0
_C8538,-0.0
_C8539,-0.0
_C8540,-0.0
_C8541,-0.0
_C8542,-0.0
_C8543,-0.0
_C8544,-0.0
_C8545,-0.0
_C8546,-0.0
_C8547,-0.0
_C8548,-0.0
_C8549,-0.0
_C8550,-1.0
_C8551,-1.0
_C8552,-0.0
_C8553,-0.0
_C8554,-0.0
_C8555,-0.0
_C8556,-0.0
_C8557,-0.0
_C8558,-0.0
_C8559,-0.0
_C8560,-0.0
_C8561,-0.0
_C8562,-0.0
_C8563,-0.0
_C8564,-1.0
_C8565,-1.0
_C8566,-0.0
_C8567,-0.0
_C8568,-0.0
_C8569,-0.0
_C8570,-0.0
_C8571,-0.0
_C8572,-0.0
_C8573,-0.0
_C8574,-0.0
_C8575,-0.0
_C8576,-0.0
_C8577,-0.0
_C8578,-1.0
_C8579,-1.0
_C8580,-0.0
_C8581,-0.0
_C8582,-0.0
_C8583,-0.0
_C8584,-0.0
_C8585,-0.0
_C8586,-0.0
_C8587,-0.0
_C8588,-0.0
_C8589,-0.0
_C8590,-0.0
_C8591,-0.0
_C8592,-1.0
_C8593,-1.0
_C8594,-0.0
_C8595,-0.0
_C8596,-0.0
_C8597,-0.0
_C8598,-0.0
_C8599,-0.0
_C8600,-0.0
_C8601,-0.0
_C8602,-0.0
_C8603,-0.0
_C8604,-0.0
_C8605,-0.0
_C8606,-1.0
_C8607,-1.0
_C8608,-0.0
_C8609,-0.0
_C8610,-0.0
_C8611,-0.0
_C8612,-0.0
_C8613,-0.0
_C8614,-0.0
_C8615,-0.0
_C8616,-0.0
_C8617,-0.0
_C8618,-0.0
_C8619,-0.0
_C8620,-1.0
_C8621,-1.0
_C8622,-0.0
_C8623,-0.0
_C8624,-0.0
_C8625,-0.0
_C8626,-0.0
_C8627,-0.0
_C8628,-0.0
_C8629,-0.0
_C8630,-0.0
_C8631,-0.0
_C8632,-0.0
_C8633,-0.0
_C8634,-1.0
_C8635,-1.0
_C8636,-0.0
_C8637,-0.0
_C8638,-0.0
_C8639,-0.0
_C8640,-0.0
_C8641,-0.0
_C8642,-0.0
_C8643,-0.0
_C8644,-0.0
_C8645,-0.0
_C8646,-0.0
_C8647,-0.0
_C8648,-1.0
_C8649,-1.0
_C8650,-0.0
_C8651,-0.0
_C8652,-0.0
_C8653,-0.0
_C8654,-0.0
_C8655,-0.0
_C8656,-0.0
_C8657,-0.0
_C8658,-0.0
_C8659,-0.0
_C8660,-0.0
_C8661,-0.0
_C8662,-1.0
_C8663,-1.0
_C8664,-0.0
_C8665,-0.0
_C8666,-0.0
_C8667,-0.0
_C8668,-0.0
_C8669,-0.0
_C8670,-0.0
_C8671,-0.0
_C8672,-0.0
_C8673,-0.0
_C8674,-0.0
_C8675,-0.0
_C8676,-1.0
_C8677,-1.0
_C8678,-0.0
_C8679,-0.0
_C8680,-0.0
_C8681,-0.0
_C8682,-0.0
_C8683,-0.0
_C8684,-0.0
_C8685,-0.0
_C8686,-0.0
_C8687,-0.0
_C8688,-0.0
_C8689,-0.0
_C8690,-1.0
_C8691,-1.0
_C8692,-0.0
_C8693,-0.0
_C8694,-0.0
_C8695,-0.0
_C8696,-0.0
_C8697,-0.0
_C8698,-0.0
_C8699,-0.0
_C8700,-0.0
_C8701,-0.0
_C8702,-0.0
_C8703,-0.0
_C8704,-1.0
_C8705,-1.0
_C8706,-0.0
_C8707,-0.0
_C8708,-0.0
_C8709,-0.0
_C8710,-0.0
_C8711,-0.0
_C8712,-0.0
_C8713,-0.0
_C8714,-0.0
_C8715,-0.0
_C8716,-0.0
_C8717,-0.0
_C8718,-1.0
_C8719,-1.0
_C8720,-0.0
_C8721,-0.0
_C8722,-0.0
_C8723,-0.0
_C8724,-0.0
_C8725,-0.0
_C8726,-0.0
_C8727,-0.0
_C8728,-0.0
_C8729,-0.0
_C8730,-0.0
_C8731,-0.0
_C8732,-1.0
_C8733,-1.0
_C8734,-0.0
_C8735,-0.0
_C8736,-0.0
_C8737,-0.0
_C8738,-0.0
_C8739,-0.0
_C8740,-0.0
_C8741,-0.0
_C8742,-0.0
_C8743,-0.0
_C8744,-0.0
_C8745,-0.0
_C8746,-1.0
_C8747,-1.0
_C8748,-0.0
_C8749,-0.0
_C8750,-0.0
_C8751,-0.0
_C8752,-0.0
_C8753,-0.0
_C8754,-0.0
_C8755,-0.0
_C8756,-0.0
_C8757,-0.0
_C8758,-0.0
_C8759,-0.0
_C8760,-1.0
_C8761,-1.0
_C8762,-0.0
_C8763,-0.0
_C8764,-0.0
_C8765,-0.0
_C8766,-0.0
_C8767,-0.0
_C8768,-0.0
_C8769,-0.0
_C8770,-0.0
_C8771,-0.0
_C8772,-0.0
_C8773,-0.0
_C8774,-1.0
_C8775,-1.0
_C8776,-0.0
_C8777,-0.0
_C8778,-0.0
_C8779,-0.0
_C8780,-0.0
_C8781,-0.0
_C8782,-0.0
_C8783,-0.0
_C8784,-0.0
_C8785,-0.0
_C8786,-0.0
_C8787,-0.0
_C8788,-1.0
_C8789,-1.0
_C8790,-0.0
_C8791,-0.0
_C8792,-0.0
_C8793,-0.0
_C8794,-0.0
_C8795,-0.0
_C8796,-0.0
_C8797,-0.0
_C8798,-0.0
_C8799,-0.0
_C8800,-0.0
_C8801,-0.0
_C8802,-1.0
_C8803,-1.0
_C8804,-0.0
_C8805,-0.0
_C8806,-0.0
_C8807,-0.0
_C8808,-0.0
_C8809,-0.0
_C8810,-0.0
_C8811,-0.0
_C8812,-0.0
_C8813,-0.0
_C8814,-0.0
_C8815,-0.0
_C8816,-1.0
_C8817,-1.0
_C8818,-0.0
_C8819,-0.0
_C8820,-0.0
_C8821,-0.0
_C8822,-0.0
_C8823,-0.0
_C8824,-0.0
_C8825,-0.0
_C8826,-0.0
_C8827,-0.0
_C8828,-0.0
_C8829,-0.0
_C8830,-1.0
_C8831,-1.0
_C8832,-0.0
_C8833,-0.0
_C8834,-0.0
_C8835,-0.0
_C8836,-0.0
_C8837,-0.0
_C8838,-0.0
_C8839,-0.0
_C8840,-0.0
_C8841,-0.0
_C8842,-0.0
_C8843,-0.0
_C8844,-1.0
_C8845,-1.0
_C8846,-0.0
_C8847,-0.0
_C8848,-0.0
_C8849,-0.0
_C8850,-0.0
_C8851,-0.0
_C8852,-0.0
_C8853,-0.0
_C8854,-0.0
_C8855,-0.0
_C8856,-0.0
_C8857,-0.0
_C8858,-1.0
_C8859,-1.0
_C8860,-0.0
_C8861,-0.0
_C8862,-0.0
_C8863,-0.0
_C8864,-0.0
_C8865,-0.0
_C8866,-0.0
_C8867,-0.0
_C8868,-0.0
_C8869,-0.0
_C8870,-0.0
_C8871,-0.0
_C8872,-1.0
_C8873,-1.0
_C8874,-0.0
_C8875,-0.0
_C8876,-0.0
_C8877,-0.0
_C8878,-0.0
_C8879,-0.0
_C8880,-0.0
_C8881,-0.0
_C8882,-0.0
_C8883,-0.0
_C8884,-0.0
_C8885,-0.0
_C8886,-1.0
_C8887,-1.0
_C8888,-0.0
_C8889,-0.0
_C8890,-0.0
_C8891,-0.0
_C8892,-0.0
_C8893,-0.0
_C8894,-0.0
_C8895,-0.0
_C8896,-0.0
_C8897,-0.0
_C8898,-0.0
_C8899,-0.0
_C8900,-1.0
_C8901,-1.0
_C8902,-0.0
_C8903,-0.0
_C8904,-0.0
_C8905,-0.0
_C8906,-0.0
_C8907,-0.0
_C8908,-0.0
_C8909,-0.0
_C8910,-0.0
_C8911,-0.0
_C8912,-0.0
_C8913,-0.0
_C8914,-1.0
_C8915,-1.0
_C8916,-0.0
_C8917,-0.0
_C8918,-0.0
_C8919,-0.0
_C8920,-0.0
_C8921,-0.0
_C8922,-0.0
_C8923,-0.0
_C8924,-0.0
_C8925,-0.0
_C8926,-0.0
_C8927,-0.0
_C8928,-1.0
_C8929,-1.0
_C8930,-0.0
_C8931,-0.0
_C8932,-0.0
_C8933,-0.0
_C8934,-0.0
_C8935,-0.0
_C8936,-0.0
_C8937,-0.0
_C8938,-0.0
_C8939,-0.0
_C8940,-0.0
_C8941,-0.0
_C8942,-1.0
_C8943,-1.0
_C8944,-0.0
_C8945,-0.0
_C8946,-0.0
_C8947,-0.0
_C8948,-0.0
_C8949,-0.0
_C8950,-0.0
_C8951,-0.0
_C8952,-0.0
_C8953,-0.0
_C8954,-0.0
_C8955,-0.0
_C8956,-1.0
_C8957,-1.0
_C8958,-0.0
_C8959,-0.0
_C8960,-0.0
_C8961,-0.0
_C8962,-0.0
_C8963,-0.0
_C8964,-0.0
_C8965,-0.0
_C8966,-0.0
_C8967,-0.0
_C8968,-0.0
_C8969,-0.0
_C8970,-1.0
_C8971,-1.0
_C8972,-0.0
_C8973,-0.0
_C8974,-0.0
_C8975,-0.0
_C8976,-0.0
_C8977,-0.0
_C8978,-0.0
_C8979,-0.0
_C8980,-0.0
_C8981,-0.0
_C8982,-0.0
_C8983,-0.0
_C8984,-1.0
_C8985,-1.0
_C8986,-0.0
_C8987,-0.0
_C8988,-0.0
_C8989,-0.0
_C8990,-0.0
_C8991,-0.0
_C8992,-0.0
_C8993,-0.0
_C8994,-0.0
_C8995,-0.0
_C8996,-0.0
_C8997,-0.0
_C8998,-1.0
_C8999,-1.0
_C9000,-0.0
_C9001,-0.0
_C9002,-0.0
_C9003,-0.0
_C9004,-0.0
_C9005,-0.0
_C9006,-0.0
_C9007,-0.0
_C9008,-0.0
_C9009,-0.0
_C9010,-0.0
_C9011,-0.0
_C9012,-1.0
_C9013,-1.0
_C9014,-0.0
_C9015,-0.0
_C9016,-0.0
_C9017,-0.0
_C9018,-0.0
_C9019,-0.0
_C9020,-0.0
_C9021,-0.0
_C9022,-0.0
_C9023,-0.0
_C9024,-0.0
_C9025,-0.0
_C9026,-1.0
_C9027,-1.0
_C9028,-0.0
_C9029,-0.0
_C9030,-0.0
_C9031,-0.0
_C9032,-0.0
_C9033,-0.0
_C9034,-0.0
_C9035,-0.0
_C9036,-0.0
_C9037,-0.0
_C9038,-0.0
_C9039,-0.0
_C9040,-1.0
_C9041,-1.0
_C9042,-0.0
_C9043,-0.0
_C9044,-0.0
_C9045,-0.0
_C9046,-0.0
_C9047,-0.0
_C9048,-0.0
_C9049,-0.0
_C9050,-0.0
_C9051,-0.0
_C9052,-0.0
_C9053,-0.0
_C9054,-1.0
_C9055,-1.0
_C9056,-0.0
_C9057,-0.0
_C9058,-0.0
_C9059,-0.0
_C9060,-0.0
_C9061,-0.0
_C9062,-0.0
_C9063,-0.0
_C9064,-0.0
_C9065,-0.0
_C9066,-0.0
_C9067,-0.0
_C9068,-1.0
_C9069,-1.0
_C9070,-0.0
_C9071,-0.0
_C9072,-0.0
_C9073,-0.0
_C9074,-0.0
_C9075,-0.0
_C9076,-0.0
_C9077,-0.0
_C9078,-0.0
_C9079,-0.0
_C9080,-0.0
_C9081,-0.0
_C9082,-1.0
_C9083,-1.0
_C9084,-0.0
_C9085,-0.0
_C9086,-0.0
_C9087,-0.0
_C9088,-0.0
_C9089,-0.0
_C9090,-0.0
_C9091,-0.0
_C9092,-0.0
_C9093,-0.0
_C9094,-0.0
_C9095,-0.0
_C9096,-1.0
_C9097,-1.0
_C9098,-0.0
_C9099,-0.0
_C9100,-0.0
_C9101,-0.0
_C9102,-0.0
_C9103,-0.0
_C9104,-0.0
_C9105,-0.0
_C9106,-0.0
_C9107,-0.0
_C9108,-0.0
_C9109,-0.0
_C9110,-1.0
_C9111,-1.0
_C9112,-0.0
_C9113,-0.0
_C9114,-0.0
_C9115,-0.0
_C9116,-0.0
_C9117,-0.0
_C9118,-0.0
_C9119,-0.0
_C9120,-0.0
_C9121,-0.0
_C9122,-0.0
_C9123,-0.0
_C9124,-1.0
_C9125,-1.0
_C9126,-0.0
_C9127,-0.0
_C9128,-0.0
_C9129,-0.0
_C9130,-0.0
_C9131,-0.0
_C9132,-0.0
_C9133,-0.0
_C9134,-0.0
_C9135,-0.0
_C9136,-0.0
_C9137,-0.0
_C9138,-1.0
_C9139,-1.0
_C9140,-0.0
_C9141,-0.0
_C9142,-0.0
_C9143,-0.0
_C9144,-0.0
_C9145,-0.0
_C9146,-0.0
_C9147,-0.0
_C9148,-0.0
_C9149,-0.0
_C9150,-0.0
_C9151,-0.0
_C9152,-1.0
_C9153,-1.0
_C9154,-0.0
_C9155,-0.0
_C9156,-0.0
_C9157,-0.0
_C9158,-0.0
_C9159,-0.0
_C9160,-0.0
_C9161,-0.0
_C9162,-0.0
_C9163,-0.0
_C9164,-0.0
_C9165,-0.0
_C9166,-1.0
_C9167,-1.0
_C9168,-0.0
_C9169,-0.0
_C9170,-0.0
_C9171,-0.0
_C9172,-0.0
_C9173,-0.0
_C9174,-0.0
_C9175,-0.0
_C9176,-0.0
_C9177,-0.0
_C9178,-0.0
_C9179,-0.0
_C9180,-1.0
_C9181,-1.0
_C9182,-0.0
_C9183,-0.0
_C9184,-0.0
_C9185,-0.0
_C9186,-0.0
_C9187,-0.0
_C9188,-0.0
_C9189,-0.0
_C9190,-0.0
_C9191,-0.0
_C9192,-0.0
_C9193,-0.0
_C9194,-1.0
_C9195,-1.0
_C9196,-0.0
_C9197,-0.0
_C9198,-0.0
_C9199,-0.0
_C9200,-0.0
_C9201,-0.0
_C9202,-0.0
_C9203,-0.0
_C9204,-0.0
_C9205,-0.0
_C9206,-0.0
_C9207,-0.0
_C9208,-1.0
_C9209,-1.0
_C9210,-0.0
_C9211,-0.0
_C9212,-0.0
_C9213,-0.0
_C9214,-0.0
_C9215,-0.0
_C9216,-0.0
_C9217,-0.0
_C9218,-0.0
_C9219,-0.0
_C9220,-0.0
_C9221,-0.0
_C9222,-1.0
_C9223,-1.0
_C9224,-0.0
_C9225,-0.0
_C9226,-0.0
_C9227,-0.0
_C9228,-0.0
_C9229,-0.0
_C9230,-0.0
_C9231,-0.0
_C9232,-0.0
_C9233,-0.0
_C9234,-0.0
_C9235,-0.0
_C9236,-1.0
_C9237,-1.0
_C9238,-0.0
_C9239,-0.0
_C9240,-0.0
_C9241,-0.0
_C9242,-0.0
_C9243,-0.0
_C9244,-0.0
_C9245,-0.0
_C9246,-0.0
_C9247,-0.0
_C9248,-0.0
_C9249,-0.0
_C9250,-1.0
_C9251,-1.0
_C9252,-0.0
_C9253,-0.0
_C9254,-0.0
_C9255,-0.0
_C9256,-0.0
_C9257,-0.0
_C9258,-0.0
_C9259,-0.0
_C9260,-0.0
_C9261,-0.0
_C9262,-0.0
_C9263,-0.0
_C9264,-1.0
_C9265,-1.0
_C9266,-0.0
_C9267,-0.0
_C9268,-0.0
_C9269,-0.0
_C9270,-0.0
_C9271,-0.0
_C9272,-0.0
_C9273,-0.0
_C9274,-0.0
_C9275,-0.0
_C9276,-0.0
_C9277,-0.0
_C9278,-1.0
_C9279,-1.0
_C9280,-0.0
_C9281,-0.0
_C9282,-0.0
_C9283,-0.0
_C9284,-0.0
_C9285,-0.0
_C9286,-0.0
_C9287,-0.0
_C9288,-0.0
_C9289,-0.0
_C9290,-0.0
_C9291,-0.0
_C9292,-1.0
_C9293,-1.0
_C9294,-0.0
_C9295,-0.0
_C9296,-0.0
_C9297,-0.0
_C9298,-0.0
_C9299,-0.0
_C9300,-0.0
_C9301,-0.0
_C9302,-0.0
_C9303,-0.0
_C9304,-0.0
_C9305,-0.0
_C9306,-1.0
_C9307,-1.0
_C9308,-0.0
_C9309,-0.0
_C9310,-0.0
_C9311,-0.0
_C9312,-0.0
_C9313,-0.0
_C9314,-0.0
_C9315,-0.0
_C9316,-0.0
_C9317,-0.0
_C9318,-0.0
_C9319,-0.0
_C9320,-1.0
_C9321,-1.0
_C9322,-0.0
_C9323,-0.0
_C9324,-0.0
_C9325,-0.0
_C9326,-0.0
_C9327,-0.0
_C9328,-0.0
_C9329,-0.0
_C9330,-0.0
_C9331,-0.0
_C9332,-0.0
_C9333,-0.0
_C9334,-1.0
_C9335,-1.0
_C9336,-0.0
_C9337,-0.0
_C9338,-0.0
_C9339,-0.0
_C9340,-0.0
_C9341,-0.0
_C9342,-0.0
_C9343,-0.0
_C9344,-0.0
_C9345,-0.0
_C9346,-0.0
_C9347,-0.0
_C9348,-1.0
_C9349,-1.0
_C9350,-0.0
_C9351,-0.0
_C9352,-0.0
_C9353,-0.0
_C9354,-0.0
_C9355,-0.0
_C9356,-0.0
_C9357,-0.0
_C9358,-0.0
_C9359,-0.0
_C9360,-0.0
_C9361,-0.0
_C9362,-1.0
_C9363,-1.0
_C9364,-0.0
_C9365,-0.0
_C9366,-0.0
_C9367,-0.0
_C9368,-0.0
_C9369,-0.0
_C9370,-0.0
_C9371,-0.0
_C9372,-0.0
_C9373,-0.0
_C9374,-0.0
_C9375,-0.0
_C9376,-1.0
_C9377,-1.0
_C9378,-0.0
_C9379,-0.0
_C9380,-0.0
_C9381,-0.0
_C9382,-0.0
_C9383,-0.0
_C9384,-0.0
_C9385,-0.0
_C9386,-0.0
_C9387,-0.0
_C9388,-0.0
_C9389,-0.0
_C9390,-1.0
_C9391,-1.0
_C9392,-0.0
_C9393,-0.0
_C9394,-0.0
_C9395,-0.0
_C9396,-0.0
_C9397,-0.0
_C9398,-0.0
_C9399,-0.0
_C9400,-0.0
_C9401,-0.0
_C9402,-0.0
_C9403,-0.0
_C9404,-1.0
_C9405,-1.0
_C9406,-0.0
_C9407,-0.0
_C9408,-0.0
_C9409,-0.0
_C9410,-0.0
_C9411,-0.0
_C9412,-0.0
_C9413,-0.0
_C9414,-0.0
_C9415,-0.0
_C9416,-0.0
_C9417,-0.0
_C9418,-1.0
_C9419,-1.0
_C9420,-0.0
_C9421,-0.0
_C9422,-0.0
_C9423,-0.0
_C9424,-0.0
_C9425,-0.0
_C9426,-0.0
_C9427,-0.0
_C9428,-0.0
_C9429,-0.0
_C9430,-0.0
_C9431,-0.0
_C9432,-1.0
_C9433,-1.0
_C9434,-0.0
_C9435,-0.0
_C9436,-0.0
_C9437,-0.0
_C9438,-0.0
_C9439,-0.0
_C9440,-0.0
_C9441,-0.0
_C9442,-0.0
_C9443,-0.0
_C9444,-0.0
_C9445,-0.0
_C9446,-1.0
_C9447,-1.0
_C9448,-0.0
_C9449,-0.0
_C9450,-0.0
_C9451,-0.0
_C9452,-0.0
_C9453,-0.0
_C9454,-0.0
_C9455,-0.0
_C9456,-0.0
_C9457,-0.0
_C9458,-0.0
_C9459,-0.0
_C9460,-1.0
_C9461,-1.0
_C9462,-0.0
_C9463,-0.0
_C9464,-0.0
_C9465,-0.0
_C9466,-0.0
_C9467,-0.0
_C9468,-0.0
_C9469,-0.0
_C9470,-0.0
_C9471,-0.0
_C9472,-0.0
_C9473,-0.0
_C9474,-1.0
_C9475,-1.0
_C9476,-0.0
_C9477,-0.0
_C9478,-0.0
_C9479,-0.0
_C9480,-0.0
_C9481,-0.0
_C9482,-0.0
_C9483,-0.0
_C9484,-0.0
_C9485,-0.0
_C9486,-0.0
_C9487,-0.0
_C9488,-1.0
_C9489,-1.0
_C9490,-0.0
_C9491,-0.0
_C9492,-0.0
_C9493,-0.0
_C9494,-0.0
_C9495,-0.0
_C9496,-0.0
_C9497,-0.0
_C9498,-0.0
_C9499,-0.0
_C9500,-0.0
_C9501,-0.0
_C9502,-1.0
_C9503,-1.0
_C9504,-0.0
_C9505,-0.0
_C9506,-0.0
_C9507,-0.0
_C9508,-0.0
_C9509,-0.0
_C9510,-0.0
_C9511,-0.0
_C9512,-0.0
_C9513,-0.0
_C9514,-0.0
_C9515,-0.0
_C9516,-1.0
_C9517,-1.0
_C9518,-0.0
_C9519,-0.0
_C9520,-0.0
_C9521,-0.0
_C9522,-0.0
_C9523,-0.0
_C9524,-0.0
_C9525,-0.0
_C9526,-0.0
_C9527,-0.0
_C9528,-0.0
_C9529,-0.0
_C9530,-1.0
_C9531,-1.0
_C9532,-0.0
_C9533,-0.0
_C9534,-0.0
_C9535,-0.0
_C9536,-0.0
_C9537,-0.0
_C9538,-0.0
_C9539,-0.0
_C9540,-0.0
_C9541,-0.0
_C9542,-0.0
_C9543,-0.0
_C9544,-1.0
_C9545,-1.0
_C9546,-0.0
_C9547,-0.0
_C9548,-0.0
_C9549,-0.0
_C9550,-0.0
_C9551,-0.0
_C9552,-0.0
_C9553,-0.0
_C9554,-0.0
_C9555,-0.0
_C9556,-0.0
_C9557,-0.0
_C9558,-1.0
_C9559,-1.0
_C9560,-0.0
_C9561,-0.0
_C9562,-0.0
_C9563,-0.0
_C9564,-0.0
_C9565,-0.0
_C9566,-0.0
_C9567,-0.0
_C9568,-0.0
_C9569,-0.0
_C9570,-0.0
_C9571,-0.0
_C9572,-1.0
_C9573,-1.0
_C9574,-0.0
_C9575,-0.0
_C9576,-0.0
_C9577,-0.0
_C9578,-0.0
_C9579,-0.0
_C9580,-0.0
_C9581,-0.0
_C9582,-0.0
_C9583,-0.0
_C9584,-0.0
_C9585,-0.0
_C9586,-1.0
_C9587,-1.0
_C9588,-0.0
_C9589,-0.0
_C9590,-0.0
_C9591,-0.0
_C9592,-0.0
_C9593,-0.0
_C9594,-0.0
_C9595,-0.0
_C9596,-0.0
_C9597,-0.0
_C9598,-0.0
_C9599,-0.0
_C9600,-1.0
_C9601,-1.0
_C9602,-0.0
_C9603,-0.0
_C9604,-0.0
_C9605,-0.0
_C9606,-0.0
_C9607,-0.0
_C9608,-0.0
_C9609,-0.0
_C9610,-0.0
_C9611,-0.0
_C9612,-0.0
_C9613,-0.0
_C9614,-1.0
_C9615,-1.0
_C9616,-0.0
_C9617,-0.0
_C9618,-0.0
_C9619,-0.0
_C9620,-0.0
_C9621,-0.0
_C9622,-0.0
_C9623,-0.0
_C9624,-0.0
_C9625,-0.0
_C9626,-0.0
_C9627,-0.0
_C9628,-1.0
_C9629,-1.0
_C9630,-0.0
_C9631,-0.0
_C9632,-0.0
_C9633,-0.0
_C9634,-0.0
_C9635,-0.0
_C9636,-0.0
_C9637,-0.0
_C9638,-0.0
_C9639,-0.0
_C9640,-0.0
_C9641,-0.0
_C9642,-1.0
_C9643,-1.0
_C9644,-0.0
_C9645,-0.0
_C9646,-0.0
_C9647,-0.0
_C9648,-0.0
_C9649,-0.0
_C9650,-0.0
_C9651,-0.0
_C9652,-0.0
_C9653,-0.0
_C9654,-0.0
_C9655,-0.0
_C9656,-1.0
_C9657,-1.0
_C9658,-0.0
_C9659,-0.0
_C9660,-0.0
_C9661,-0.0
_C9662,-0.0
_C9663,-0.0
_C9664,-0.0
_C9665,-0.0
_C9666,-0.0
_C9667,-0.0
_C9668,-0.0
_C9669,-0.0
_C9670,-1.0
_C9671,-1.0
_C9672,-0.0
_C9673,-0.0
_C9674,-0.0
_C9675,-0.0
_C9676,-0.0
_C9677,-0.0
_C9678,-0.0
_C9679,-0.0
_C9680,-0.0
_C9681,-0.0
_C9682,-0.0
_C9683,-0.0
_C9684,-1.0
_C9685,-1.0
_C9686,-0.0
_C9687,-0.0
_C9688,-0.0
_C9689,-0.0
_C9690,-0.0
_C9691,-0.0
_C9692,-0.0
_C9693,-0.0
_C9694,-0.0
_C9695,-0.0
_C9696,-0.0
_C9697,-0.0
_C9698,-1.0
_C9699,-1.0
_C9700,-0.0
_C9701,-0.0
_C9702,-0.0
_C9703,-0.0
_C9704,-0.0
_C9705,-0.0
_C9706,-0.0
_C9707,-0.0
_C9708,-0.0
_C9709,-0.0
_C9710,-0.0
_C9711,-0.0
_C9712,-1.0
_C9713,-1.0
_C9714,-0.0
_C9715,-0.0
_C9716,-0.0
_C9717,-0.0
_C9718,-0.0
_C9719,-0.0
_C9720,-0.0
_C9721,-0.0
_C9722,-0.0
_C9723,-0.0
_C9724,-0.0
_C9725,-0.0
_C9726,-1.0
_C9727,-1.0
_C9728,-0.0
_C9729,-0.0
_C9730,-0.0
_C9731,-0.0
_C9732,-0.0
_C9733,-0.0
_C9734,-0.0
_C9735,-0.0
_C9736,-0.0
_C9737,-0.0
_C9738,-0.0
_C9739,-0.0
_C9740,-1.0
_C9741,-1.0
_C9742,-0.0
_C9743,-0.0
_C9744,-0.0
_C9745,-0.0
_C9746,-0.0
_C9747,-0.0
_C9748,-0.0
_C9749,-0.0
_C9750,-0.0
_C9751,-0.0
_C9752,-0.0
_C9753,-0.0
_C9754,-1.0
_C9755,-1.0
_C9756,-0.0
_C9757,-0.0
_C9758,-0.0
_C9759,-0.0
_C9760,-0.0
_C9761,-0.0
_C9762,-0.0
_C9763,-0.0
_C9764,-0.0
_C9765,-0.0
_C9766,-0.0
_C9767,-0.0
_C9768,-1.0
_C9769,-1.0
_C9770,-0.0
_C9771,-0.0
_C9772,-0.0
_C9773,-0.0
_C9774,-0.0
_C9775,-0.0
_C9776,-0.0
_C9777,-0.0
_C9778,-0.0
_C9779,-0.0
_C9780,-0.0
_C9781,-0.0
_C9782,-1.0
_C9783,-1.0
_C9784,-0.0
_C9785,-0.0
_C9786,-0.0
_C9787,-0.0
_C9788,-0.0
_C9789,-0.0
_C9790,-0.0
_C9791,-0.0
_C9792,-0.0
_C9793,-0.0
_C9794,-0.0
_C9795,-0.0
_C9796,-1.0
_C9797,-1.0
_C9798,-0.0
_C9799,-0.0
_C9800,-0.0
_C9801,-0.0
_C9802,-0.0
_C9803,-0.0
_C9804,-0.0
_C9805,-0.0
_C9806,-0.0
_C9807,-0.0
_C9808,-0.0
_C9809,-0.0
_C9810,-1.0
_C9811,-1.0
_C9812,-0.0
_C9813,-0.0
_C9814,-0.0
_C9815,-0.0
_C9816,-0.0
_C9817,-0.0
_C9818,-0.0
_C9819,-0.0
_C9820,-0.0
_C9821,-0.0
_C9822,-0.0
_C9823,-0.0
_C9824,-1.0
_C9825,-1.0
_C9826,-0.0
_C9827,-0.0
_C9828,-0.0
_C9829,-0.0
_C9830,-0.0
_C9831,-0.0
_C9832,-0.0
_C9833,-0.0
_C9834,-0.0
_C9835,-0.0
_C9836,-0.0
_C9837,-0.0
_C9838,-1.0
_C9839,-1.0
_C9840,-0.0
_C9841,-0.0
_C9842,-0.0
_C9843,-0.0
_C9844,-0.0
_C9845,-0.0
_C9846,-0.0
_C9847,-0.0
_C9848,-0.0
_C9849,-0.0
_C9850,-0.0
_C9851,-0.0
_C9852,-1.0
_C9853,-1.0
_C9854,-0.0
_C9855,-0.0
_C9856,-0.0
_C9857,-0.0
_C9858,-0.0
_C9859,-0.0
_C9860,-0.0
_C9861,-0.0
_C9862,-0.0
_C9863,-0.0
_C9864,-0.0
_C9865,-0.0
_C9866,-1.0
_C9867,-1.0
_C9868,-0.0
_C9869,-0.0
_C9870,-0.0
_C9871,-0.0
_C9872,-0.0
_C9873,-0.0
_C9874,-0.0
_C9875,-0.0
_C9876,-0.0
_C9877,-0.0
_C9878,-0.0
_C9879,-0.0
_C9880,-1.0
_C9881,-1.0
_C9882,-0.0
_C9883,-0.0
_C9884,-0.0
_C9885,-0.0
_C9886,-0.0
_C9887,-0.0
_C9888,-0.0
_C9889,-0.0
_C9890,-0.0
_C9891,-0.0
_C9892,-0.0
_C9893,-0.0
_C9894,-1.0
_C9895,-1.0
_C9896,-0.0
_C9897,-0.0
_C9898,-0.0
_C9899,-0.0
_C9900,-0.0
_C9901,-0.0
_C9902,-0.0
_C9903,-0.0
_C9904,-0.0
_C9905,-0.0
_C9906,-0.0
_C9907,-0.0
_C9908,-1.0
_C9909,-1.0
_C9910,-0.0
_C9911,-0.0
_C9912,-0.0
_C9913,-0.0
_C9914,-0.0
_C9915,-0.0
_C9916,-0.0
_C9917,-0.0
_C9918,-0.0
_C9919,-0.0
_C9920,-0.0
_C9921,-0.0
_C9922,-1.0
_C9923,-1.0
_C9924,-0.0
_C9925,-0.0
_C9926,-0.0
_C9927,-0.0
_C9928,-0.0
_C9929,-0.0
_C9930,-0.0
_C9931,-0.0
_C9932,-0.0
_C9933,-0.0
_C9934,-0.0
_C9935,-0.0
_C9936,-1.0
_C9937,-1.0
_C9938,-0.0
_C9939,-0.0
_C9940,-0.0
_C9941,-0.0
_C9942,-0.0
_C9943,-0.0
_C9944,-0.0
_C9945,-0.0
_C9946,-0.0
_C9947,-0.0
_C9948,-0.0
_C9949,-0.0
_C9950,-1.0
_C9951,-1.0
_C9952,-0.0
_C9953,-0.0
_C9954,-0.0
_C9955,-0.0
_C9956,-0.0
_C9957,-0.0
_C9958,-0.0
_C9959,-0.0
_C9960,-0.0
_C9961,-0.0
_C9962,-0.0
_C9963,-0.0
_C9964,-1.0
_C9965,-1.0
_C9966,-0.0
_C9967,-0.0
_C9968,-0.0
_C9969,-0.0
_C9970,-0.0
_C9971,-0.0
_C9972,-0.0
_C9973,-0.0
_C9974,-0.0
_C9975,-0.0
_C9976,-0.0
_C9977,-0.0
_C9978,-1.0
_C9979,-1.0
_C9980,-0.0
_C9981,-0.0
_C9982,-0.0
_C9983,-0.0
_C9984,-0.0
_C9985,-0.0
_C9986,-0.0
_C9987,-0.0
_C9988,-0.0
_C9989,-0.0
_C9990,-0.0
_C9991,-0.0
_C9992,-1.0
_C9993,-1.0
_C9994,-0.0
_C9995,-0.0
_C9996,-0.0
_C9997,-0.0
_C9998,-0.0
_C9999,-0.0
_C10000,-0.0
_C10001,-0.0
_C10002,-0.0
_C10003,-0.0
_C10004,-0.0
_C10005,-0.0
_C10006,-1.0
_C10007,-1.0
_C10008,-0.0
_C10009,-0.0
_C10010,-0.0
_C10011,-0.0
_C10012,-0.0
_C10013,-0.0
_C10014,-0.0
_C10015,-0.0
_C10016,-0.0
_C10017,-0.0
_C10018,-0.0
_C10019,-0.0
_C10020,-1.0
_C10021,-1.0
_C10022,-0.0
_C10023,-0.0
_C10024,-0.0
_C10025,-0.0
_C10026,-0.0
_C10027,-0.0
_C10028,-0.0
_C10029,-0.0
_C10030,-0.0
_C10031,-0.0
_C10032,-0.0
_C10033,-0.0
_C10034,-1.0
_C10035,-1.0
_C10036,-0.0
_C10037,-0.0
_C10038,-0.0
_C10039,-0.0
_C10040,-0.0
_C10041,-0.0
_C10042,-0.0
_C10043,-0.0
_C10044,-0.0
_C10045,-0.0
_C10046,-0.0
_C10047,-0.0
_C10048,-1.0
_C10049,-1.0
_C10050,-0.0
_C10051,-0.0
_C10052,-0.0
_C10053,-0.0
_C10054,-0.0
_C10055,-0.0
_C10056,-0.0
_C10057,-0.0
_C10058,-0.0
_C10059,-0.0
_C10060,-0.0
_C10061,-0.0
_C10062,-1.0
_C10063,-1.0
_C10064,-0.0
_C10065,-0.0
_C10066,-0.0
_C10067,-0.0
_C10068,-0.0
_C10069,-0.0
_C10070,-0.0
_C10071,-0.0
_C10072,-0.0
_C10073,-0.0
_C10074,-0.0
_C10075,-0.0
_C10076,-1.0
_C10077,-1.0
_C10078,-0.0
_C10079,-0.0
_C10080,-0.0
_C10081,-0.0
_C10082,-0.0
_C10083,-0.0
_C10084,-0.0
_C10085,-0.0
_C10086,-0.0
_C10087,-0.0
_C10088,-0.0
_C10089,-0.0
_C10090,-1.0
_C10091,-1.0
_C10092,-0.0
_C10093,-0.0
_C10094,-0.0
_C10095,-0.0
_C10096,-0.0
_C10097,-0.0
_C10098,-0.0
_C10099,-0.0
_C10100,-0.0
_C10101,-0.0
_C10102,-0.0
_C10103,-0.0
_C10104,-1.0
_C10105,-1.0
_C10106,-0.0
_C10107,-0.0
_C10108,-0.0
_C10109,-0.0
_C10110,-0.0
_C10111,-0.0
_C10112,-0.0
_C10113,-0.0
_C10114,-0.0
_C10115,-0.0
_C10116,-0.0
_C10117,-0.0
_C10118,-1.0
_C10119,-1.0
_C10120,-0.0
_C10121,-0.0
_C10122,-0.0
_C10123,-0.0
_C10124,-0.0
_C10125,-0.0
_C10126,-0.0
_C10127,-0.0
_C10128,-0.0
_C10129,-0.0
_C10130,-0.0
_C10131,-0.0
_C10132,-1.0
_C10133,-1.0
_C10134,-0.0
_C10135,-0.0
_C10136,-0.0
_C10137,-0.0
_C10138,-0.0
_C10139,-0.0
_C10140,-0.0
_C10141,-0.0
_C10142,-0.0
_C10143,-0.0
_C10144,-0.0
_C10145,-0.0
_C10146,-1.0
_C10147,-1.0
_C10148,-0.0
_C10149,-0.0
_C10150,-0.0
_C10151,-0.0
_C10152,-0.0
_C10153,-0.0
_C10154,-0.0
_C10155,-0.0
_C10156,-0.0
_C10157,-0.0
_C10158,-0.0
_C10159,-0.0
_C10160,-1.0
_C10161,-1.0
_C10162,-0.0
_C10163,-0.0
_C10164,-0.0
_C10165,-0.0
_C10166,-0.0
_C10167,-0.0
_C10168,-0.0
_C10169,-0.0
_C10170,-0.0
_C10171,-0.0
_C10172,-0.0
_C10173,-0.0
_C10174,-1.0
_C10175,-1.0
_C10176,-0.0
_C10177,-0.0
_C10178,-0.0
_C10179,-0.0
_C10180,-0.0
_C10181,-0.0
_C10182,-0.0
_C10183,-0.0
_C10184,-0.0
_C10185,-0.0
_C10186,-0.0
_C10187,-0.0
_C10188,-1.0
_C10189,-1.0
_C10190,-0.0
_C10191,-0.0
_C10192,-0.0
_C10193,-0.0
_C10194,-0.0
_C10195,-0.0
_C10196,-0.0
_C10197,-0.0
_C10198,-0.0
_C10199,-0.0
_C10200,-0.0
_C10201,-0.0
_C10202,-1.0
_C10203,-1.0
_C10204,-0.0
_C10205,-0.0
_C10206,-0.0
_C10207,-0.0
_C10208,-0.0
_C10209,-0.0
_C10210,-0.0
_C10211,-0.0
_C10212,-0.0
_C10213,-0.0
_C10214,-0.0
_C10215,-0.0
_C10216,-1.0
_C10217,-1.0
_C10218,-0.0
_C10219,-0.0
_C10220,-0.0
_C10221,-0.0
_C10222,-0.0
_C10223,-0.0
_C10224,-0.0
_C10225,-0.0
_C10226,-0.0
_C10227,-0.0
_C10228,-0.0
_C10229,-0.0
_C10230,-1.0
_C10231,-1.0
_C10232,-0.0
_C10233,-0.0
_C10234,-0.0
_C10235,-0.0
_C10236,-0.0
_C10237,-0.0
_C10238,-0.0
_C10239,-0.0
_C10240,-0.0
_C10241,-0.0
_C10242,-0.0
_C10243,-0.0
_C10244,-1.0
_C10245,-1.0
_C10246,-0.0
_C10247,-0.0
_C10248,-0.0
_C10249,-0.0
_C10250,-0.0
_C10251,-0.0
_C10252,-0.0
_C10253,-0.0
_C10254,-0.0
_C10255,-0.0
_C10256,-0.0
_C10257,-0.0
_C10258,-1.0
_C10259,-1.0
_C10260,-0.0
_C10261,-0.0
_C10262,-0.0
_C10263,-0.0
_C10264,-0.0
_C10265,-0.0
_C10266,-0.0
_C10267,-0.0
_C10268,-0.0
_C10269,-0.0
_C10270,-0.0
_C10271,-0.0
_C10272,-1.0
_C10273,-1.0
_C10274,-0.0
_C10275,-0.0
_C10276,-0.0
_C10277,-0.0
_C10278,-0.0
_C10279,-0.0
_C10280,-0.0
_C10281,-0.0
_C10282,-0.0
_C10283,-0.0
_C10284,-0.0
_C10285,-0.0
_C10286,-1.0
_C10287,-1.0
_C10288,-0.0
_C10289,-0.0
_C10290,-0.0
_C10291,-0.0
_C10292,-0.0
_C10293,-0.0
_C10294,-0.0
_C10295,-0.0
_C10296,-0.0
_C10297,-0.0
_C10298,-0.0
_C10299,-0.0
_C10300,-1.0
_C10301,-1.0
_C10302,-0.0
_C10303,-0.0
_C10304,-0.0
_C10305,-0.0
_C10306,-0.0
_C10307,-0.0
_C10308,-0.0
_C10309,-0.0
_C10310,-0.0
_C10311,-0.0
_C10312,-0.0
_C10313,-0.0
_C10314,-1.0
_C10315,-1.0
_C10316,-0.0
_C10317,-0.0
_C10318,-0.0
_C10319,-0.0
_C10320,-0.0
_C10321,-0.0
_C10322,-0.0
_C10323,-0.0
_C10324,-0.0
_C10325,-0.0
_C10326,-0.0
_C10327,-0.0
_C10328,-1.0
_C10329,-1.0
_C10330,-0.0
_C10331,-0.0
_C10332,-0.0
_C10333,-0.0
_C10334,-0.0
_C10335,-0.0
_C10336,-0.0
_C10337,-0.0
_C10338,-0.0
_C10339,-0.0
_C10340,-0.0
_C10341,-0.0
_C10342,-1.0
_C10343,-1.0
_C10344,-0.0
_C10345,-0.0
_C10346,-0.0
_C10347,-0.0
_C10348,-0.0
_C10349,-0.0
_C10350,-0.0
_C10351,-0.0
_C10352,-0.0
_C10353,-0.0
_C10354,-0.0
_C10355,-0.0
_C10356,-1.0
_C10357,-1.0
_C10358,-0.0
_C10359,-0.0
_C10360,-0.0
_C10361,-0.0
_C10362,-0.0
_C10363,-0.0
_C10364,-0.0
_C10365,-0.0
_C10366,-0.0
_C10367,-0.0
_C10368,-0.0
_C10369,-0.0
_C10370,-1.0
_C10371,-1.0
_C10372,-0.0
_C10373,-0.0
_C10374,-0.0
_C10375,-0.0
_C10376,-0.0
_C10377,-0.0
_C10378,-0.0
_C10379,-0.0
_C10380,-0.0
_C10381,-0.0
_C10382,-0.0
_C10383,-0.0
_C10384,-1.0
_C10385,-1.0
_C10386,-0.0
_C10387,-0.0
_C10388,-0.0
_C10389,-0.0
_C10390,-0.0
_C10391,-0.0
_C10392,-0.0
_C10393,-0.0
_C10394,-0.0
_C10395,-0.0
_C10396,-0.0
_C10397,-0.0
_C10398,-1.0
_C10399,-1.0
_C10400,-0.0
_C10401,-0.0
_C10402,-0.0
_C10403,-0.0
_C10404,-0.0
_C10405,-0.0
_C10406,-0.0
_C10407,-0.0
_C10408,-0.0
_C10409,-0.0
_C10410,-0.0
_C10411,-0.0
_C10412,-1.0
_C10413,-1.0
_C10414,-0.0
_C10415,-0.0
_C10416,-0.0
_C10417,-0.0
_C10418,-0.0
_C10419,-0.0
_C10420,-0.0
_C10421,-0.0
_C10422,-0.0
_C10423,-0.0
_C10424,-0.0
_C10425,-0.0
_C10426,-1.0
_C10427,-1.0
_C10428,-0.0
_C10429,-0.0
_C10430,-0.0
_C10431,-0.0
_C10432,-0.0
_C10433,-0.0
_C10434,-0.0
_C10435,-0.0
_C10436,-0.0
_C10437,-0.0
_C10438,-0.0
_C10439,-0.0
_C10440,-1.0
_C10441,-1.0
_C10442,-0.0
_C10443,-0.0
_C10444,-0.0
_C10445,-0.0
_C10446,-0.0
_C10447,-0.0
_C10448,-0.0
_C10449,-0.0
_C10450,-0.0
_C10451,-0.0
_C10452,-0.0
_C10453,-0.0
_C10454,-1.0
_C10455,-1.0
_C10456,-0.0
_C10457,-0.0
_C10458,-0.0
_C10459,-0.0
_C10460,-0.0
_C10461,-0.0
_C10462,-0.0
_C10463,-0.0
_C10464,-0.0
_C10465,-0.0
_C10466,-0.0
_C10467,-0.0
_C10468,-1.0
_C10469,-1.0
_C10470,-0.0
_C10471,-0.0
_C10472,-0.0
_C10473,-0.0
_C10474,-0.0
_C10475,-0.0
_C10476,-0.0
_C10477,-0.0
_C10478,-0.0
_C10479,-0.0
_C10480,-0.0
_C10481,-0.0
_C10482,-1.0
_C10483,-1.0
_C10484,-0.0
_C10485,-0.0
_C10486,-0.0
_C10487,-0.0
_C10488,-0.0
_C10489,-0.0
_C10490,-0.0
_C10491,-0.0
_C10492,-0.0
_C10493,-0.0
_C10494,-0.0
_C10495,-0.0
_C10496,-1.0
_C10497,-1.0
_C10498,-0.0
_C10499,-0.0
_C10500,-0.0
_C10501,-0.0
_C10502,-0.0
_C10503,-0.0
_C10504,-0.0
_C10505,-0.0
_C10506,-0.0
_C10507,-0.0
_C10508,-0.0
_C10509,-0.0
_C10510,-1.0
_C10511,-1.0
_C10512,-0.0
_C10513,-0.0
_C10514,-0.0
_C10515,-0.0
_C10516,-0.0
_C10517,-0.0
_C10518,-0.0
_C10519,-0.0
_C10520,-0.0
_C10521,-0.0
_C10522,-0.0
_C10523,-0.0
_C10524,-1.0
_C10525,-1.0
_C10526,-0.0
_C10527,-0.0
_C10528,-0.0
_C10529,-0.0
_C10530,-0.0
_C10531,-0.0
_C10532,-0.0
_C10533,-0.0
_C10534,-0.0
_C10535,-0.0
_C10536,-0.0
_C10537,-0.0
_C10538,-1.0
_C10539,-1.0
_C10540,-0.0
_C10541,-0.0
_C10542,-0.0
_C10543,-0.0
_C10544,-0.0
_C10545,-0.0
_C10546,-0.0
_C10547,-0.0
_C10548,-0.0
_C10549,-0.0
_C10550,-0.0
_C10551,-0.0
_C10552,-1.0
_C10553,-1.0
_C10554,-0.0
_C10555,-0.0
_C10556,-0.0
_C10557,-0.0
_C10558,-0.0
_C10559,-0.0
_C10560,-0.0
_C10561,-0.0
_C10562,-0.0
_C10563,-0.0
_C10564,-0.0
_C10565,-0.0
_C10566,-1.0
_C10567,-1.0
_C10568,-0.0
_C10569,-0.0
_C10570,-0.0
_C10571,-0.0
_C10572,-0.0
_C10573,-0.0
_C10574,-0.0
_C10575,-0.0
_C10576,-0.0
_C10577,-0.0
_C10578,-0.0
_C10579,-0.0
_C10580,-1.0
_C10581,-1.0
_C10582,-0.0
_C10583,-0.0
_C10584,-0.0
_C10585,-0.0
_C10586,-0.0
_C10587,-0.0
_C10588,-0.0
_C10589,-0.0
_C10590,-0.0
_C10591,-0.0
_C10592,-0.0
_C10593,-0.0
_C10594,-1.0
_C10595,-1.0
_C10596,-0.0
_C10597,-0.0
_C10598,-0.0
_C10599,-0.0
_C10600,-0.0
_C10601,-0.0
_C10602,-0.0
_C10603,-0.0
_C10604,-0.0
_C10605,-0.0
_C10606,-0.0
_C10607,-0.0
_C10608,-1.0
_C10609,-1.0
_C10610,-0.0
_C10611,-0.0
_C10612,-0.0
_C10613,-0.0
_C10614,-0.0
_C10615,-0.0
_C10616,-0.0
_C10617,-0.0
_C10618,-0.0
_C10619,-0.0
_C10620,-0.0
_C10621,-0.0
_C10622,-1.0
_C10623,-1.0
_C10624,-0.0
_C10625,-0.0
_C10626,-0.0
_C10627,-0.0
_C10628,-0.0
_C10629,-0.0
_C10630,-0.0
_C10631,-0.0
_C10632,-0.0
_C10633,-0.0
_C10634,-0.0
_C10635,-0.0
_C10636,-1.0
_C10637,-1.0
_C10638,-0.0
_C10639,-0.0
_C10640,-0.0
_C10641,-0.0
_C10642,-0.0
_C10643,-0.0
_C10644,-0.0
_C10645,-0.0
_C10646,-0.0
_C10647,-0.0
_C10648,-0.0
_C10649,-0.0
_C10650,-1.0
_C10651,-1.0
_C10652,-0.0
_C10653,-0.0
_C10654,-0.0
_C10655,-0.0
_C10656,-0.0
_C10657,-0.0
_C10658,-0.0
_C10659,-0.0
_C10660,-0.0
_C10661,-0.0
_C10662,-0.0
_C10663,-0.0
_C10664,-1.0
_C10665,-1.0
_C10666,-0.0
_C10667,-0.0
_C10668,-0.0
_C10669,-0.0
_C10670,-0.0
_C10671,-0.0
_C10672,-0.0
_C10673,-0.0
_C10674,-0.0
_C10675,-0.0
_C10676,-0.0
_C10677,-0.0
_C10678,-1.0
_C10679,-1.0
_C10680,-0.0
_C10681,-0.0
_C10682,-0.0
_C10683,-0.0
_C10684,-0.0
_C10685,-0.0
_C10686,-0.0
_C10687,-0.0
_C10688,-0.0
_C10689,-0.0
_C10690,-0.0
_C10691,-0.0
_C10692,-1.0
_C10693,-1.0
_C10694,-0.0
_C10695,-0.0
_C10696,-0.0
_C10697,-0.0
_C10698,-0.0
_C10699,-0.0
_C10700,-0.0
_C10701,-0.0
_C10702,-0.0
_C10703,-0.0
_C10704,-0.0
_C10705,-0.0
_C10706,-1.0
_C10707,-1.0
_C10708,-0.0
_C10709,-0.0
_C10710,-0.0
_C10711,-0.0
_C10712,-0.0
_C10713,-0.0
_C10714,-0.0
_C10715,-0.0
_C10716,-0.0
_C10717,-0.0
_C10718,-0.0
_C10719,-0.0
_C10720,-1.0
_C10721,-1.0
_C10722,-0.0
_C10723,-0.0
_C10724,-0.0
_C10725,-0.0
_C10726,-0.0
_C10727,-0.0
_C10728,-0.0
_C10729,-0.0
_C10730,-0.0
_C10731,-0.0
_C10732,-0.0
_C10733,-0.0
_C10734,-1.0
_C10735,-1.0
_C10736,-0.0
_C10737,-0.0
_C10738,-0.0
_C10739,-0.0
_C10740,-0.0
_C10741,-0.0
_C10742,-0.0
_C10743,-0.0
_C10744,-0.0
_C10745,-0.0
_C10746,-0.0
_C10747,-0.0
_C10748,-1.0
_C10749,-1.0
_C10750,-0.0
_C10751,-0.0
_C10752,-0.0
_C10753,-0.0
_C10754,-0.0
_C10755,-0.0
_C10756,-0.0
_C10757,-0.0
_C10758,-0.0
_C10759,-0.0
_C10760,-0.0
_C10761,-0.0
_C10762,-1.0
_C10763,-1.0
_C10764,-0.0
_C10765,-0.0
_C10766,-0.0
_C10767,-0.0
_C10768,-0.0
_C10769,-0.0
_C10770,-0.0
_C10771,-0.0
_C10772,-0.0
_C10773,-0.0
_C10774,-0.0
_C10775,-0.0
_C10776,-1.0
_C10777,-1.0
_C10778,-0.0
_C10779,-0.0
_C10780,-0.0
_C10781,-0.0
_C10782,-0.0
_C10783,-0.0
_C10784,-0.0
_C10785,-0.0
_C10786,-0.0
_C10787,-0.0
_C10788,-0.0
_C10789,-0.0
_C10790,-1.0
_C10791,-1.0
_C10792,-0.0
_C10793,-0.0
_C10794,-0.0
_C10795,-0.0
_C10796,-0.0
_C10797,-0.0
_C10798,-0.0
_C10799,-0.0
_C10800,-0.0
_C10801,-0.0
_C10802,-0.0
_C10803,-0.0
_C10804,-1.0
_C10805,-1.0
_C10806,-0.0
_C10807,-0.0
_C10808,-0.0
_C10809,-0.0
_C10810,-0.0
_C10811,-0.0
_C10812,-0.0
_C10813,-0.0
_C10814,-0.0
_C10815,-0.0
_C10816,-0.0
_C10817,-0.0
_C10818,-1.0
_C10819,-1.0
_C10820,-0.0
_C10821,-0.0
_C10822,-0.0
_C10823,-0.0
_C10824,-0.0
_C10825,-0.0
_C10826,-0.0
_C10827,-0.0
_C10828,-0.0
_C10829,-0.0
_C10830,-0.0
_C10831,-0.0
_C10832,-1.0
_C10833,-1.0
_C10834,-0.0
_C10835,-0.0
_C10836,-0.0
_C10837,-0.0
_C10838,-0.0
_C10839,-0.0
_C10840,-0.0
_C10841,-0.0
_C10842,-0.0
_C10843,-0.0
_C10844,-0.0
_C10845,-0.0
_C10846,-1.0
_C10847,-1.0
_C10848,-0.0
_C10849,-0.0
_C10850,-0.0
_C10851,-0.0
_C10852,-0.0
_C10853,-0.0
_C10854,-0.0
_C10855,-0.0
_C10856,-0.0
_C10857,-0.0
_C10858,-0.0
_C10859,-0.0
_C10860,-1.0
_C10861,-1.0
_C10862,-0.0
_C10863,-0.0
_C10864,-0.0
_C10865,-0.0
_C10866,-0.0
_C10867,-0.0
_C10868,-0.0
_C10869,-0.0
_C10870,-0.0
_C10871,-0.0
_C10872,-0.0
_C10873,-0.0
_C10874,-1.0
_C10875,-1.0
_C10876,-0.0
_C10877,-0.0
_C10878,-0.0
_C10879,-0.0
_C10880,-0.0
_C10881,-0.0
_C10882,-0.0
_C10883,-0.0
_C10884,-0.0
_C10885,-0.0
_C10886,-0.0
_C10887,-0.0
_C10888,-1.0
_C10889,-1.0
_C10890,-0.0
_C10891,-0.0
_C10892,-0.0
_C10893,-0.0
_C10894,-0.0
_C10895,-0.0
_C10896,-0.0
_C10897,-0.0
_C10898,-0.0
_C10899,-0.0
_C10900,-0.0
_C10901,-0.0
_C10902,-1.0
_C10903,-1.0
_C10904,-0.0
_C10905,-0.0
_C10906,-0.0
_C10907,-0.0
_C10908,-0.0
_C10909,-0.0
_C10910,-0.0
_C10911,-0.0
_C10912,-0.0
_C10913,-0.0
_C10914,-0.0
_C10915,-0.0
_C10916,-1.0
_C10917,-1.0
_C10918,-0.0
_C10919,-0.0
_C10920,-0.0
_C10921,-0.0
_C10922,-0.0
_C10923,-0.0
_C10924,-0.0
_C10925,-0.0
_C10926,-0.0
_C10927,-0.0
_C10928,-0.0
_C10929,-0.0
_C10930,-1.0
_C10931,-1.0
_C10932,-0.0
_C10933,-0.0
_C10934,-0.0
_C10935,-0.0
_C10936,-0.0
_C10937,-0.0
_C10938,-0.0
_C10939,-0.0
_C10940,-0.0
_C10941,-0.0
_C10942,-0.0
_C10943,-0.0
_C10944,-1.0
_C10945,-1.0
_C10946,-0.0
_C10947,-0.0
_C10948,-0.0
_C10949,-0.0
_C10950,-0.0
_C10951,-0.0
_C10952,-0.0
_C10953,-0.0
_C10954,-0.0
_C10955,-0.0
_C10956,-0.0
_C10957,-0.0
_C10958,-1.0
_C10959,-1.0
_C10960,-0.0
_C10961,-0.0
_C10962,-0.0
_C10963,-0.0
_C10964,-0.0
_C10965,-0.0
_C10966,-0.0
_C10967,-0.0
_C10968,-0.0
_C10969,-0.0
_C10970,-0.0
_C10971,-0.0
_C10972,-1.0
_C10973,-1.0
_C10974,-0.0
_C10975,-0.0
_C10976,-0.0
_C10977,-0.0
_C10978,-0.0
_C10979,-0.0
_C10980,-0.0
_C10981,-0.0
_C10982,-0.0
_C10983,-0.0
_C10984,-0.0
_C10985,-0.0
_C10986,-1.0
_C10987,-1.0
_C10988,-0.0
_C10989,-0.0
_C10990,-0.0
_C10991,-0.0
_C10992,-0.0
_C10993,-0.0
_C10994,-0.0
_C10995,-0.0
_C10996,-0.0
_C10997,-0.0
_C10998,-0.0
_C10999,-0.0
_C11000,-1.0
_C11001,-1.0
_C11002,-0.0
_C11003,-0.0
_C11004,-0.0
_C11005,-0.0
_C11006,-0.0
_C11007,-0.0
_C11008,-0.0
_C11009,-0.0
_C11010,-0.0
_C11011,-0.0
_C11012,-0.0
_C11013,-0.0
_C11014,-1.0
_C11015,-1.0
_C11016,-0.0
_C11017,-0.0
_C11018,-0.0
_C11019,-0.0
_C11020,-0.0
_C11021,-0.0
_C11022,-0.0
_C11023,-0.0
_C11024,-0.0
_C11025,-0.0
_C11026,-0.0
_C11027,-0.0
_C11028,-1.0
_C11029,-1.0
_C11030,-0.0
_C11031,-0.0
_C11032,-0.0
_C11033,-0.0
_C11034,-0.0
_C11035,-0.0
_C11036,-0.0
_C11037,-0.0
_C11038,-0.0
_C11039,-0.0
_C11040,-0.0
_C11041,-0.0
_C11042,-1.0
_C11043,-1.0
_C11044,-0.0
_C11045,-0.0
_C11046,-0.0
_C11047,-0.0
_C11048,-0.0
_C11049,-0.0
_C11050,-0.0
_C11051,-0.0
_C11052,-0.0
_C11053,-0.0
_C11054,-0.0
_C11055,-0.0
_C11056,-1.0
_C11057,-1.0
_C11058,-0.0
_C11059,-0.0
_C11060,-0.0
_C11061,-0.0
_C11062,-0.0
_C11063,-0.0
_C11064,-0.0
_C11065,-0.0
_C11066,-0.0
_C11067,-0.0
_C11068,-0.0
_C11069,-0.0
_C11070,-1.0
_C11071,-1.0
_C11072,-0.0
_C11073,-0.0
_C11074,-0.0
_C11075,-0.0
_C11076,-0.0
_C11077,-0.0
_C11078,-0.0
_C11079,-0.0
_C11080,-0.0
_C11081,-0.0
_C11082,-0.0
_C11083,-0.0
_C11084,-1.0
_C11085,-1.0
_C11086,-0.0
_C11087,-0.0
_C11088,-0.0
_C11089,-0.0
_C11090,-0.0
_C11091,-0.0
_C11092,-0.0
_C11093,-0.0
_C11094,-0.0
_C11095,-0.0
_C11096,-0.0
_C11097,-0.0
_C11098,-1.0
_C11099,-1.0
_C11100,-0.0
_C11101,-0.0
_C11102,-0.0
_C11103,-0.0
_C11104,-0.0
_C11105,-0.0
_C11106,-0.0
_C11107,-0.0
_C11108,-0.0
_C11109,-0.0
_C11110,-0.0
_C11111,-0.0
_C11112,-1.0
_C11113,-1.0
_C11114,-0.0
_C11115,-0.0
_C11116,-0.0
_C11117,-0.0
_C11118,-0.0
_C11119,-0.0
_C11120,-0.0
_C11121,-0.0
_C11122,-0.0
_C11123,-0.0
_C11124,-0.0
_C11125,-0.0
_C11126,-1.0
_C11127,-1.0
_C11128,-0.0
_C11129,-0.0
_C11130,-0.0
_C11131,-0.0
_C11132,-0.0
_C11133,-0.0
_C11134,-0.0
_C11135,-0.0
_C11136,-0.0
_C11137,-0.0
_C11138,-0.0
_C11139,-0.0
_C11140,-1.0
_C11141,-1.0
_C11142,-0.0
_C11143,-0.0
_C11144,-0.0
_C11145,-0.0
_C11146,-0.0
_C11147,-0.0
_C11148,-0.0
_C11149,-0.0
_C11150,-0.0
_C11151,-0.0
_C11152,-0.0
_C11153,-0.0
_C11154,-1.0
_C11155,-1.0
_C11156,-0.0
_C11157,-0.0
_C11158,-0.0
_C11159,-0.0
_C11160,-0.0
_C11161,-0.0
_C11162,-0.0
_C11163,-0.0
_C11164,-0.0
_C11165,-0.0
_C11166,-0.0
_C11167,-0.0
_C11168,-1.0
_C11169,-1.0
_C11170,-0.0
_C11171,-0.0
_C11172,-0.0
_C11173,-0.0
_C11174,-0.0
_C11175,-0.0
_C11176,-0.0
_C11177,-0.0
_C11178,-0.0
_C11179,-0.0
_C11180,-0.0
_C11181,-0.0
_C11182,-1.0
_C11183,-1.0
_C11184,-0.0
_C11185,-0.0
_C11186,-0.0
_C11187,-0.0
_C11188,-0.0
_C11189,-0.0
_C11190,-0.0
_C11191,-0.0
_C11192,-0.0
_C11193,-0.0
_C11194,-0.0
_C11195,-0.0
_C11196,-1.0
_C11197,-1.0
_C11198,-0.0
_C11199,-0.0
_C11200,-0.0
_C11201,-0.0
_C11202,-0.0
_C11203,-0.0
_C11204,-0.0
_C11205,-0.0
_C11206,-0.0
_C11207,-0.0
_C11208,-0.0
_C11209,-0.0
_C11210,-1.0
_C11211,-1.0
_C11212,-0.0
_C11213,-0.0
_C11214,-0.0
_C11215,-0.0
_C11216,-0.0
_C11217,-0.0
_C11218,-0.0
_C11219,-0.0
_C11220,-0.0
_C11221,-0.0
_C11222,-0.0
_C11223,-0.0
_C11224,-1.0
_C11225,-1.0
_C11226,-0.0
_C11227,-0.0
_C11228,-0.0
_C11229,-0.0
_C11230,-0.0
_C11231,-0.0
_C11232,-0.0
_C11233,-0.0
_C11234,-0.0
_C11235,-0.0
_C11236,-0.0
_C11237,-0.0
_C11238,-1.0
_C11239,-1.0
_C11240,-0.0
_C11241,-0.0
_C11242,-0.0
_C11243,-0.0
_C11244,-0.0
_C11245,-0.0
_C11246,-0.0
_C11247,-0.0
_C11248,-0.0
_C11249,-0.0
_C11250,-0.0
_C11251,-0.0
_C11252,-1.0
_C11253,-1.0
_C11254,-0.0
_C11255,-0.0
_C11256,-0.0
_C11257,-0.0
_C11258,-0.0
_C11259,-0.0
_C11260,-0.0
_C11261,-0.0
_C11262,-0.0
_C11263,-0.0
_C11264,-0.0
_C11265,-0.0
_C11266,-1.0
_C11267,-1.0
_C11268,-0.0
_C11269,-0.0
_C11270,-0.0
_C11271,-0.0
_C11272,-0.0
_C11273,-0.0
_C11274,-0.0
_C11275,-0.0
_C11276,-0.0
_C11277,-0.0
_C11278,-0.0
_C11279,-0.0
_C11280,-1.0
_C11281,-1.0
_C11282,-0.0
_C11283,-0.0
_C11284,-0.0
_C11285,-0.0
_C11286,-0.0
_C11287,-0.0
_C11288,-0.0
_C11289,-0.0
_C11290,-0.0
_C11291,-0.0
_C11292,-0.0
_C11293,-0.0
_C11294,-1.0
_C11295,-1.0
_C11296,-0.0
_C11297,-0.0
_C11298,-0.0
_C11299,-0.0
_C11300,-0.0
_C11301,-0.0
_C11302,-0.0
_C11303,-0.0
_C11304,-0.0
_C11305,-0.0
_C11306,-0.0
_C11307,-0.0
_C11308,-1.0
_C11309,-1.0
_C11310,-0.0
_C11311,-0.0
_C11312,-0.0
_C11313,-0.0
_C11314,-0.0
_C11315,-0.0
_C11316,-0.0
_C11317,-0.0
_C11318,-0.0
_C11319,-0.0
_C11320,-0.0
_C11321,-0.0
_C11322,-1.0
_C11323,-1.0
_C11324,-0.0
_C11325,-0.0
_C11326,-0.0
_C11327,-0.0
_C11328,-0.0
_C11329,-0.0
_C11330,-0.0
_C11331,-0.0
_C11332,-0.0
_C11333,-0.0
_C11334,-0.0
_C11335,-0.0
_C11336,-1.0
_C11337,-1.0
_C11338,-0.0
_C11339,-0.0
_C11340,-0.0
_C11341,-0.0
_C11342,-0.0
_C11343,-0.0
_C11344,-0.0
_C11345,-0.0
_C11346,-0.0
_C11347,-0.0
_C11348,-0.0
_C11349,-0.0
_C11350,-1.0
_C11351,-1.0
_C11352,-0.0
_C11353,-0.0
_C11354,-0.0
_C11355,-0.0
_C11356,-0.0
_C11357,-0.0
_C11358,-0.0
_C11359,-0.0
_C11360,-0.0
_C11361,-0.0
_C11362,-0.0
_C11363,-0.0
_C11364,-1.0
_C11365,-1.0
_C11366,-0.0
_C11367,-0.0
_C11368,-0.0
_C11369,-0.0
_C11370,-0.0
_C11371,-0.0
_C11372,-0.0
_C11373,-0.0
_C11374,-0.0
_C11375,-0.0
_C11376,-0.0
_C11377,-0.0
_C11378,-1.0
_C11379,-1.0
_C11380,-0.0
_C11381,-0.0
_C11382,-0.0
_C11383,-0.0
_C11384,-0.0
_C11385,-0.0
_C11386,-0.0
_C11387,-0.0
_C11388,-0.0
_C11389,-0.0
_C11390,-0.0
_C11391,-0.0
_C11392,-1.0
_C11393,-1.0
_C11394,-0.0
_C11395,-0.0
_C11396,-0.0
_C11397,-0.0
_C11398,-0.0
_C11399,-0.0
_C11400,-0.0
_C11401,-0.0
_C11402,-0.0
_C11403,-0.0
_C11404,-0.0
_C11405,-0.0
_C11406,-1.0
_C11407,-1.0
_C11408,-0.0
_C11409,-0.0
_C11410,-0.0
_C11411,-0.0
_C11412,-0.0
_C11413,-0.0
_C11414,-0.0
_C11415,-0.0
_C11416,-0.0
_C11417,-0.0
_C11418,-0.0
_C11419,-0.0
_C11420,-1.0
_C11421,-1.0
_C11422,-0.0
_C11423,-0.0
_C11424,-0.0
_C11425,-0.0
_C11426,-0.0
_C11427,-0.0
_C11428,-0.0
_C11429,-0.0
_C11430,-0.0
_C11431,-0.0
_C11432,-0.0
_C11433,-0.0
_C11434,-1.0
_C11435,-1.0
_C11436,-0.0
_C11437,-0.0
_C11438,-0.0
_C11439,-0.0
_C11440,-0.0
_C11441,-0.0
_C11442,-0.0
_C11443,-0.0
_C11444,-0.0
_C11445,-0.0
_C11446,-0.0
_C11447,-0.0
_C11448,-1.0
_C11449,-1.0
_C11450,-0.0
_C11451,-0.0
_C11452,-0.0
_C11453,-0.0
_C11454,-0.0
_C11455,-0.0
_C11456,-0.0
_C11457,-0.0
_C11458,-0.0
_C11459,-0.0
_C11460,-0.0
_C11461,-0.0
_C11462,-1.0
_C11463,-1.0
_C11464,-0.0
_C11465,-0.0
_C11466,-0.0
_C11467,-0.0
_C11468,-0.0
_C11469,-0.0
_C11470,-0.0
_C11471,-0.0
_C11472,-0.0
_C11473,-0.0
_C11474,-0.0
_C11475,-0.0
_C11476,-1.0
_C11477,-1.0
_C11478,-0.0
_C11479,-0.0
_C11480,-0.0
_C11481,-0.0
_C11482,-0.0
_C11483,-0.0
_C11484,-0.0
_C11485,-0.0
_C11486,-0.0
_C11487,-0.0
_C11488,-0.0
_C11489,-0.0
_C11490,-1.0
_C11491,-1.0
_C11492,-0.0
_C11493,-0.0
_C11494,-0.0
_C11495,-0.0
_C11496,-0.0
_C11497,-0.0
_C11498,-0.0
_C11499,-0.0
_C11500,-0.0
_C11501,-0.0
_C11502,-0.0
_C11503,-0.0
_C11504,-1.0
_C11505,-1.0
_C11506,-0.0
_C11507,-0.0
_C11508,-0.0
_C11509,-0.0
_C11510,-0.0
_C11511,-0.0
_C11512,-0.0
_C11513,-0.0
_C11514,-0.0
_C11515,-0.0
_C11516,-0.0
_C11517,-0.0
_C11518,-1.0
_C11519,-1.0
_C11520,-0.0
_C11521,-0.0
_C11522,-0.0
_C11523,-0.0
_C11524,-0.0
_C11525,-0.0
_C11526,-0.0
_C11527,-0.0
_C11528,-0.0
_C11529,-0.0
_C11530,-0.0
_C11531,-0.0
_C11532,-1.0
_C11533,-1.0
_C11534,-0.0
_C11535,-0.0
_C11536,-0.0
_C11537,-0.0
_C11538,-0.0
_C11539,-0.0
_C11540,-0.0
_C11541,-0.0
_C11542,-0.0
_C11543,-0.0
_C11544,-0.0
_C11545,-0.0
_C11546,-1.0
_C11547,-1.0
_C11548,-0.0
_C11549,-0.0
_C11550,-0.0
_C11551,-0.0
_C11552,-0.0
_C11553,-0.0
_C11554,-0.0
_C11555,-0.0
_C11556,-0.0
_C11557,-0.0
_C11558,-0.0
_C11559,-0.0
_C11560,-1.0
_C11561,-1.0
_C11562,-0.0
_C11563,-0.0
_C11564,-0.0
_C11565,-0.0
_C11566,-0.0
_C11567,-0.0
_C11568,-0.0
_C11569,-0.0
_C11570,-0.0
_C11571,-0.0
_C11572,-0.0
_C11573,-0.0
_C11574,-1.0
_C11575,-1.0
_C11576,-0.0
_C11577,-0.0
_C11578,-0.0
_C11579,-0.0
_C11580,-0.0
_C11581,-0.0
_C11582,-0.0
_C11583,-0.0
_C11584,-0.0
_C11585,-0.0
_C11586,-0.0
_C11587,-0.0
_C11588,-1.0
_C11589,-1.0
_C11590,-0.0
_C11591,-0.0
_C11592,-0.0
_C11593,-0.0
_C11594,-0.0
_C11595,-0.0
_C11596,-0.0
_C11597,-0.0
_C11598,-0.0
_C11599,-0.0
_C11600,-0.0
_C11601,-0.0
_C11602,-1.0
_C11603,-1.0
_C11604,-0.0
_C11605,-0.0
_C11606,-0.0
_C11607,-0.0
_C11608,-0.0
_C11609,-0.0
_C11610,-0.0
_C11611,-0.0
_C11612,-0.0
_C11613,-0.0
_C11614,-0.0
_C11615,-0.0
_C11616,-1.0
_C11617,-1.0
_C11618,-0.0
_C11619,-0.0
_C11620,-0.0
_C11621,-0.0
_C11622,-0.0
_C11623,-0.0
_C11624,-0.0
_C11625,-0.0
_C11626,-0.0
_C11627,-0.0
_C11628,-0.0
_C11629,-0.0
_C11630,-1.0
_C11631,-1.0
_C11632,-0.0
_C11633,-0.0
_C11634,-0.0
_C11635,-0.0
_C11636,-0.0
_C11637,-0.0
_C11638,-0.0
_C11639,-0.0
_C11640,-0.0
_C11641,-0.0
_C11642,-0.0
_C11643,-0.0
_C11644,-1.0
_C11645,-1.0
_C11646,-0.0
_C11647,-0.0
_C11648,-0.0
_C11649,-0.0
_C11650,-0.0
_C11651,-0.0
_C11652,-0.0
_C11653,-0.0
_C11654,-0.0
_C11655,-0.0
_C11656,-0.0
_C11657,-0.0
_C11658,-1.0
_C11659,-1.0
_C11660,-0.0
_C11661,-0.0
_C11662,-0.0
_C11663,-0.0
_C11664,-0.0
_C11665,-0.0
_C11666,-0.0
_C11667,-0.0
_C11668,-0.0
_C11669,-0.0
_C11670,-0.0
_C11671,-0.0
_C11672,-1.0
_C11673,-1.0
_C11674,-0.0
_C11675,-0.0
_C11676,-0.0
_C11677,-0.0
_C11678,-0.0
_C11679,-0.0
_C11680,-0.0
_C11681,-0.0
_C11682,-0.0
_C11683,-0.0
_C11684,-0.0
_C11685,-0.0
_C11686,-1.0
_C11687,-1.0
_C11688,-0.0
_C11689,-0.0
_C11690,-0.0
_C11691,-0.0
_C11692,-0.0
_C11693,-0.0
_C11694,-0.0
_C11695,-0.0
_C11696,-0.0
_C11697,-0.0
_C11698,-0.0
_C11699,-0.0
_C11700,-1.0
_C11701,-1.0
_C11702,-0.0
_C11703,-0.0
_C11704,-0.0
_C11705,-0.0
_C11706,-0.0
_C11707,-0.0
_C11708,-0.0
_C11709,-0.0
_C11710,-0.0
_C11711,-0.0
_C11712,-0.0
_C11713,-0.0
_C11714,-1.0
_C11715,-1.0
_C11716,-0.0
_C11717,-0.0
_C11718,-0.0
_C11719,-0.0
_C11720,-0.0
_C11721,-0.0
_C11722,-0.0
_C11723,-0.0
_C11724,-0.0
_C11725,-0.0
_C11726,-0.0
_C11727,-0.0
_C11728,-1.0
_C11729,-1.0
_C11730,-0.0
_C11731,-0.0
_C11732,-0.0
_C11733,-0.0
_C11734,-0.0
_C11735,-0.0
_C11736,-0.0
_C11737,-0.0
_C11738,-0.0
_C11739,-0.0
_C11740,-0.0
_C11741,-0.0
_C11742,-1.0
_C11743,-1.0
_C11744,-0.0
_C11745,-0.0
_C11746,-0.0
_C11747,-0.0
_C11748,-0.0
_C11749,-0.0
_C11750,-0.0
_C11751,-0.0
_C11752,-0.0
_C11753,-0.0
_C11754,-0.0
_C11755,-0.0
_C11756,-1.0
_C11757,-1.0
_C11758,-0.0
_C11759,-0.0
_C11760,-0.0
_C11761,-0.0
_C11762,-0.0
_C11763,-0.0
_C11764,-0.0
_C11765,-0.0
_C11766,-0.0
_C11767,-0.0
_C11768,-0.0
_C11769,-0.0
_C11770,-1.0
_C11771,-1.0
_C11772,-0.0
_C11773,-0.0
_C11774,-0.0
_C11775,-0.0
_C11776,-0.0
_C11777,-0.0
_C11778,-0.0
_C11779,-0.0
_C11780,-0.0
_C11781,-0.0
_C11782,-0.0
_C11783,-0.0
_C11784,-1.0
_C11785,-1.0
_C11786,-0.0
_C11787,-0.0
_C11788,-0.0
_C11789,-0.0
_C11790,-0.0
_C11791,-0.0
_C11792,-0.0
_C11793,-0.0
_C11794,-0.0
_C11795,-0.0
_C11796,-0.0
_C11797,-0.0
_C11798,-1.0
_C11799,-1.0
_C11800,-0.0
_C11801,-0.0
_C11802,-0.0
_C11803,-0.0
_C11804,-0.0
_C11805,-0.0
_C11806,-0.0
_C11807,-0.0
_C11808,-0.0
_C11809,-0.0
_C11810,-0.0
_C11811,-0.0
_C11812,-1.0
_C11813,-1.0
_C11814,-0.0
_C11815,-0.0
_C11816,-0.0
_C11817,-0.0
_C11818,-0.0
_C11819,-0.0
_C11820,-0.0
_C11821,-0.0
_C11822,-0.0
_C11823,-0.0
_C11824,-0.0
_C11825,-0.0
_C11826,-1.0
_C11827,-1.0
_C11828,-0.0
_C11829,-0.0
_C11830,-0.0
_C11831,-0.0
_C11832,-0.0
_C11833,-0.0
_C11834,-0.0
_C11835,-0.0
_C11836,-0.0
_C11837,-0.0
_C11838,-0.0
_C11839,-0.0
_C11840,-1.0
_C11841,-1.0
_C11842,-0.0
_C11843,-0.0
_C11844,-0.0
_C11845,-0.0
_C11846,-0.0
_C11847,-0.0
_C11848,-0.0
_C11849,-0.0
_C11850,-0.0
_C11851,-0.0
_C11852,-0.0
_C11853,-0.0
_C11854,-1.0
_C11855,-1.0
_C11856,-0.0
_C11857,-0.0
_C11858,-0.0
_C11859,-0.0
_C11860,-0.0
_C11861,-0.0
_C11862,-0.0
_C11863,-0.0
_C11864,-0.0
_C11865,-0.0
_C11866,-0.0
_C11867,-0.0
_C11868,-1.0
_C11869,-1.0
_C11870,-0.0
_C11871,-0.0
_C11872,-0.0
_C11873,-0.0
_C11874,-0.0
_C11875,-0.0
_C11876,-0.0
_C11877,-0.0
_C11878,-0.0
_C11879,-0.0
_C11880,-0.0
_C11881,-0.0
_C11882,-1.0
_C11883,-1.0
_C11884,-0.0
_C11885,-0.0
_C11886,-0.0
_C11887,-0.0
_C11888,-0.0
_C11889,-0.0
_C11890,-0.0
_C11891,-0.0
_C11892,-0.0
_C11893,-0.0
_C11894,-0.0
_C11895,-0.0
_C11896,-1.0
_C11897,-1.0
_C11898,-0.0
_C11899,-0.0
_C11900,-0.0
_C11901,-0.0
_C11902,-0.0
_C11903,-0.0
_C11904,-0.0
_C11905,-0.0
_C11906,-0.0
_C11907,-0.0
_C11908,-0.0
_C11909,-0.0
_C11910,-1.0
_C11911,-1.0
_C11912,-0.0
_C11913,-0.0
_C11914,-0.0
_C11915,-0.0
_C11916,-0.0
_C11917,-0.0
_C11918,-0.0
_C11919,-0.0
_C11920,-0.0
_C11921,-0.0
_C11922,-0.0
_C11923,-0.0
_C11924,-1.0
_C11925,-1.0
_C11926,-0.0
_C11927,-0.0
_C11928,-0.0
_C11929,-0.0
_C11930,-0.0
_C11931,-0.0
_C11932,-0.0
_C11933,-0.0
_C11934,-0.0
_C11935,-0.0
_C11936,-0.0
_C11937,-0.0
_C11938,-1.0
_C11939,-1.0
_C11940,-0.0
_C11941,-0.0
_C11942,-0.0
_C11943,-0.0
_C11944,-0.0
_C11945,-0.0
_C11946,-0.0
_C11947,-0.0
_C11948,-0.0
_C11949,-0.0
_C11950,-0.0
_C11951,-0.0
_C11952,-1.0
_C11953,-1.0
_C11954,-0.0
_C11955,-0.0
_C11956,-0.0
_C11957,-0.0
_C11958,-0.0
_C11959,-0.0
_C11960,-0.0
_C11961,-0.0
_C11962,-0.0
_C11963,-0.0
_C11964,-0.0
_C11965,-0.0
_C11966,-1.0
_C11967,-1.0
_C11968,-0.0
_C11969,-0.0
_C11970,-0.0
_C11971,-0.0
_C11972,-0.0
_C11973,-0.0
_C11974,-0.0
_C11975,-0.0
_C11976,-0.0
_C11977,-0.0
_C11978,-0.0
_C11979,-0.0
_C11980,-1.0
_C11981,-1.0
_C11982,-0.0
_C11983,-0.0
_C11984,-0.0
_C11985,-0.0
_C11986,-0.0
_C11987,-0.0
_C11988,-0.0
_C11989,-0.0
_C11990,-0.0
_C11991,-0.0
_C11992,-0.0
_C11993,-0.0
_C11994,-1.0
_C11995,-1.0
_C11996,-0.0
_C11997,-0.0
_C11998,-0.0
_C11999,-0.0
_C12000,-0.0
_C12001,-0.0
_C12002,-0.0
_C12003,-0.0
_C12004,-0.0
_C12005,-0.0
_C12006,-0.0
_C12007,-0.0
_C12008,-1.0
_C12009,-1.0
_C12010,-0.0
_C12011,-0.0
_C12012,-0.0
_C12013,-0.0
_C12014,-0.0
_C12015,-0.0
_C12016,-0.0
_C12017,-0.0
_C12018,-0.0
_C12019,-0.0
_C12020,-0.0
_C12021,-0.0
_C12022,-1.0
_C12023,-1.0
_C12024,-0.0
_C12025,-0.0
_C12026,-0.0
_C12027,-0.0
_C12028,-0.0
_C12029,-0.0
_C12030,-0.0
_C12031,-0.0
_C12032,-0.0
_C12033,-0.0
_C12034,-0.0
_C12035,-0.0
_C12036,-1.0
_C12037,-1.0
_C12038,-0.0
_C12039,-0.0
_C12040,-0.0
_C12041,-0.0
_C12042,-0.0
_C12043,-0.0
_C12044,-0.0
_C12045,-0.0
_C12046,-0.0
_C12047,-0.0
_C12048,-0.0
_C12049,-0.0
_C12050,-1.0
_C12051,-1.0
_C12052,-0.0
_C12053,-0.0
_C12054,-0.0
_C12055,-0.0
_C12056,-0.0
_C12057,-0.0
_C12058,-0.0
_C12059,-0.0
_C12060,-0.0
_C12061,-0.0
_C12062,-0.0
_C12063,-0.0
_C12064,-1.0
_C12065,-1.0
_C12066,-0.0
_C12067,-0.0
_C12068,-0.0
_C12069,-0.0
_C12070,-0.0
_C12071,-0.0
_C12072,-0.0
_C12073,-0.0
_C12074,-0.0
_C12075,-0.0
_C12076,-0.0
_C12077,-0.0
_C12078,-1.0
_C12079,-1.0
_C12080,-0.0
_C12081,-0.0
_C12082,-0.0
_C12083,-0.0
_C12084,-0.0
_C12085,-0.0
_C12086,-0.0
_C12087,-0.0
_C12088,-0.0
_C12089,-0.0
_C12090,-0.0
_C12091,-0.0
_C12092,-1.0
_C12093,-1.0
_C12094,-0.0
_C12095,-0.0
_C12096,-0.0
_C12097,-0.0
_C12098,-0.0
_C12099,-0.0
_C12100,-0.0
_C12101,-0.0
_C12102,-0.0
_C12103,-0.0
_C12104,-0.0
_C12105,-0.0
_C12106,-1.0
_C12107,-1.0
_C12108,-0.0
_C12109,-0.0
_C12110,-0.0
_C12111,-0.0
_C12112,-0.0
_C12113,-0.0
_C12114,-0.0
_C12115,-0.0
_C12116,-0.0
_C12117,-0.0
_C12118,-0.0
_C12119,-0.0
_C12120,-1.0
_C12121,-1.0
_C12122,-0.0
_C12123,-0.0
_C12124,-0.0
_C12125,-0.0
_C12126,-0.0
_C12127,-0.0
_C12128,-0.0
_C12129,-0.0
_C12130,-0.0
_C12131,-0.0
_C12132,-0.0
_C12133,-0.0
_C12134,-1.0
_C12135,-1.0
_C12136,-0.0
_C12137,-0.0
_C12138,-0.0
_C12139,-0.0
_C12140,-0.0
_C12141,-0.0
_C12142,-0.0
_C12143,-0.0
_C12144,-0.0
_C12145,-0.0
_C12146,-0.0
_C12147,-0.0
_C12148,-1.0
_C12149,-1.0
_C12150,-0.0
_C12151,-0.0
_C12152,-0.0
_C12153,-0.0
_C12154,-0.0
_C12155,-0.0
_C12156,-0.0
_C12157,-0.0
_C12158,-0.0
_C12159,-0.0
_C12160,-0.0
_C12161,-0.0
_C12162,-1.0
_C12163,-1.0
_C12164,-0.0
_C12165,-0.0
_C12166,-0.0
_C12167,-0.0
_C12168,-0.0
_C12169,-0.0
_C12170,-0.0
_C12171,-0.0
_C12172,-0.0
_C12173,-0.0
_C12174,-0.0
_C12175,-0.0
_C12176,-1.0
_C12177,-1.0
_C12178,-0.0
_C12179,-0.0
_C12180,-0.0
_C12181,-0.0
_C12182,-0.0
_C12183,-0.0
_C12184,-0.0
_C12185,-0.0
_C12186,-0.0
_C12187,-0.0
_C12188,-0.0
_C12189,-0.0
_C12190,-1.0
_C12191,-1.0
_C12192,-0.0
_C12193,-0.0
_C12194,-0.0
_C12195,-0.0
_C12196,-0.0
_C12197,-0.0
_C12198,-0.0
_C12199,-0.0
_C12200,-0.0
_C12201,-0.0
_C12202,-0.0
_C12203,-0.0
_C12204,-1.0
_C12205,-1.0
_C12206,-0.0
_C12207,-0.0
_C12208,-0.0
_C12209,-0.0
_C12210,-0.0
_C12211,-0.0
_C12212,-0.0
_C12213,-0.0
_C12214,-0.0
_C12215,-0.0
_C12216,-0.0
_C12217,-0.0
_C12218,-1.0
_C12219,-1.0
_C12220,-0.0
_C12221,-0.0
_C12222,-0.0
_C12223,-0.0
_C12224,-0.0
_C12225,-0.0
_C12226,-0.0
_C12227,-0.0
_C12228,-0.0
_C12229,-0.0
_C12230,-0.0
_C12231,-0.0
_C12232,-1.0
_C12233,-1.0
_C12234,-0.0
_C12235,-0.0
_C12236,-0.0
_C12237,-0.0
_C12238,-0.0
_C12239,-0.0
_C12240,-0.0
_C12241,-0.0
_C12242,-0.0
_C12243,-0.0
_C12244,-0.0
_C12245,-0.0
_C12246,-1.0
_C12247,-1.0
_C12248,-0.0
_C12249,-0.0
_C12250,-0.0
_C12251,-0.0
_C12252,-0.0
_C12253,-0.0
_C12254,-0.0
_C12255,-0.0
_C12256,-0.0
_C12257,-0.0
_C12258,-0.0
_C12259,-0.0
_C12260,-1.0
_C12261,-1.0
_C12262,-0.0
_C12263,-0.0
_C12264,-0.0
_C12265,-0.0
_C12266,-0.0
_C12267,-0.0
_C12268,-0.0
_C12269,-0.0
_C12270,-0.0
_C12271,-0.0
_C12272,-0.0
_C12273,-0.0
_C12274,-1.0
_C12275,-1.0
_C12276,-0.0
_C12277,-0.0
_C12278,-0.0
_C12279,-0.0
_C12280,-0.0
_C12281,-0.0
_C12282,-0.0
_C12283,-0.0
_C12284,-0.0
_C12285,-0.0
_C12286,-0.0
_C12287,-0.0
_C12288,-1.0
_C12289,-1.0
_C12290,-0.0
_C12291,-0.0
_C12292,-0.0
_C12293,-0.0
_C12294,-0.0
_C12295,-0.0
_C12296,-0.0
_C12297,-0.0
_C12298,-0.0
_C12299,-0.0
_C12300,-0.0
_C12301,-0.0
_C12302,-1.0
_C12303,-1.0
_C12304,-0.0
_C12305,-0.0
_C12306,-0.0
_C12307,-0.0
_C12308,-0.0
_C12309,-0.0
_C12310,-0.0
_C12311,-0.0
_C12312,-0.0
_C12313,-0.0
_C12314,-0.0
_C12315,-0.0
_C12316,-1.0
_C12317,-1.0
_C12318,-0.0
_C12319,-0.0
_C12320,-0.0
_C12321,-0.0
_C12322,-0.0
_C12323,-0.0
_C12324,-0.0
_C12325,-0.0
_C12326,-0.0
_C12327,-0.0
_C12328,-0.0
_C12329,-0.0
_C12330,-1.0
_C12331,-1.0
_C12332,-0.0
_C12333,-0.0
_C12334,-0.0
_C12335,-0.0
_C12336,-0.0
_C12337,-0.0
_C12338,-0.0
_C12339,-0.0
_C12340,-0.0
_C12341,-0.0
_C12342,-0.0
_C12343,-0.0
_C12344,-1.0
_C12345,-1.0
_C12346,-0.0
_C12347,-0.0
_C12348,-0.0
_C12349,-0.0
_C12350,-0.0
_C12351,-0.0
_C12352,-0.0
_C12353,-0.0
_C12354,-0.0
_C12355,-0.0
_C12356,-0.0
_C12357,-0.0
_C12358,-1.0
_C12359,-1.0
_C12360,-0.0
_C12361,-0.0
_C12362,-0.0
_C12363,-0.0
_C12364,-0.0
_C12365,-0.0
_C12366,-0.0
_C12367,-0.0
_C12368,-0.0
_C12369,-0.0
_C12370,-0.0
_C12371,-0.0
_C12372,-1.0
_C12373,-1.0
_C12374,-0.0
_C12375,-0.0
_C12376,-0.0
_C12377,-0.0
_C12378,-0.0
_C12379,-0.0
_C12380,-0.0
_C12381,-0.0
_C12382,-0.0
_C12383,-0.0
_C12384,-0.0
_C12385,-0.0
_C12386,-1.0
_C12387,-1.0
_C12388,-0.0
_C12389,-0.0
_C12390,-0.0
_C12391,-0.0
_C12392,-0.0
_C12393,-0.0
_C12394,-0.0
_C12395,-0.0
_C12396,-0.0
_C12397,-0.0
_C12398,-0.0
_C12399,-0.0
_C12400,-1.0
_C12401,-1.0
_C12402,-0.0
_C12403,-0.0
_C12404,-0.0
_C12405,-0.0
_C12406,-0.0
_C12407,-0.0
_C12408,-0.0
_C12409,-0.0
_C12410,-0.0
_C12411,-0.0
_C12412,-0.0
_C12413,-0.0
_C12414,-1.0
_C12415,-1.0
_C12416,-0.0
_C12417,-0.0
_C12418,-0.0
_C12419,-0.0
_C12420,-0.0
_C12421,-0.0
_C12422,-0.0
_C12423,-0.0
_C12424,-0.0
_C12425,-0.0
_C12426,-0.0
_C12427,-0.0
_C12428,-1.0
_C12429,-1.0
_C12430,-0.0
_C12431,-0.0
_C12432,-0.0
_C12433,-0.0
_C12434,-0.0
_C12435,-0.0
_C12436,-0.0
_C12437,-0.0
_C12438,-0.0
_C12439,-0.0
_C12440,-0.0
_C12441,-0.0
_C12442,-1.0
_C12443,-1.0
_C12444,-0.0
_C12445,-0.0
_C12446,-0.0
_C12447,-0.0
_C12448,-0.0
_C12449,-0.0
_C12450,-0.0
_C12451,-0.0
_C12452,-0.0
_C12453,-0.0
_C12454,-0.0
_C12455,-0.0
_C12456,-1.0
_C12457,-1.0
_C12458,-0.0
_C12459,-0.0
_C12460,-0.0
_C12461,-0.0
_C12462,-0.0
_C12463,-0.0
_C12464,-0.0
_C12465,-0.0
_C12466,-0.0
_C12467,-0.0
_C12468,-0.0
_C12469,-0.0
_C12470,-1.0
_C12471,-1.0
_C12472,-0.0
_C12473,-0.0
_C12474,-0.0
_C12475,-0.0
_C12476,-0.0
_C12477,-0.0
_C12478,-0.0
_C12479,-0.0
_C12480,-0.0
_C12481,-0.0
_C12482,-0.0
_C12483,-0.0
_C12484,-1.0
_C12485,-1.0
_C12486,-0.0
_C12487,-0.0
_C12488,-0.0
_C12489,-0.0
_C12490,-0.0
_C12491,-0.0
_C12492,-0.0
_C12493,-0.0
_C12494,-0.0
_C12495,-0.0
_C12496,-0.0
_C12497,-0.0
_C12498,-1.0
_C12499,-1.0
_C12500,-0.0
_C12501,-0.0
_C12502,-0.0
_C12503,-0.0
_C12504,-0.0
_C12505,-0.0
_C12506,-0.0
_C12507,-0.0
_C12508,-0.0
_C12509,-0.0
_C12510,-0.0
_C12511,-0.0
_C12512,-1.0
_C12513,-1.0
_C12514,-0.0
_C12515,-0.0
_C12516,-0.0
_C12517,-0.0
_C12518,-0.0
_C12519,-0.0
_C12520,-0.0
_C12521,-0.0
_C12522,-0.0
_C12523,-0.0
_C12524,-0.0
_C12525,-0.0
_C12526,-1.0
_C12527,-1.0
_C12528,-0.0
_C12529,-0.0
_C12530,-0.0
_C12531,-0.0
_C12532,-0.0
_C12533,-0.0
_C12534,-0.0
_C12535,-0.0
_C12536,-0.0
_C12537,-0.0
_C12538,-0.0
_C12539,-0.0
_C12540,-1.0
_C12541,-1.0
_C12542,-0.0
_C12543,-0.0
_C12544,-0.0
_C12545,-0.0
_C12546,-0.0
_C12547,-0.0
_C12548,-0.0
_C12549,-0.0
_C12550,-0.0
_C12551,-0.0
_C12552,-0.0
_C12553,-0.0
_C12554,-1.0
_C12555,-1.0
_C12556,-0.0
_C12557,-0.0
_C12558,-0.0
_C12559,-0.0
_C12560,-0.0
_C12561,-0.0
_C12562,-0.0
_C12563,-0.0
_C12564,-0.0
_C12565,-0.0
_C12566,-0.0
_C12567,-0.0
_C12568,-1.0
_C12569,-1.0
_C12570,-0.0
_C12571,-0.0
_C12572,-0.0
_C12573,-0.0
_C12574,-0.0
_C12575,-0.0
_C12576,-0.0
_C12577,-0.0
_C12578,-0.0
_C12579,-0.0
_C12580,-0.0
_C12581,-0.0
_C12582,-1.0
_C12583,-1.0
_C12584,-0.0
_C12585,-0.0
_C12586,-0.0
_C12587,-0.0
_C12588,-0.0
_C12589,-0.0
_C12590,-0.0
_C12591,-0.0
_C12592,-0.0
_C12593,-0.0
_C12594,-0.0
_C12595,-0.0
_C12596,-1.0
_C12597,-1.0
_C12598,-0.0
_C12599,-0.0
_C12600,-0.0
_C12601,-0.0
_C12602,-0.0
_C12603,-0.0
_C12604,-0.0
_C12605,-0.0
_C12606,-0.0
_C12607,-0.0
_C12608,-0.0
_C12609,-0.0
_C12610,-1.0
_C12611,-1.0
_C12612,-0.0
_C12613,-0.0
_C12614,-0.0
_C12615,-0.0
_C12616,-0.0
_C12617,-0.0
_C12618,-0.0
_C12619,-0.0
_C12620,-0.0
_C12621,-0.0
_C12622,-0.0
_C12623,-0.0
_C12624,-1.0
_C12625,-1.0
_C12626,-0.0
_C12627,-0.0
_C12628,-0.0
_C12629,-0.0
_C12630,-0.0
_C12631,-0.0
_C12632,-0.0
_C12633,-0.0
_C12634,-0.0
_C12635,-0.0
_C12636,-0.0
_C12637,-0.0
_C12638,-1.0
_C12639,-1.0
_C12640,-0.0
_C12641,-0.0
_C12642,-0.0
_C12643,-0.0
_C12644,-0.0
_C12645,-0.0
_C12646,-0.0
_C12647,-0.0
_C12648,-0.0
_C12649,-0.0
_C12650,-0.0
_C12651,-0.0
_C12652,-1.0
_C12653,-1.0
_C12654,-0.0
_C12655,-0.0
_C12656,-0.0
_C12657,-0.0
_C12658,-0.0
_C12659,-0.0
_C12660,-0.0
_C12661,-0.0
_C12662,-0.0
_C12663,-0.0
_C12664,-0.0
_C12665,-0.0
_C12666,-1.0
_C12667,-1.0
_C12668,-0.0
_C12669,-0.0
_C12670,-0.0
_C12671,-0.0
_C12672,-0.0
_C12673,-0.0
_C12674,-0.0
_C12675,-0.0
_C12676,-0.0
_C12677,-0.0
_C12678,-0.0
_C12679,-0.0
_C12680,-1.0
_C12681,-1.0
_C12682,-0.0
_C12683,-0.0
_C12684,-0.0
_C12685,-0.0
_C12686,-0.0
_C12687,-0.0
_C12688,-0.0
_C12689,-0.0
_C12690,-0.0
_C12691,-0.0
_C12692,-0.0
_C12693,-0.0
_C12694,-1.0
_C12695,-1.0
_C12696,-0.0
_C12697,-0.0
_C12698,-0.0
_C12699,-0.0
_C12700,-0.0
_C12701,-0.0
_C12702,-0.0
_C12703,-0.0
_C12704,-0.0
_C12705,-0.0
_C12706,-0.0
_C12707,-0.0
_C12708,-1.0
_C12709,-1.0
_C12710,-0.0
_C12711,-0.0
_C12712,-0.0
_C12713,-0.0
_C12714,-0.0
_C12715,-0.0
_C12716,-0.0
_C12717,-0.0
_C12718,-0.0
_C12719,-0.0
_C12720,-0.0
_C12721,-0.0
_C12722,-1.0
_C12723,-1.0
_C12724,-0.0
_C12725,-0.0
_C12726,-0.0
_C12727,-0.0
_C12728,-0.0
_C12729,-0.0
_C12730,-0.0
_C12731,-0.0
_C12732,-0.0
_C12733,-0.0
_C12734,-0.0
_C12735,-0.0
_C12736,-1.0
_C12737,-1.0
_C12738,-0.0
_C12739,-0.0
_C12740,-0.0
_C12741,-0.0
_C12742,-0.0
_C12743,-0.0
_C12744,-0.0
_C12745,-0.0
_C12746,-0.0
_C12747,-0.0
_C12748,-0.0
_C12749,-0.0
_C12750,-1.0
_C12751,-1.0
_C12752,-0.0
_C12753,-0.0
_C12754,-0.0
_C12755,-0.0
_C12756,-0.0
_C12757,-0.0
_C12758,-0.0
_C12759,-0.0
_C12760,-0.0
_C12761,-0.0
_C12762,-0.0
_C12763,-0.0
_C12764,-1.0
_C12765,-1.0
_C12766,-0.0
_C12767,-0.0
_C12768,-0.0
_C12769,-0.0
_C12770,-0.0
_C12771,-0.0
_C12772,-0.0
_C12773,-0.0
_C12774,-0.0
_C12775,-0.0
_C12776,-0.0
_C12777,-0.0
_C12778,-1.0
_C12779,-1.0
_C12780,-0.0
_C12781,-0.0
_C12782,-0.0
_C12783,-0.0
_C12784,-0.0
_C12785,-0.0
_C12786,-0.0
_C12787,-0.0
_C12788,-0.0
_C12789,-0.0
_C12790,-0.0
_C12791,-0.0
_C12792,-1.0
_C12793,-1.0
_C12794,-0.0
_C12795,-0.0
_C12796,-0.0
_C12797,-0.0
_C12798,-0.0
_C12799,-0.0
_C12800,-0.0
_C12801,-0.0
_C12802,-0.0
_C12803,-0.0
_C12804,-0.0
_C12805,-0.0
_C12806,-1.0
_C12807,-1.0
_C12808,-0.0
_C12809,-0.0
_C12810,-0.0
_C12811,-0.0
_C12812,-0.0
_C12813,-0.0
_C12814,-0.0
_C12815,-0.0
_C12816,-0.0
_C12817,-0.0
_C12818,-0.0
_C12819,-0.0
_C12820,-1.0
_C12821,-1.0
_C12822,-0.0
_C12823,-0.0
_C12824,-0.0
_C12825,-0.0
_C12826,-0.0
_C12827,-0.0
_C12828,-0.0
_C12829,-0.0
_C12830,-0.0
_C12831,-0.0
_C12832,-0.0
_C12833,-0.0
_C12834,-1.0
_C12835,-1.0
_C12836,-0.0
_C12837,-0.0
_C12838,-0.0
_C12839,-0.0
_C12840,-0.0
_C12841,-0.0
_C12842,-0.0
_C12843,-0.0
_C12844,-0.0
_C12845,-0.0
_C12846,-0.0
_C12847,-0.0
_C12848,-1.0
_C12849,-1.0
_C12850,-0.0
_C12851,-0.0
_C12852,-0.0
_C12853,-0.0
_C12854,-0.0
_C12855,-0.0
_C12856,-0.0
_C12857,-0.0
_C12858,-0.0
_C12859,-0.0
_C12860,-0.0
_C12861,-0.0
_C12862,-1.0
_C12863,-1.0
_C12864,-0.0
_C12865,-0.0
_C12866,-0.0
_C12867,-0.0
_C12868,-0.0
_C12869,-0.0
_C12870,-0.0
_C12871,-0.0
_C12872,-0.0
_C12873,-0.0
_C12874,-0.0
_C12875,-0.0
_C12876,-1.0
_C12877,-1.0
_C12878,-0.0
_C12879,-0.0
_C12880,-0.0
_C12881,-0.0
_C12882,-0.0
_C12883,-0.0
_C12884,-0.0
_C12885,-0.0
_C12886,-0.0
_C12887,-0.0
_C12888,-0.0
_C12889,-0.0
_C12890,-1.0
_C12891,-1.0
_C12892,-0.0
_C12893,-0.0
_C12894,-0.0
_C12895,-0.0
_C12896,-0.0
_C12897,-0.0
_C12898,-0.0
_C12899,-0.0
_C12900,-0.0
_C12901,-0.0
_C12902,-0.0
_C12903,-0.0
_C12904,-1.0
_C12905,-1.0
_C12906,-0.0
_C12907,-0.0
_C12908,-0.0
_C12909,-0.0
_C12910,-0.0
_C12911,-0.0
_C12912,-0.0
_C12913,-0.0
_C12914,-0.0
_C12915,-0.0
_C12916,-0.0
_C12917,-0.0
_C12918,-1.0
_C12919,-1.0
_C12920,-0.0
_C12921,-0.0
_C12922,-0.0
_C12923,-0.0
_C12924,-0.0
_C12925,-0.0
_C12926,-0.0
_C12927,-0.0
_C12928,-0.0
_C12929,-0.0
_C12930,-0.0
_C12931,-0.0
_C12932,-1.0
_C12933,-1.0
_C12934,-0.0
_C12935,-0.0
_C12936,-0.0
_C12937,-0.0
_C12938,-0.0
_C12939,-0.0
_C12940,-0.0
_C12941,-0.0
_C12942,-0.0
_C12943,-0.0
_C12944,-0.0
_C12945,-0.0
_C12946,-1.0
_C12947,-1.0
_C12948,-0.0
_C12949,-0.0
_C12950,-0.0
_C12951,-0.0
_C12952,-0.0
_C12953,-0.0
_C12954,-0.0
_C12955,-0.0
_C12956,-0.0
_C12957,-0.0
_C12958,-0.0
_C12959,-0.0
_C12960,-1.0
_C12961,-1.0
_C12962,-0.0
_C12963,-0.0
_C12964,-0.0
_C12965,-0.0
_C12966,-0.0
_C12967,-0.0
_C12968,-0.0
_C12969,-0.0
_C12970,-0.0
_C12971,-0.0
_C12972,-0.0
_C12973,-0.0
_C12974,-1.0
_C12975,-1.0
_C12976,-0.0
_C12977,-0.0
_C12978,-0.0
_C12979,-0.0
_C12980,-0.0
_C12981,-0.0
_C12982,-0.0
_C12983,-0.0
_C12984,-0.0
_C12985,-0.0
_C12986,-0.0
_C12987,-0.0
_C12988,-1.0
_C12989,-1.0
_C12990,-0.0
_C12991,-0.0
_C12992,-0.0
_C12993,-0.0
_C12994,-0.0
_C12995,-0.0
_C12996,-0.0
_C12997,-0.0
_C12998,-0.0
_C12999,-0.0
_C13000,-0.0
_C13001,-0.0
_C13002,-1.0
_C13003,-1.0
_C13004,-0.0
_C13005,-0.0
_C13006,-0.0
_C13007,-0.0
_C13008,-0.0
_C13009,-0.0
_C13010,-0.0
_C13011,-0.0
_C13012,-0.0
_C13013,-0.0
_C13014,-0.0
_C13015,-0.0
_C13016,-1.0
_C13017,-1.0
_C13018,-0.0
_C13019,-0.0
_C13020,-0.0
_C13021,-0.0
_C13022,-0.0
_C13023,-0.0
_C13024,-0.0
_C13025,-0.0
_C13026,-0.0
_C13027,-0.0
_C13028,-0.0
_C13029,-0.0
_C13030,-1.0
_C13031,-1.0
_C13032,-0.0
_C13033,-0.0
_C13034,-0.0
_C13035,-0.0
_C13036,-0.0
_C13037,-0.0
_C13038,-0.0
_C13039,-0.0
_C13040,-0.0
_C13041,-0.0
_C13042,-0.0
_C13043,-0.0
_C13044,-1.0
_C13045,-1.0
_C13046,-0.0
_C13047,-0.0
_C13048,-0.0
_C13049,-0.0
_C13050,-0.0
_C13051,-0.0
_C13052,-0.0
_C13053,-0.0
_C13054,-0.0
_C13055,-0.0
_C13056,-0.0
_C13057,-0.0
_C13058,-1.0
_C13059,-1.0
_C13060,-0.0
_C13061,-0.0
_C13062,-0.0
_C13063,-0.0
_C13064,-0.0
_C13065,-0.0
_C13066,-0.0
_C13067,-0.0
_C13068,-0.0
_C13069,-0.0
_C13070,-0.0
_C13071,-0.0
_C13072,-1.0
_C13073,-1.0
_C13074,-0.0
_C13075,-0.0
_C13076,-0.0
_C13077,-0.0
_C13078,-0.0
_C13079,-0.0
_C13080,-0.0
_C13081,-0.0
_C13082,-0.0
_C13083,-0.0
_C13084,-0.0
_C13085,-0.0
_C13086,-1.0
_C13087,-1.0
_C13088,-0.0
_C13089,-0.0
_C13090,-0.0
_C13091,-0.0
_C13092,-0.0
_C13093,-0.0
_C13094,-0.0
_C13095,-0.0
_C13096,-0.0
_C13097,-0.0
_C13098,-0.0
_C13099,-0.0
_C13100,-1.0
_C13101,-1.0
_C13102,-0.0
_C13103,-0.0
_C13104,-0.0
_C13105,-0.0
_C13106,-0.0
_C13107,-0.0
_C13108,-0.0
_C13109,-0.0
_C13110,-0.0
_C13111,-0.0
_C13112,-0.0
_C13113,-0.0
_C13114,-1.0
_C13115,-1.0
_C13116,-0.0
_C13117,-0.0
_C13118,-0.0
_C13119,-0.0
_C13120,-0.0
_C13121,-0.0
_C13122,-0.0
_C13123,-0.0
_C13124,-0.0
_C13125,-0.0
_C13126,-0.0
_C13127,-0.0
_C13128,-1.0
_C13129,-1.0
_C13130,-0.0
_C13131,-0.0
_C13132,-0.0
_C13133,-0.0
_C13134,-0.0
_C13135,-0.0
_C13136,-0.0
_C13137,-0.0
_C13138,-0.0
_C13139,-0.0
_C13140,-0.0
_C13141,-0.0
_C13142,-1.0
_C13143,-1.0
_C13144,-0.0
_C13145,-0.0
_C13146,-0.0
_C13147,-0.0
_C13148,-0.0
_C13149,-0.0
_C13150,-0.0
_C13151,-0.0
_C13152,-0.0
_C13153,-0.0
_C13154,-0.0
_C13155,-0.0
_C13156,-1.0
_C13157,-1.0
_C13158,-0.0
_C13159,-0.0
_C13160,-0.0
_C13161,-0.0
_C13162,-0.0
_C13163,-0.0
_C13164,-0.0
_C13165,-0.0
_C13166,-0.0
_C13167,-0.0
_C13168,-0.0
_C13169,-0.0
_C13170,-1.0
_C13171,-1.0
_C13172,-0.0
_C13173,-0.0
_C13174,-0.0
_C13175,-0.0
_C13176,-0.0
_C13177,-0.0
_C13178,-0.0
_C13179,-0.0
_C13180,-0.0
_C13181,-0.0
_C13182,-0.0
_C13183,-0.0
_C13184,-1.0
_C13185,-1.0
_C13186,-0.0
_C13187,-0.0
_C13188,-0.0
_C13189,-0.0
_C13190,-0.0
_C13191,-0.0
_C13192,-0.0
_C13193,-0.0
_C13194,-0.0
_C13195,-0.0
_C13196,-0.0
_C13197,-0.0
_C13198,-1.0
_C13199,-1.0
_C13200,-0.0
_C13201,-0.0
_C13202,-0.0
_C13203,-0.0
_C13204,-0.0
_C13205,-0.0
_C13206,-0.0
_C13207,-0.0
_C13208,-0.0
_C13209,-0.0
_C13210,-0.0
_C13211,-0.0
_C13212,-1.0
_C13213,-1.0
_C13214,-0.0
_C13215,-0.0
_C13216,-0.0
_C13217,-0.0
_C13218,-0.0
_C13219,-0.0
_C13220,-0.0
_C13221,-0.0
_C13222,-0.0
_C13223,-0.0
_C13224,-0.0
_C13225,-0.0
_C13226,-1.0
_C13227,-1.0
_C13228,-0.0
_C13229,-0.0
_C13230,-0.0
_C13231,-0.0
_C13232,-0.0
_C13233,-0.0
_C13234,-0.0
_C13235,-0.0
_C13236,-0.0
_C13237,-0.0
_C13238,-0.0
_C13239,-0.0
_C13240,-1.0
_C13241,-1.0
_C13242,-0.0
_C13243,-0.0
_C13244,-0.0
_C13245,-0.0
_C13246,-0.0
_C13247,-0.0
_C13248,-0.0
_C13249,-0.0
_C13250,-0.0
_C13251,-0.0
_C13252,-0.0
_C13253,-0.0
_C13254,-1.0
_C13255,-1.0
_C13256,-0.0
_C13257,-0.0
_C13258,-0.0
_C13259,-0.0
_C13260,-0.0
_C13261,-0.0
_C13262,-0.0
_C13263,-0.0
_C13264,-0.0
_C13265,-0.0
_C13266,-0.0
_C13267,-0.0
_C13268,-1.0
_C13269,-1.0
_C13270,-0.0
_C13271,-0.0
_C13272,-0.0
_C13273,-0.0
_C13274,-0.0
_C13275,-0.0
_C13276,-0.0
_C13277,-0.0
_C13278,-0.0
_C13279,-0.0
_C13280,-0.0
_C13281,-0.0
_C13282,-1.0
_C13283,-1.0
_C13284,-0.0
_C13285,-0.0
_C13286,-0.0
_C13287,-0.0
_C13288,-0.0
_C13289,-0.0
_C13290,-0.0
_C13291,-0.0
_C13292,-0.0
_C13293,-0.0
_C13294,-0.0
_C13295,-0.0
_C13296,-1.0
_C13297,-1.0
_C13298,-0.0
_C13299,-0.0
_C13300,-0.0
_C13301,-0.0
_C13302,-0.0
_C13303,-0.0
_C13304,-0.0
_C13305,-0.0
_C13306,-0.0
_C13307,-0.0
_C13308,-0.0
_C13309,-0.0
_C13310,-1.0
_C13311,-1.0
_C13312,-0.0
_C13313,-0.0
_C13314,-0.0
_C13315,-0.0
_C13316,-0.0
_C13317,-0.0
_C13318,-0.0
_C13319,-0.0
_C13320,-0.0
_C13321,-0.0
_C13322,-0.0
_C13323,-0.0
_C13324,-1.0
_C13325,-1.0
_C13326,-0.0
_C13327,-0.0
_C13328,-0.0
_C13329,-0.0
_C13330,-0.0
_C13331,-0.0
_C13332,-0.0
_C13333,-0.0
_C13334,-0.0
_C13335,-0.0
_C13336,-0.0
_C13337,-0.0
_C13338,-1.0
_C13339,-1.0
_C13340,-0.0
_C13341,-0.0
_C13342,-0.0
_C13343,-0.0
_C13344,-0.0
_C13345,-0.0
_C13346,-0.0
_C13347,-0.0
_C13348,-0.0
_C13349,-0.0
_C13350,-0.0
_C13351,-0.0
_C13352,-1.0
_C13353,-1.0
_C13354,-0.0
_C13355,-0.0
_C13356,-0.0
_C13357,-0.0
_C13358,-0.0
_C13359,-0.0
_C13360,-0.0
_C13361,-0.0
_C13362,-0.0
_C13363,-0.0
_C13364,-0.0
_C13365,-0.0
_C13366,-1.0
_C13367,-1.0
_C13368,-0.0
_C13369,-0.0
_C13370,-0.0
_C13371,-0.0
_C13372,-0.0
_C13373,-0.0
_C13374,-0.0
_C13375,-0.0
_C13376,-0.0
_C13377,-0.0
_C13378,-0.0
_C13379,-0.0
_C13380,-1.0
_C13381,-1.0
_C13382,-0.0
_C13383,-0.0
_C13384,-0.0
_C13385,-0.0
_C13386,-0.0
_C13387,-0.0
_C13388,-0.0
_C13389,-0.0
_C13390,-0.0
_C13391,-0.0
_C13392,-0.0
_C13393,-0.0
_C13394,-1.0
_C13395,-1.0
_C13396,-0.0
_C13397,-0.0
_C13398,-0.0
_C13399,-0.0
_C13400,-0.0
_C13401,-0.0
_C13402,-0.0
_C13403,-0.0
_C13404,-0.0
_C13405,-0.0
_C13406,-0.0
_C13407,-0.0
_C13408,-1.0
_C13409,-1.0
_C13410,-0.0
_C13411,-0.0
_C13412,-0.0
_C13413,-0.0
_C13414,-0.0
_C13415,-0.0
_C13416,-0.0
_C13417,-0.0
_C13418,-0.0
_C13419,-0.0
_C13420,-0.0
_C13421,-0.0
_C13422,-1.0
_C13423,-1.0
_C13424,-0.0
_C13425,-0.0
_C13426,-0.0
_C13427,-0.0
_C13428,-0.0
_C13429,-0.0
_C13430,-0.0
_C13431,-0.0
_C13432,-0.0
_C13433,-0.0
_C13434,-0.0
_C13435,-0.0
_C13436,-1.0
_C13437,-1.0
_C13438,-0.0
_C13439,-0.0
_C13440,-0.0
_C13441,-0.0
_C13442,-0.0
_C13443,-0.0
_C13444,-0.0
_C13445,-0.0
_C13446,-0.0
_C13447,-0.0
_C13448,-0.0
_C13449,-0.0
_C13450,-1.0
_C13451,-1.0
_C13452,-0.0
_C13453,-0.0
_C13454,-0.0
_C13455,-0.0
_C13456,-0.0
_C13457,-0.0
_C13458,-0.0
_C13459,-0.0
_C13460,-0.0
_C13461,-0.0
_C13462,-0.0
_C13463,-0.0
_C13464,-1.0
_C13465,-1.0
_C13466,-0.0
_C13467,-0.0
_C13468,-0.0
_C13469,-0.0
_C13470,-0.0
_C13471,-0.0
_C13472,-0.0
_C13473,-0.0
_C13474,-0.0
_C13475,-0.0
_C13476,-0.0
_C13477,-0.0
_C13478,-1.0
_C13479,-1.0
_C13480,-0.0
_C13481,-0.0
_C13482,-0.0
_C13483,-0.0
_C13484,-0.0
_C13485,-0.0
_C13486,-0.0
_C13487,-0.0
_C13488,-0.0
_C13489,-0.0
_C13490,-0.0
_C13491,-0.0
_C13492,-1.0
_C13493,-1.0
_C13494,-0.0
_C13495,-0.0
_C13496,-0.0
_C13497,-0.0
_C13498,-0.0
_C13499,-0.0
_C13500,-0.0
_C13501,-0.0
_C13502,-0.0
_C13503,-0.0
_C13504,-0.0
_C13505,-0.0
_C13506,-1.0
_C13507,-1.0
_C13508,-0.0
_C13509,-0.0
_C13510,-0.0
_C13511,-0.0
_C13512,-0.0
_C13513,-0.0
_C13514,-0.0
_C13515,-0.0
_C13516,-0.0
_C13517,-0.0
_C13518,-0.0
_C13519,-0.0
_C13520,-1.0
_C13521,-1.0
_C13522,-0.0
_C13523,-0.0
_C13524,-0.0
_C13525,-0.0
_C13526,-0.0
_C13527,-0.0
_C13528,-0.0
_C13529,-0.0
_C13530,-0.0
_C13531,-0.0
_C13532,-0.0
_C13533,-0.0
_C13534,-1.0
_C13535,-1.0
_C13536,-0.0
_C13537,-0.0
_C13538,-0.0
_C13539,-0.0
_C13540,-0.0
_C13541,-0.0
_C13542,-0.0
_C13543,-0.0
_C13544,-0.0
_C13545,-0.0
_C13546,-0.0
_C13547,-0.0
_C13548,-1.0
_C13549,-1.0
_C13550,-0.0
_C13551,-0.0
_C13552,-0.0
_C13553,-0.0
_C13554,-0.0
_C13555,-0.0
_C13556,-0.0
_C13557,-0.0
_C13558,-0.0
_C13559,-0.0
_C13560,-0.0
_C13561,-0.0
_C13562,-1.0
_C13563,-1.0
_C13564,-0.0
_C13565,-0.0
_C13566,-0.0
_C13567,-0.0
_C13568,-0.0
_C13569,-0.0
_C13570,-0.0
_C13571,-0.0
_C13572,-0.0
_C13573,-0.0
_C13574,-0.0
_C13575,-0.0
_C13576,-1.0
_C13577,-1.0
_C13578,-0.0
_C13579,-0.0
_C13580,-0.0
_C13581,-0.0
_C13582,-0.0
_C13583,-0.0
_C13584,-0.0
_C13585,-0.0
_C13586,-0.0
_C13587,-0.0
_C13588,-0.0
_C13589,-0.0
_C13590,-1.0
_C13591,-1.0
_C13592,-0.0
_C13593,-0.0
_C13594,-0.0
_C13595,-0.0
_C13596,-0.0
_C13597,-0.0
_C13598,-0.0
_C13599,-0.0
_C13600,-0.0
_C13601,-0.0
_C13602,-0.0
_C13603,-0.0
_C13604,-1.0
_C13605,-1.0
_C13606,-0.0
_C13607,-0.0
_C13608,-0.0
_C13609,-0.0
_C13610,-0.0
_C13611,-0.0
_C13612,-0.0
_C13613,-0.0
_C13614,-0.0
_C13615,-0.0
_C13616,-0.0
_C13617,-0.0
_C13618,-1.0
_C13619,-1.0
_C13620,-0.0
_C13621,-0.0
_C13622,-0.0
_C13623,-0.0
_C13624,-0.0
_C13625,-0.0
_C13626,-0.0
_C13627,-0.0
_C13628,-0.0
_C13629,-0.0
_C13630,-0.0
_C13631,-0.0
_C13632,-1.0
_C13633,-1.0
_C13634,-0.0
_C13635,-0.0
_C13636,-0.0
_C13637,-0.0
_C13638,-0.0
_C13639,-0.0
_C13640,-0.0
_C13641,-0.0
_C13642,-0.0
_C13643,-0.0
_C13644,-0.0
_C13645,-0.0
_C13646,-1.0
_C13647,-1.0
_C13648,-0.0
_C13649,-0.0
_C13650,-0.0
_C13651,-0.0
_C13652,-0.0
_C13653,-0.0
_C13654,-0.0
_C13655,-0.0
_C13656,-0.0
_C13657,-0.0
_C13658,-0.0
_C13659,-0.0
_C13660,-1.0
_C13661,-1.0
_C13662,-0.0
_C13663,-0.0
_C13664,-0.0
_C13665,-0.0
_C13666,-0.0
_C13667,-0.0
_C13668,-0.0
_C13669,-0.0
_C13670,-0.0
_C13671,-0.0
_C13672,-0.0
_C13673,-0.0
_C13674,-1.0
_C13675,-1.0
_C13676,-0.0
_C13677,-0.0
_C13678,-0.0
_C13679,-0.0
_C13680,-0.0
_C13681,-0.0
_C13682,-0.0
_C13683,-0.0
_C13684,-0.0
_C13685,-0.0
_C13686,-0.0
_C13687,-0.0
_C13688,-1.0
_C13689,-1.0
_C13690,-0.0
_C13691,-0.0
_C13692,-0.0
_C13693,-0.0
_C13694,-0.0
_C13695,-0.0
_C13696,-0.0
_C13697,-0.0
_C13698,-0.0
_C13699,-0.0
_C13700,-0.0
_C13701,-0.0
_C13702,-1.0
_C13703,-1.0
_C13704,-0.0
_C13705,-0.0
_C13706,-0.0
_C13707,-0.0
_C13708,-0.0
_C13709,-0.0
_C13710,-0.0
_C13711,-0.0
_C13712,-0.0
_C13713,-0.0
_C13714,-0.0
_C13715,-0.0
_C13716,-1.0
_C13717,-1.0
_C13718,-0.0
_C13719,-0.0
_C13720,-0.0
_C13721,-0.0
_C13722,-0.0
_C13723,-0.0
_C13724,-0.0
_C13725,-0.0
_C13726,-0.0
_C13727,-0.0
_C13728,-0.0
_C13729,-0.0
_C13730,-1.0
_C13731,-1.0
_C13732,-0.0
_C13733,-0.0
_C13734,-0.0
_C13735,-0.0
_C13736,-0.0
_C13737,-0.0
_C13738,-0.0
_C13739,-0.0
_C13740,-0.0
_C13741,-0.0
_C13742,-0.0
_C13743,-0.0
_C13744,-1.0
_C13745,-1.0
_C13746,-0.0
_C13747,-0.0
_C13748,-0.0
_C13749,-0.0
_C13750,-0.0
_C13751,-0.0
_C13752,-0.0
_C13753,-0.0
_C13754,-0.0
_C13755,-0.0
_C13756,-0.0
_C13757,-0.0
_C13758,-1.0
_C13759,-1.0
_C13760,-0.0
_C13761,-0.0
_C13762,-0.0
_C13763,-0.0
_C13764,-0.0
_C13765,-0.0
_C13766,-0.0
_C13767,-0.0
_C13768,-0.0
_C13769,-0.0
_C13770,-0.0
_C13771,-0.0
_C13772,-1.0
_C13773,-1.0
_C13774,-0.0
_C13775,-0.0
_C13776,-0.0
_C13777,-0.0
_C13778,-0.0
_C13779,-0.0
_C13780,-0.0
_C13781,-0.0
_C13782,-0.0
_C13783,-0.0
_C13784,-0.0
_C13785,-0.0
_C13786,-1.0
_C13787,-1.0
_C13788,-0.0
_C13789,-0.0
_C13790,-0.0
_C13791,-0.0
_C13792,-0.0
_C13793,-0.0
_C13794,-0.0
_C13795,-0.0
_C13796,-0.0
_C13797,-0.0
_C13798,-0.0
_C13799,-0.0
_C13800,-1.0
_C13801,-1.0
_C13802,-0.0
_C13803,-0.0
_C13804,-0.0
_C13805,-0.0
_C13806,-0.0
_C13807,-0.0
_C13808,-0.0
_C13809,-0.0
_C13810,-0.0
_C13811,-0.0
_C13812,-0.0
_C13813,-0.0
_C13814,-1.0
_C13815,-1.0
_C13816,-0.0
_C13817,-0.0
_C13818,-0.0
_C13819,-0.0
_C13820,-0.0
_C13821,-0.0
_C13822,-0.0
_C13823,-0.0
_C13824,-0.0
_C13825,-0.0
_C13826,-0.0
_C13827,-0.0
_C13828,-1.0
_C13829,-1.0
_C13830,-0.0
_C13831,-0.0
_C13832,-0.0
_C13833,-0.0
_C13834,-0.0
_C13835,-0.0
_C13836,-0.0
_C13837,-0.0
_C13838,-0.0
_C13839,-0.0
_C13840,-0.0
_C13841,-0.0
_C13842,-1.0
_C13843,-1.0
_C13844,-0.0
_C13845,-0.0
_C13846,-0.0
_C13847,-0.0
_C13848,-0.0
_C13849,-0.0
_C13850,-0.0
_C13851,-0.0
_C13852,-0.0
_C13853,-0.0
_C13854,-0.0
_C13855,-0.0
_C13856,-1.0
_C13857,-1.0
_C13858,-0.0
_C13859,-0.0
_C13860,-0.0
_C13861,-0.0
_C13862,-0.0
_C13863,-0.0
_C13864,-0.0
_C13865,-0.0
_C13866,-0.0
_C13867,-0.0
_C13868,-0.0
_C13869,-0.0
_C13870,-1.0
_C13871,-1.0
_C13872,-0.0
_C13873,-0.0
_C13874,-0.0
_C13875,-0.0
_C13876,-0.0
_C13877,-0.0
_C13878,-0.0
_C13879,-0.0
_C13880,-0.0
_C13881,-0.0
_C13882,-0.0
_C13883,-0.0
_C13884,-1.0
_C13885,-1.0
_C13886,-0.0
_C13887,-0.0
_C13888,-0.0
_C13889,-0.0
_C13890,-0.0
_C13891,-0.0
_C13892,-0.0
_C13893,-0.0
_C13894,-0.0
_C13895,-0.0
_C13896,-0.0
_C13897,-0.0
_C13898,-1.0
_C13899,-1.0
_C13900,-0.0
_C13901,-0.0
_C13902,-0.0
_C13903,-0.0
_C13904,-0.0
_C13905,-0.0
_C13906,-0.0
_C13907,-0.0
_C13908,-0.0
_C13909,-0.0
_C13910,-0.0
_C13911,-0.0
_C13912,-1.0
_C13913,-1.0
_C13914,-0.0
_C13915,-0.0
_C13916,-0.0
_C13917,-0.0
_C13918,-0.0
_C13919,-0.0
_C13920,-0.0
_C13921,-0.0
_C13922,-0.0
_C13923,-0.0
_C13924,-0.0
_C13925,-0.0
_C13926,-1.0
_C13927,-1.0
_C13928,-0.0
_C13929,-0.0
_C13930,-0.0
_C13931,-0.0
_C13932,-0.0
_C13933,-0.0
_C13934,-0.0
_C13935,-0.0
_C13936,-0.0
_C13937,-0.0
_C13938,-0.0
_C13939,-0.0
_C13940,-1.0
_C13941,-1.0
_C13942,-0.0
_C13943,-0.0
_C13944,-0.0
_C13945,-0.0
_C13946,-0.0
_C13947,-0.0
_C13948,-0.0
_C13949,-0.0
_C13950,-0.0
_C13951,-0.0
_C13952,-0.0
_C13953,-0.0
_C13954,-1.0
_C13955,-1.0
_C13956,-0.0
_C13957,-0.0
_C13958,-0.0
_C13959,-0.0
_C13960,-0.0
_C13961,-0.0
_C13962,-0.0
_C13963,-0.0
_C13964,-0.0
_C13965,-0.0
_C13966,-0.0
_C13967,-0.0
_C13968,-1.0
_C13969,-1.0
_C13970,-0.0
_C13971,-0.0
_C13972,-0.0
_C13973,-0.0
_C13974,-0.0
_C13975,-0.0
_C13976,-0.0
_C13977,-0.0
_C13978,-0.0
_C13979,-0.0
_C13980,-0.0
_C13981,-0.0
_C13982,-1.0
_C13983,-1.0
_C13984,-0.0
_C13985,-0.0
_C13986,-0.0
_C13987,-0.0
_C13988,-0.0
_C13989,-0.0
_C13990,-0.0
_C13991,-0.0
_C13992,-0.0
_C13993,-0.0
_C13994,-0.0
_C13995,-0.0
_C13996,-1.0
_C13997,-1.0
_C13998,-0.0
_C13999,-0.0
_C14000,-0.0
_C14001,-0.0
_C14002,-0.0
_C14003,-0.0
_C14004,-0.0
_C14005,-0.0
_C14006,-0.0
_C14007,-0.0
_C14008,-0.0
_C14009,-0.0
_C14010,-1.0
_C14011,-1.0
_C14012,-0.0
_C14013,-0.0
_C14014,-0.0
_C14015,-0.0
_C14016,-0.0
_C14017,-0.0
_C14018,-0.0
_C14019,-0.0
_C14020,-0.0
_C14021,-0.0
_C14022,-0.0
_C14023,-0.0
_C14024,-1.0
_C14025,-1.0
_C14026,-0.0
_C14027,-0.0
_C14028,-0.0
_C14029,-0.0
_C14030,-0.0
_C14031,-0.0
_C14032,-0.0
_C14033,-0.0
_C14034,-0.0
_C14035,-0.0
_C14036,-0.0
_C14037,-0.0
_C14038,-1.0
_C14039,-1.0
_C14040,-0.0
_C14041,-0.0
_C14042,-0.0
_C14043,-0.0
_C14044,-0.0
_C14045,-0.0
_C14046,-0.0
_C14047,-0.0
_C14048,-0.0
_C14049,-0.0
_C14050,-0.0
_C14051,-0.0
_C14052,-1.0
_C14053,-1.0
_C14054,-0.0
_C14055,-0.0
_C14056,-0.0
_C14057,-0.0
_C14058,-0.0
_C14059,-0.0
_C14060,-0.0
_C14061,-0.0
_C14062,-0.0
_C14063,-0.0
_C14064,-0.0
_C14065,-0.0
_C14066,-1.0
_C14067,-1.0
_C14068,-0.0
_C14069,-0.0
_C14070,-0.0
_C14071,-0.0
_C14072,-0.0
_C14073,-0.0
_C14074,-0.0
_C14075,-0.0
_C14076,-0.0
_C14077,-0.0
_C14078,-0.0
_C14079,-0.0
_C14080,-1.0
_C14081,-1.0
_C14082,-0.0
_C14083,-0.0
_C14084,-0.0
_C14085,-0.0
_C14086,-0.0
_C14087,-0.0
_C14088,-0.0
_C14089,-0.0
_C14090,-0.0
_C14091,-0.0
_C14092,-0.0
_C14093,-0.0
_C14094,-1.0
_C14095,-1.0
_C14096,-0.0
_C14097,-0.0
_C14098,-0.0
_C14099,-0.0
_C14100,-0.0
_C14101,-0.0
_C14102,-0.0
_C14103,-0.0
_C14104,-0.0
_C14105,-0.0
_C14106,-0.0
_C14107,-0.0
_C14108,-1.0
_C14109,-1.0
_C14110,-0.0
_C14111,-0.0
_C14112,-0.0
_C14113,-0.0
_C14114,-0.0
_C14115,-0.0
_C14116,-0.0
_C14117,-0.0
_C14118,-0.0
_C14119,-0.0
_C14120,-0.0
_C14121,-0.0
_C14122,-1.0
_C14123,-1.0
_C14124,-0.0
_C14125,-0.0
_C14126,-0.0
_C14127,-0.0
_C14128,-0.0
_C14129,-0.0
_C14130,-0.0
_C14131,-0.0
_C14132,-0.0
_C14133,-0.0
_C14134,-0.0
_C14135,-0.0
_C14136,-1.0
_C14137,-1.0
_C14138,-0.0
_C14139,-0.0
_C14140,-0.0
_C14141,-0.0
_C14142,-0.0
_C14143,-0.0
_C14144,-0.0
_C14145,-0.0
_C14146,-0.0
_C14147,-0.0
_C14148,-0.0
_C14149,-0.0
_C14150,-1.0
_C14151,-1.0
_C14152,-0.0
_C14153,-0.0
_C14154,-0.0
_C14155,-0.0
_C14156,-0.0
_C14157,-0.0
_C14158,-0.0
_C14159,-0.0
_C14160,-0.0
_C14161,-0.0
_C14162,-0.0
_C14163,-0.0
_C14164,-1.0
_C14165,-1.0
_C14166,-0.0
_C14167,-0.0
_C14168,-0.0
_C14169,-0.0
_C14170,-0.0
_C14171,-0.0
_C14172,-0.0
_C14173,-0.0
_C14174,-0.0
_C14175,-0.0
_C14176,-0.0
_C14177,-0.0
_C14178,-1.0
_C14179,-1.0
_C14180,-0.0
_C14181,-0.0
_C14182,-0.0
_C14183,-0.0
_C14184,-0.0
_C14185,-0.0
_C14186,-0.0
_C14187,-0.0
_C14188,-0.0
_C14189,-0.0
_C14190,-0.0
_C14191,-0.0
_C14192,-1.0
_C14193,-1.0
_C14194,-0.0
_C14195,-0.0
_C14196,-0.0
_C14197,-0.0
_C14198,-0.0
_C14199,-0.0
_C14200,-0.0
_C14201,-0.0
_C14202,-0.0
_C14203,-0.0
_C14204,-0.0
_C14205,-0.0
_C14206,-1.0
_C14207,-1.0
_C14208,-0.0
_C14209,-0.0
_C14210,-0.0
_C14211,-0.0
_C14212,-0.0
_C14213,-0.0
_C14214,-0.0
_C14215,-0.0
_C14216,-0.0
_C14217,-0.0
_C14218,-0.0
_C14219,-0.0
_C14220,-1.0
_C14221,-1.0
_C14222,-0.0
_C14223,-0.0
_C14224,-0.0
_C14225,-0.0
_C14226,-0.0
_C14227,-0.0
_C14228,-0.0
_C14229,-0.0
_C14230,-0.0
_C14231,-0.0
_C14232,-0.0
_C14233,-0.0
_C14234,-1.0
_C14235,-1.0
_C14236,-0.0
_C14237,-0.0
_C14238,-0.0
_C14239,-0.0
_C14240,-0.0
_C14241,-0.0
_C14242,-0.0
_C14243,-0.0
_C14244,-0.0
_C14245,-0.0
_C14246,-0.0
_C14247,-0.0
_C14248,-1.0
_C14249,-1.0
_C14250,-0.0
_C14251,-0.0
_C14252,-0.0
_C14253,-0.0
_C14254,-0.0
_C14255,-0.0
_C14256,-0.0
_C14257,-0.0
_C14258,-0.0
_C14259,-0.0
_C14260,-0.0
_C14261,-0.0
_C14262,-1.0
_C14263,-1.0
_C14264,-0.0
_C14265,-0.0
_C14266,-0.0
_C14267,-0.0
_C14268,-0.0
_C14269,-0.0
_C14270,-0.0
_C14271,-0.0
_C14272,-0.0
_C14273,-0.0
_C14274,-0.0
_C14275,-0.0
_C14276,-1.0
_C14277,-1.0
_C14278,-0.0
_C14279,-0.0
_C14280,-0.0
_C14281,-0.0
_C14282,-0.0
_C14283,-0.0
_C14284,-0.0
_C14285,-0.0
_C14286,-0.0
_C14287,-0.0
_C14288,-0.0
_C14289,-0.0
_C14290,-1.0
_C14291,-1.0
_C14292,-0.0
_C14293,-0.0
_C14294,-0.0
_C14295,-0.0
_C14296,-0.0
_C14297,-0.0
_C14298,-0.0
_C14299,-0.0
_C14300,-0.0
_C14301,-0.0
_C14302,-0.0
_C14303,-0.0
_C14304,-1.0
_C14305,-1.0
_C14306,-0.0
_C14307,-0.0
_C14308,-0.0
_C14309,-0.0
_C14310,-0.0
_C14311,-0.0
_C14312,-0.0
_C14313,-0.0
_C14314,-0.0
_C14315,-0.0
_C14316,-0.0
_C14317,-0.0
_C14318,-1.0
_C14319,-1.0
_C14320,-0.0
_C14321,-0.0
_C14322,-0.0
_C14323,-0.0
_C14324,-0.0
_C14325,-0.0
_C14326,-0.0
_C14327,-0.0
_C14328,-0.0
_C14329,-0.0
_C14330,-0.0
_C14331,-0.0
_C14332,-1.0
_C14333,-1.0
_C14334,-0.0
_C14335,-0.0
_C14336,-0.0
_C14337,-0.0
_C14338,-0.0
_C14339,-0.0
_C14340,-0.0
_C14341,-0.0
_C14342,-0.0
_C14343,-0.0
_C14344,-0.0
_C14345,-0.0
_C14346,-1.0
_C14347,-1.0
_C14348,-0.0
_C14349,-0.0
_C14350,-0.0
_C14351,-0.0
_C14352,-0.0
_C14353,-0.0
_C14354,-0.0
_C14355,-0.0
_C14356,-0.0
_C14357,-0.0
_C14358,-0.0
_C14359,-0.0
_C14360,-1.0
_C14361,-1.0
_C14362,-0.0
_C14363,-0.0
_C14364,-0.0
_C14365,-0.0
_C14366,-0.0
_C14367,-0.0
_C14368,-0.0
_C14369,-0.0
_C14370,-0.0
_C14371,-0.0
_C14372,-0.0
_C14373,-0.0
_C14374,-1.0
_C14375,-1.0
_C14376,-0.0
_C14377,-0.0
_C14378,-0.0
_C14379,-0.0
_C14380,-0.0
_C14381,-0.0
_C14382,-0.0
_C14383,-0.0
_C14384,-0.0
_C14385,-0.0
_C14386,-0.0
_C14387,-0.0
_C14388,-1.0
_C14389,-1.0
_C14390,-0.0
_C14391,-0.0
_C14392,-0.0
_C14393,-0.0
_C14394,-0.0
_C14395,-0.0
_C14396,-0.0
_C14397,-0.0
_C14398,-0.0
_C14399,-0.0
_C14400,-0.0
_C14401,-0.0
_C14402,-1.0
_C14403,-1.0
_C14404,-0.0
_C14405,-0.0
_C14406,-0.0
_C14407,-0.0
_C14408,-0.0
_C14409,-0.0
_C14410,-0.0
_C14411,-0.0
_C14412,-0.0
_C14413,-0.0
_C14414,-0.0
_C14415,-0.0
_C14416,-1.0
_C14417,-1.0
_C14418,-0.0
_C14419,-0.0
_C14420,-0.0
_C14421,-0.0
_C14422,-0.0
_C14423,-0.0
_C14424,-0.0
_C14425,-0.0
_C14426,-0.0
_C14427,-0.0
_C14428,-0.0
_C14429,-0.0
_C14430,-1.0
_C14431,-1.0
_C14432,-0.0
_C14433,-0.0
_C14434,-0.0
_C14435,-0.0
_C14436,-0.0
_C14437,-0.0
_C14438,-0.0
_C14439,-0.0
_C14440,-0.0
_C14441,-0.0
_C14442,-0.0
_C14443,-0.0
_C14444,-1.0
_C14445,-1.0
_C14446,-0.0
_C14447,-0.0
_C14448,-0.0
_C14449,-0.0
_C14450,-0.0
_C14451,-0.0
_C14452,-0.0
_C14453,-0.0
_C14454,-0.0
_C14455,-0.0
_C14456,-0.0
_C14457,-0.0
_C14458,-1.0
_C14459,-1.0
_C14460,-0.0
_C14461,-0.0
_C14462,-0.0
_C14463,-0.0
_C14464,-0.0
_C14465,-0.0
_C14466,-0.0
_C14467,-0.0
_C14468,-0.0
_C14469,-0.0
_C14470,-0.0
_C14471,-0.0
_C14472,-1.0
_C14473,-1.0
_C14474,-0.0
_C14475,-0.0
_C14476,-0.0
_C14477,-0.0
_C14478,-0.0
_C14479,-0.0
_C14480,-0.0
_C14481,-0.0
_C14482,-0.0
_C14483,-0.0
_C14484,-0.0
_C14485,-0.0
_C14486,-1.0
_C14487,-1.0
_C14488,-0.0
_C14489,-0.0
_C14490,-0.0
_C14491,-0.0
_C14492,-0.0
_C14493,-0.0
_C14494,-0.0
_C14495,-0.0
_C14496,-0.0
_C14497,-0.0
_C14498,-0.0
_C14499,-0.0
_C14500,-1.0
_C14501,-1.0
_C14502,-0.0
_C14503,-0.0
_C14504,-0.0
_C14505,-0.0
_C14506,-0.0
_C14507,-0.0
_C14508,-0.0
_C14509,-0.0
_C14510,-0.0
_C14511,-0.0
_C14512,-0.0
_C14513,-0.0
_C14514,-1.0
_C14515,-1.0
_C14516,-0.0
_C14517,-0.0
_C14518,-0.0
_C14519,-0.0
_C14520,-0.0
_C14521,-0.0
_C14522,-0.0
_C14523,-0.0
_C14524,-0.0
_C14525,-0.0
_C14526,-0.0
_C14527,-0.0
_C14528,-1.0
_C14529,-1.0
_C14530,-0.0
_C14531,-0.0
_C14532,-0.0
_C14533,-0.0
_C14534,-0.0
_C14535,-0.0
_C14536,-0.0
_C14537,-0.0
_C14538,-0.0
_C14539,-0.0
_C14540,-0.0
_C14541,-0.0
_C14542,-1.0
_C14543,-1.0
_C14544,-0.0
_C14545,-0.0
_C14546,-0.0
_C14547,-0.0
_C14548,-0.0
_C14549,-0.0
_C14550,-0.0
_C14551,-0.0
_C14552,-0.0
_C14553,-0.0
_C14554,-0.0
_C14555,-0.0
_C14556,-1.0
_C14557,-1.0
_C14558,-0.0
_C14559,-0.0
_C14560,-0.0
_C14561,-0.0
_C14562,-0.0
_C14563,-0.0
_C14564,-0.0
_C14565,-0.0
_C14566,-0.0
_C14567,-0.0
_C14568,-0.0
_C14569,-0.0
_C14570,-1.0
_C14571,-1.0
_C14572,-0.0
_C14573,-0.0
_C14574,-0.0
_C14575,-0.0
_C14576,-0.0
_C14577,-0.0
_C14578,-0.0
_C14579,-0.0
_C14580,-0.0
_C14581,-0.0
_C14582,-0.0
_C14583,-0.0
_C14584,-1.0
_C14585,-1.0
_C14586,-0.0
_C14587,-0.0
_C14588,-0.0
_C14589,-0.0
_C14590,-0.0
_C14591,-0.0
_C14592,-0.0
_C14593,-0.0
_C14594,-0.0
_C14595,-0.0
_C14596,-0.0
_C14597,-0.0
_C14598,-1.0
_C14599,-1.0
_C14600,-0.0
_C14601,-0.0
_C14602,-0.0
_C14603,-0.0
_C14604,-0.0
_C14605,-0.0
_C14606,-0.0
_C14607,-0.0
_C14608,-0.0
_C14609,-0.0
_C14610,-0.0
_C14611,-0.0
_C14612,-1.0
_C14613,-1.0
_C14614,-0.0
_C14615,-0.0
_C14616,-0.0
_C14617,-0.0
_C14618,-0.0
_C14619,-0.0
_C14620,-0.0
_C14621,-0.0
_C14622,-0.0
_C14623,-0.0
_C14624,-0.0
_C14625,-0.0
_C14626,-1.0
_C14627,-1.0
_C14628,-0.0
_C14629,-0.0
_C14630,-0.0
_C14631,-0.0
_C14632,-0.0
_C14633,-0.0
_C14634,-0.0
_C14635,-0.0
_C14636,-0.0
_C14637,-0.0
_C14638,-0.0
_C14639,-0.0
_C14640,-1.0
_C14641,-1.0
_C14642,-0.0
_C14643,-0.0
_C14644,-0.0
_C14645,-0.0
_C14646,-0.0
_C14647,-0.0
_C14648,-0.0
_C14649,-0.0
_C14650,-0.0
_C14651,-0.0
_C14652,-0.0
_C14653,-0.0
_C14654,-1.0
_C14655,-1.0
_C14656,-0.0
_C14657,-0.0
_C14658,-0.0
_C14659,-0.0
_C14660,-0.0
_C14661,-0.0
_C14662,-0.0
_C14663,-0.0
_C14664,-0.0
_C14665,-0.0
_C14666,-0.0
_C14667,-0.0
_C14668,-1.0
_C14669,-1.0
_C14670,-0.0
_C14671,-0.0
_C14672,-0.0
_C14673,-0.0
_C14674,-0.0
_C14675,-0.0
_C14676,-0.0
_C14677,-0.0
_C14678,-0.0
_C14679,-0.0
_C14680,-0.0
_C14681,-0.0
_C14682,-1.0
_C14683,-1.0
_C14684,-0.0
_C14685,-0.0
_C14686,-0.0
_C14687,-0.0
_C14688,-0.0
_C14689,-0.0
_C14690,-0.0
_C14691,-0.0
_C14692,-0.0
_C14693,-0.0
_C14694,-0.0
_C14695,-0.0
_C14696,-1.0
_C14697,-1.0
_C14698,-0.0
_C14699,-0.0
_C14700,-0.0
_C14701,-0.0
_C14702,-0.0
_C14703,-0.0
_C14704,-0.0
_C14705,-0.0
_C14706,-0.0
_C14707,-0.0
_C14708,-0.0
_C14709,-0.0
_C14710,-1.0
_C14711,-1.0
_C14712,-0.0
_C14713,-0.0
_C14714,-0.0
_C14715,-0.0
_C14716,-0.0
_C14717,-0.0
_C14718,-0.0
_C14719,-0.0
_C14720,-0.0
_C14721,-0.0
_C14722,-0.0
_C14723,-0.0
_C14724,-1.0
_C14725,-1.0
_C14726,-0.0
_C14727,-0.0
_C14728,-0.0
_C14729,-0.0
_C14730,-0.0
_C14731,-0.0
_C14732,-0.0
_C14733,-0.0
_C14734,-0.0
_C14735,-0.0
_C14736,-0.0
_C14737,-0.0
_C14738,-1.0
_C14739,-1.0
_C14740,-0.0
_C14741,-0.0
_C14742,-0.0
_C14743,-0.0
_C14744,-0.0
_C14745,-0.0
_C14746,-0.0
_C14747,-0.0
_C14748,-0.0
_C14749,-0.0
_C14750,-0.0
_C14751,-0.0
_C14752,-1.0
_C14753,-1.0
_C14754,-0.0
_C14755,-0.0
_C14756,-0.0
_C14757,-0.0
_C14758,-0.0
_C14759,-0.0
_C14760,-0.0
_C14761,-0.0
_C14762,-0.0
_C14763,-0.0
_C14764,-0.0
_C14765,-0.0
_C14766,-1.0
_C14767,-1.0
_C14768,-0.0
_C14769,-0.0
_C14770,-0.0
_C14771,-0.0
_C14772,-0.0
_C14773,-0.0
_C14774,-0.0
_C14775,-0.0
_C14776,-0.0
_C14777,-0.0
_C14778,-0.0
_C14779,-0.0
_C14780,-1.0
_C14781,-1.0
_C14782,-0.0
_C14783,-0.0
_C14784,-0.0
_C14785,-0.0
_C14786,-0.0
_C14787,-0.0
_C14788,-0.0
_C14789,-0.0
_C14790,-0.0
_C14791,-0.0
_C14792,-0.0
_C14793,-0.0
_C14794,-1.0
_C14795,-1.0
_C14796,-0.0
_C14797,-0.0
_C14798,-0.0
_C14799,-0.0
_C14800,-0.0
_C14801,-0.0
_C14802,-0.0
_C14803,-0.0
_C14804,-0.0
_C14805,-0.0
_C14806,-0.0
_C14807,-0.0
_C14808,-1.0
_C14809,-1.0
_C14810,-0.0
_C14811,-0.0
_C14812,-0.0
_C14813,-0.0
_C14814,-0.0
_C14815,-0.0
_C14816,-0.0
_C14817,-0.0
_C14818,-0.0
_C14819,-0.0
_C14820,-0.0
_C14821,-0.0
_C14822,-1.0
_C14823,-1.0
_C14824,-0.0
_C14825,-0.0
_C14826,-0.0
_C14827,-0.0
_C14828,-0.0
_C14829,-0.0
_C14830,-0.0
_C14831,-0.0
_C14832,-0.0
_C14833,-0.0
_C14834,-0.0
_C14835,-0.0
_C14836,-1.0
_C14837,-1.0
_C14838,-0.0
_C14839,-0.0
_C14840,-0.0
_C14841,-0.0
_C14842,-0.0
_C14843,-0.0
_C14844,-0.0
_C14845,-0.0
_C14846,-0.0
_C14847,-0.0
_C14848,-0.0
_C14849,-0.0
_C14850,-1.0
_C14851,-1.0
_C14852,-0.0
_C14853,-0.0
_C14854,-0.0
_C14855,-0.0
_C14856,-0.0
_C14857,-0.0
_C14858,-0.0
_C14859,-0.0
_C14860,-0.0
_C14861,-0.0
_C14862,-0.0
_C14863,-0.0
_C14864,-1.0
_C14865,-1.0
_C14866,-0.0
_C14867,-0.0
_C14868,-0.0
_C14869,-0.0
_C14870,-0.0
_C14871,-0.0
_C14872,-0.0
_C14873,-0.0
_C14874,-0.0
_C14875,-0.0
_C14876,-0.0
_C14877,-0.0
_C14878,-1.0
_C14879,-1.0
_C14880,-0.0
_C14881,-0.0
_C14882,-0.0
_C14883,-0.0
_C14884,-0.0
_C14885,-0.0
_C14886,-0.0
_C14887,-0.0
_C14888,-0.0
_C14889,-0.0
_C14890,-0.0
_C14891,-0.0
_C14892,-1.0
_C14893,-1.0
_C14894,-0.0
_C14895,-0.0
_C14896,-0.0
_C14897,-0.0
_C14898,-0.0
_C14899,-0.0
_C14900,-0.0
_C14901,-0.0
_C14902,-0.0
_C14903,-0.0
_C14904,-0.0
_C14905,-0.0
_C14906,-1.0
_C14907,-1.0
_C14908,-0.0
_C14909,-0.0
_C14910,-0.0
_C14911,-0.0
_C14912,-0.0
_C14913,-0.0
_C14914,-0.0
_C14915,-0.0
_C14916,-0.0
_C14917,-0.0
_C14918,-0.0
_C14919,-0.0
_C14920,-1.0
_C14921,-1.0
_C14922,-0.0
_C14923,-0.0
_C14924,-0.0
_C14925,-0.0
_C14926,-0.0
_C14927,-0.0
_C14928,-0.0
_C14929,-0.0
_C14930,-0.0
_C14931,-0.0
_C14932,-0.0
_C14933,-0.0
_C14934,-1.0
_C14935,-1.0
_C14936,-0.0
_C14937,-0.0
_C14938,-0.0
_C14939,-0.0
_C14940,-0.0
_C14941,-0.0
_C14942,-0.0
_C14943,-0.0
_C14944,-0.0
_C14945,-0.0
_C14946,-0.0
_C14947,-0.0
_C14948,-1.0
_C14949,-1.0
_C14950,-0.0
_C14951,-0.0
_C14952,-0.0
_C14953,-0.0
_C14954,-0.0
_C14955,-0.0
_C14956,-0.0
_C14957,-0.0
_C14958,-0.0
_C14959,-0.0
_C14960,-0.0
_C14961,-0.0
_C14962,-1.0
_C14963,-1.0
_C14964,-0.0
_C14965,-0.0
_C14966,-0.0
_C14967,-0.0
_C14968,-0.0
_C14969,-0.0
_C14970,-0.0
_C14971,-0.0
_C14972,-0.0
_C14973,-0.0
_C14974,-0.0
_C14975,-0.0
_C14976,-1.0
_C14977,-1.0
_C14978,-0.0
_C14979,-0.0
_C14980,-0.0
_C14981,-0.0
_C14982,-0.0
_C14983,-0.0
_C14984,-0.0
_C14985,-0.0
_C14986,-0.0
_C14987,-0.0
_C14988,-0.0
_C14989,-0.0
_C14990,-1.0
_C14991,-1.0
_C14992,-0.0
_C14993,-0.0
_C14994,-0.0
_C14995,-0.0
_C14996,-0.0
_C14997,-0.0
_C14998,-0.0
_C14999,-0.0
_C15000,-0.0
_C15001,-0.0
_C15002,-0.0
_C15003,-0.0
_C15004,-1.0
_C15005,-1.0
_C15006,-0.0
_C15007,-0.0
_C15008,-0.0
_C15009,-0.0
_C15010,-0.0
_C15011,-0.0
_C15012,-0.0
_C15013,-0.0
_C15014,-0.0
_C15015,-0.0
_C15016,-0.0
_C15017,-0.0
_C15018,-1.0
_C15019,-1.0
_C15020,-0.0
_C15021,-0.0
_C15022,-0.0
_C15023,-0.0
_C15024,-0.0
_C15025,-0.0
_C15026,-0.0
_C15027,-0.0
_C15028,-0.0
_C15029,-0.0
_C15030,-0.0
_C15031,-0.0
_C15032,-1.0
_C15033,-1.0
_C15034,-0.0
_C15035,-0.0
_C15036,-0.0
_C15037,-0.0
_C15038,-0.0
_C15039,-0.0
_C15040,-0.0
_C15041,-0.0
_C15042,-0.0
_C15043,-0.0
_C15044,-0.0
_C15045,-0.0
_C15046,-1.0
_C15047,-1.0
_C15048,-0.0
_C15049,-0.0
_C15050,-0.0
_C15051,-0.0
_C15052,-0.0
_C15053,-0.0
_C15054,-0.0
_C15055,-0.0
_C15056,-0.0
_C15057,-0.0
_C15058,-0.0
_C15059,-0.0
_C15060,-1.0
_C15061,-1.0
_C15062,-0.0
_C15063,-0.0
_C15064,-0.0
_C15065,-0.0
_C15066,-0.0
_C15067,-0.0
_C15068,-0.0
_C15069,-0.0
_C15070,-0.0
_C15071,-0.0
_C15072,-0.0
_C15073,-0.0
_C15074,-1.0
_C15075,-1.0
_C15076,-0.0
_C15077,-0.0
_C15078,-0.0
_C15079,-0.0
_C15080,-0.0
_C15081,-0.0
_C15082,-0.0
_C15083,-0.0
_C15084,-0.0
_C15085,-0.0
_C15086,-0.0
_C15087,-0.0
_C15088,-1.0
_C15089,-1.0
_C15090,-0.0
_C15091,-0.0
_C15092,-0.0
_C15093,-0.0
_C15094,-0.0
_C15095,-0.0
_C15096,-0.0
_C15097,-0.0
_C15098,-0.0
_C15099,-0.0
_C15100,-0.0
_C15101,-0.0
_C15102,-1.0
_C15103,-1.0
_C15104,-0.0
_C15105,-0.0
_C15106,-0.0
_C15107,-0.0
_C15108,-0.0
_C15109,-0.0
_C15110,-0.0
_C15111,-0.0
_C15112,-0.0
_C15113,-0.0
_C15114,-0.0
_C15115,-0.0
_C15116,-1.0
_C15117,-1.0
_C15118,-0.0
_C15119,-0.0
_C15120,-0.0
_C15121,-0.0
_C15122,-0.0
_C15123,-0.0
_C15124,-0.0
_C15125,-0.0
_C15126,-0.0
_C15127,-0.0
_C15128,-0.0
_C15129,-0.0
_C15130,-1.0
_C15131,-1.0
_C15132,-0.0
_C15133,-0.0
_C15134,-0.0
_C15135,-0.0
_C15136,-0.0
_C15137,-0.0
_C15138,-0.0
_C15139,-0.0
_C15140,-0.0
_C15141,-0.0
_C15142,-0.0
_C15143,-0.0
_C15144,-1.0
_C15145,-1.0
_C15146,-0.0
_C15147,-0.0
_C15148,-0.0
_C15149,-0.0
_C15150,-0.0
_C15151,-0.0
_C15152,-0.0
_C15153,-0.0
_C15154,-0.0
_C15155,-0.0
_C15156,-0.0
_C15157,-0.0
_C15158,-1.0
_C15159,-1.0
_C15160,-0.0
_C15161,-0.0
_C15162,-0.0
_C15163,-0.0
_C15164,-0.0
_C15165,-0.0
_C15166,-0.0
_C15167,-0.0
_C15168,-0.0
_C15169,-0.0
_C15170,-0.0
_C15171,-0.0
_C15172,-1.0
_C15173,-1.0
_C15174,-0.0
_C15175,-0.0
_C15176,-0.0
_C15177,-0.0
_C15178,-0.0
_C15179,-0.0
_C15180,-0.0
_C15181,-0.0
_C15182,-0.0
_C15183,-0.0
_C15184,-0.0
_C15185,-0.0
_C15186,-1.0
_C15187,-1.0
_C15188,-0.0
_C15189,-0.0
_C15190,-0.0
_C15191,-0.0
_C15192,-0.0
_C15193,-0.0
_C15194,-0.0
_C15195,-0.0
_C15196,-0.0
_C15197,-0.0
_C15198,-0.0
_C15199,-0.0
_C15200,-1.0
_C15201,-1.0
_C15202,-0.0
_C15203,-0.0
_C15204,-0.0
_C15205,-0.0
_C15206,-0.0
_C15207,-0.0
_C15208,-0.0
_C15209,-0.0
_C15210,-0.0
_C15211,-0.0
_C15212,-0.0
_C15213,-0.0
_C15214,-1.0
_C15215,-1.0
_C15216,-0.0
_C15217,-0.0
_C15218,-0.0
_C15219,-0.0
_C15220,-0.0
_C15221,-0.0
_C15222,-0.0
_C15223,-0.0
_C15224,-0.0
_C15225,-0.0
_C15226,-0.0
_C15227,-0.0
_C15228,-1.0
_C15229,-1.0
_C15230,-0.0
_C15231,-0.0
_C15232,-0.0
_C15233,-0.0
_C15234,-0.0
_C15235,-0.0
_C15236,-0.0
_C15237,-0.0
_C15238,-0.0
_C15239,-0.0
_C15240,-0.0
_C15241,-0.0
_C15242,-1.0
_C15243,-1.0
_C15244,-0.0
_C15245,-0.0
_C15246,-0.0
_C15247,-0.0
_C15248,-0.0
_C15249,-0.0
_C15250,-0.0
_C15251,-0.0
_C15252,-0.0
_C15253,-0.0
_C15254,-0.0
_C15255,-0.0
_C15256,-1.0
_C15257,-1.0
_C15258,-0.0
_C15259,-0.0
_C15260,-0.0
_C15261,-0.0
_C15262,-0.0
_C15263,-0.0
_C15264,-0.0
_C15265,-0.0
_C15266,-0.0
_C15267,-0.0
_C15268,-0.0
_C15269,-0.0
_C15270,-1.0
_C15271,-1.0
_C15272,-0.0
_C15273,-0.0
_C15274,-0.0
_C15275,-0.0
_C15276,-0.0
_C15277,-0.0
_C15278,-0.0
_C15279,-0.0
_C15280,-0.0
_C15281,-0.0
_C15282,-0.0
_C15283,-0.0
_C15284,-1.0
_C15285,-1.0
_C15286,-0.0
_C15287,-0.0
_C15288,-0.0
_C15289,-0.0
_C15290,-0.0
_C15291,-0.0
_C15292,-0.0
_C15293,-0.0
_C15294,-0.0
_C15295,-0.0
_C15296,-0.0
_C15297,-0.0
_C15298,-1.0
_C15299,-1.0
_C15300,-0.0
_C15301,-0.0
_C15302,-0.0
_C15303,-0.0
_C15304,-0.0
_C15305,-0.0
_C15306,-0.0
_C15307,-0.0
_C15308,-0.0
_C15309,-0.0
_C15310,-0.0
_C15311,-0.0
_C15312,-1.0
_C15313,-1.0
_C15314,-0.0
_C15315,-0.0
_C15316,-0.0
_C15317,-0.0
_C15318,-0.0
_C15319,-0.0
_C15320,-0.0
_C15321,-0.0
_C15322,-0.0
_C15323,-0.0
_C15324,-0.0
_C15325,-0.0
_C15326,-1.0
_C15327,-1.0
_C15328,-0.0
_C15329,-0.0
_C15330,-0.0
_C15331,-0.0
_C15332,-0.0
_C15333,-0.0
_C15334,-0.0
_C15335,-0.0
_C15336,-0.0
_C15337,-0.0
_C15338,-0.0
_C15339,-0.0
_C15340,-1.0
_C15341,-1.0
_C15342,-0.0
_C15343,-0.0
_C15344,-0.0
_C15345,-0.0
_C15346,-0.0
_C15347,-0.0
_C15348,-0.0
_C15349,-0.0
_C15350,-0.0
_C15351,-0.0
_C15352,-0.0
_C15353,-0.0
_C15354,-1.0
_C15355,-1.0
_C15356,-0.0
_C15357,-0.0
_C15358,-0.0
_C15359,-0.0
_C15360,-0.0
_C15361,-0.0
_C15362,-0.0
_C15363,-0.0
_C15364,-0.0
_C15365,-0.0
_C15366,-0.0
_C15367,-0.0
_C15368,-1.0
_C15369,-1.0
_C15370,-0.0
_C15371,-0.0
_C15372,-0.0
_C15373,-0.0
_C15374,-0.0
_C15375,-0.0
_C15376,-0.0
_C15377,-0.0
_C15378,-0.0
_C15379,-0.0
_C15380,-0.0
_C15381,-0.0
_C15382,-1.0
_C15383,-1.0
_C15384,-0.0
_C15385,-0.0
_C15386,-0.0
_C15387,-0.0
_C15388,-0.0
_C15389,-0.0
_C15390,-0.0
_C15391,-0.0
_C15392,-0.0
_C15393,-0.0
_C15394,-0.0
_C15395,-0.0
_C15396,-1.0
_C15397,-1.0
_C15398,-0.0
_C15399,-0.0
_C15400,-0.0
_C15401,-0.0
_C15402,-0.0
_C15403,-0.0
_C15404,-0.0
_C15405,-0.0
_C15406,-0.0
_C15407,-0.0
_C15408,-0.0
_C15409,-0.0
_C15410,-1.0
_C15411,-1.0
_C15412,-0.0
_C15413,-0.0
_C15414,-0.0
_C15415,-0.0
_C15416,-0.0
_C15417,-0.0
_C15418,-0.0
_C15419,-0.0
_C15420,-0.0
_C15421,-0.0
_C15422,-0.0
_C15423,-0.0
_C15424,-1.0
_C15425,-1.0
_C15426,-0.0
_C15427,-0.0
_C15428,-0.0
_C15429,-0.0
_C15430,-0.0
_C15431,-0.0
_C15432,-0.0
_C15433,-0.0
_C15434,-0.0
_C15435,-0.0
_C15436,-0.0
_C15437,-0.0
_C15438,-1.0
_C15439,-1.0
_C15440,-0.0
_C15441,-0.0
_C15442,-0.0
_C15443,-0.0
_C15444,-0.0
_C15445,-0.0
_C15446,-0.0
_C15447,-0.0
_C15448,-0.0
_C15449,-0.0
_C15450,-0.0
_C15451,-0.0
_C15452,-1.0
_C15453,-1.0
_C15454,-0.0
_C15455,-0.0
_C15456,-0.0
_C15457,-0.0
_C15458,-0.0
_C15459,-0.0
_C15460,-0.0
_C15461,-0.0
_C15462,-0.0
_C15463,-0.0
_C15464,-0.0
_C15465,-0.0
_C15466,-1.0
_C15467,-1.0
_C15468,-0.0
_C15469,-0.0
_C15470,-0.0
_C15471,-0.0
_C15472,-0.0
_C15473,-0.0
_C15474,-0.0
_C15475,-0.0
_C15476,-0.0
_C15477,-0.0
_C15478,-0.0
_C15479,-0.0
_C15480,-1.0
_C15481,-1.0
_C15482,-0.0
_C15483,-0.0
_C15484,-0.0
_C15485,-0.0
_C15486,-0.0
_C15487,-0.0
_C15488,-0.0
_C15489,-0.0
_C15490,-0.0
_C15491,-0.0
_C15492,-0.0
_C15493,-0.0
_C15494,-1.0
_C15495,-1.0
_C15496,-0.0
_C15497,-0.0
_C15498,-0.0
_C15499,-0.0
_C15500,-0.0
_C15501,-0.0
_C15502,-0.0
_C15503,-0.0
_C15504,-0.0
_C15505,-0.0
_C15506,-0.0
_C15507,-0.0
_C15508,-1.0
_C15509,-1.0
_C15510,-0.0
_C15511,-0.0
_C15512,-0.0
_C15513,-0.0
_C15514,-0.0
_C15515,-0.0
_C15516,-0.0
_C15517,-0.0
_C15518,-0.0
_C15519,-0.0
_C15520,-0.0
_C15521,-0.0
_C15522,-1.0
_C15523,-1.0
_C15524,-0.0
_C15525,-0.0
_C15526,-0.0
_C15527,-0.0
_C15528,-0.0
_C15529,-0.0
_C15530,-0.0
_C15531,-0.0
_C15532,-0.0
_C15533,-0.0
_C15534,-0.0
_C15535,-0.0
_C15536,-1.0
_C15537,-1.0
_C15538,-0.0
_C15539,-0.0
_C15540,-0.0
_C15541,-0.0
_C15542,-0.0
_C15543,-0.0
_C15544,-0.0
_C15545,-0.0
_C15546,-0.0
_C15547,-0.0
_C15548,-0.0
_C15549,-0.0
_C15550,-1.0
_C15551,-1.0
_C15552,-0.0
_C15553,-0.0
_C15554,-0.0
_C15555,-0.0
_C15556,-0.0
_C15557,-0.0
_C15558,-0.0
_C15559,-0.0
_C15560,-0.0
_C15561,-0.0
_C15562,-0.0
_C15563,-0.0
_C15564,-1.0
_C15565,-1.0
_C15566,-0.0
_C15567,-0.0
_C15568,-0.0
_C15569,-0.0
_C15570,-0.0
_C15571,-0.0
_C15572,-0.0
_C15573,-0.0
_C15574,-0.0
_C15575,-0.0
_C15576,-0.0
_C15577,-0.0
_C15578,-1.0
_C15579,-1.0
_C15580,-0.0
_C15581,-0.0
_C15582,-0.0
_C15583,-0.0
_C15584,-0.0
_C15585,-0.0
_C15586,-0.0
_C15587,-0.0
_C15588,-0.0
_C15589,-0.0
_C15590,-0.0
_C15591,-0.0
_C15592,-1.0
_C15593,-1.0
_C15594,-0.0
_C15595,-0.0
_C15596,-0.0
_C15597,-0.0
_C15598,-0.0
_C15599,-0.0
_C15600,-0.0
_C15601,-0.0
_C15602,-0.0
_C15603,-0.0
_C15604,-0.0
_C15605,-0.0
_C15606,-1.0
_C15607,-1.0
_C15608,-0.0
_C15609,-0.0
_C15610,-0.0
_C15611,-0.0
_C15612,-0.0
_C15613,-0.0
_C15614,-0.0
_C15615,-0.0
_C15616,-0.0
_C15617,-0.0
_C15618,-0.0
_C15619,-0.0
_C15620,-1.0
_C15621,-1.0
_C15622,-0.0
_C15623,-0.0
_C15624,-0.0
_C15625,-0.0
_C15626,-0.0
_C15627,-0.0
_C15628,-0.0
_C15629,-0.0
_C15630,-0.0
_C15631,-0.0
_C15632,-0.0
_C15633,-0.0
_C15634,-1.0
_C15635,-1.0
_C15636,-0.0
_C15637,-0.0
_C15638,-0.0
_C15639,-0.0
_C15640,-0.0
_C15641,-0.0
_C15642,-0.0
_C15643,-0.0
_C15644,-0.0
_C15645,-0.0
_C15646,-0.0
_C15647,-0.0
_C15648,-1.0
_C15649,-1.0
_C15650,-0.0
_C15651,-0.0
_C15652,-0.0
_C15653,-0.0
_C15654,-0.0
_C15655,-0.0
_C15656,-0.0
_C15657,-0.0
_C15658,-0.0
_C15659,-0.0
_C15660,-0.0
_C15661,-0.0
_C15662,-1.0
_C15663,-1.0
_C15664,-0.0
_C15665,-0.0
_C15666,-0.0
_C15667,-0.0
_C15668,-0.0
_C15669,-0.0
_C15670,-0.0
_C15671,-0.0
_C15672,-0.0
_C15673,-0.0
_C15674,-0.0
_C15675,-0.0
_C15676,-1.0
_C15677,-1.0
_C15678,-0.0
_C15679,-0.0
_C15680,-0.0
_C15681,-0.0
_C15682,-0.0
_C15683,-0.0
_C15684,-0.0
_C15685,-0.0
_C15686,-0.0
_C15687,-0.0
_C15688,-0.0
_C15689,-0.0
_C15690,-1.0
_C15691,-1.0
_C15692,-0.0
_C15693,-0.0
_C15694,-0.0
_C15695,-0.0
_C15696,-0.0
_C15697,-0.0
_C15698,-0.0
_C15699,-0.0
_C15700,-0.0
_C15701,-0.0
_C15702,-0.0
_C15703,-0.0
_C15704,-1.0
_C15705,-1.0
_C15706,-0.0
_C15707,-0.0
_C15708,-0.0
_C15709,-0.0
_C15710,-0.0
_C15711,-0.0
_C15712,-0.0
_C15713,-0.0
_C15714,-0.0
_C15715,-0.0
_C15716,-0.0
_C15717,-0.0
_C15718,-1.0
_C15719,-1.0
_C15720,-0.0
_C15721,-0.0
_C15722,-0.0
_C15723,-0.0
_C15724,-0.0
_C15725,-0.0
_C15726,-0.0
_C15727,-0.0
_C15728,-0.0
_C15729,-0.0
_C15730,-0.0
_C15731,-0.0
_C15732,-1.0
_C15733,-1.0
_C15734,-0.0
_C15735,-0.0
_C15736,-0.0
_C15737,-0.0
_C15738,-0.0
_C15739,-0.0
_C15740,-0.0
_C15741,-0.0
_C15742,-0.0
_C15743,-0.0
_C15744,-0.0
_C15745,-0.0
_C15746,-1.0
_C15747,-1.0
_C15748,-0.0
_C15749,-0.0
_C15750,-0.0
_C15751,-0.0
_C15752,-0.0
_C15753,-0.0
_C15754,-0.0
_C15755,-0.0
_C15756,-0.0
_C15757,-0.0
_C15758,-0.0
_C15759,-0.0
_C15760,-1.0
_C15761,-1.0
_C15762,-0.0
_C15763,-0.0
_C15764,-0.0
_C15765,-0.0
_C15766,-0.0
_C15767,-0.0
_C15768,-0.0
_C15769,-0.0
_C15770,-0.0
_C15771,-0.0
_C15772,-0.0
_C15773,-0.0
_C15774,-1.0
_C15775,-1.0
_C15776,-0.0
_C15777,-0.0
_C15778,-0.0
_C15779,-0.0
_C15780,-0.0
_C15781,-0.0
_C15782,-0.0
_C15783,-0.0
_C15784,-0.0
_C15785,-0.0
_C15786,-0.0
_C15787,-0.0
_C15788,-1.0
_C15789,-1.0
_C15790,-0.0
_C15791,-0.0
_C15792,-0.0
_C15793,-0.0
_C15794,-0.0
_C15795,-0.0
_C15796,-0.0
_C15797,-0.0
_C15798,-0.0
_C15799,-0.0
_C15800,-0.0
_C15801,-0.0
_C15802,-1.0
_C15803,-1.0
_C15804,-0.0
_C15805,-0.0
_C15806,-0.0
_C15807,-0.0
_C15808,-0.0
_C15809,-0.0
_C15810,-0.0
_C15811,-0.0
_C15812,-0.0
_C15813,-0.0
_C15814,-0.0
_C15815,-0.0
_C15816,-1.0
_C15817,-1.0
_C15818,-0.0
_C15819,-0.0
_C15820,-0.0
_C15821,-0.0
_C15822,-0.0
_C15823,-0.0
_C15824,-0.0
_C15825,-0.0
_C15826,-0.0
_C15827,-0.0
_C15828,-0.0
_C15829,-0.0
_C15830,-1.0
_C15831,-1.0
_C15832,-0.0
_C15833,-0.0
_C15834,-0.0
_C15835,-0.0
_C15836,-0.0
_C15837,-0.0
_C15838,-0.0
_C15839,-0.0
_C15840,-0.0
_C15841,-0.0
_C15842,-0.0
_C15843,-0.0
_C15844,-1.0
_C15845,-1.0
_C15846,-0.0
_C15847,-0.0
_C15848,-0.0
_C15849,-0.0
_C15850,-0.0
_C15851,-0.0
_C15852,-0.0
_C15853,-0.0
_C15854,-0.0
_C15855,-0.0
_C15856,-0.0
_C15857,-0.0
_C15858,-1.0
_C15859,-1.0
_C15860,-0.0
_C15861,-0.0
_C15862,-0.0
_C15863,-0.0
_C15864,-0.0
_C15865,-0.0
_C15866,-0.0
_C15867,-0.0
_C15868,-0.0
_C15869,-0.0
_C15870,-0.0
_C15871,-0.0
_C15872,-1.0
_C15873,-1.0
_C15874,-0.0
_C15875,-0.0
_C15876,-0.0
_C15877,-0.0
_C15878,-0.0
_C15879,-0.0
_C15880,-0.0
_C15881,-0.0
_C15882,-0.0
_C15883,-0.0
_C15884,-0.0
_C15885,-0.0
_C15886,-1.0
_C15887,-1.0
_C15888,-0.0
_C15889,-0.0
_C15890,-0.0
_C15891,-0.0
_C15892,-0.0
_C15893,-0.0
_C15894,-0.0
_C15895,-0.0
_C15896,-0.0
_C15897,-0.0
_C15898,-0.0
_C15899,-0.0
_C15900,-1.0
_C15901,-1.0
_C15902,-0.0
_C15903,-0.0
_C15904,-0.0
_C15905,-0.0
_C15906,-0.0
_C15907,-0.0
_C15908,-0.0
_C15909,-0.0
_C15910,-0.0
_C15911,-0.0
_C15912,-0.0
_C15913,-0.0
_C15914,-1.0
_C15915,-1.0
_C15916,-0.0
_C15917,-0.0
_C15918,-0.0
_C15919,-0.0
_C15920,-0.0
_C15921,-0.0
_C15922,-0.0
_C15923,-0.0
_C15924,-0.0
_C15925,-0.0
_C15926,-0.0
_C15927,-0.0
_C15928,-1.0
_C15929,-1.0
_C15930,-0.0
_C15931,-0.0
_C15932,-0.0
_C15933,-0.0
_C15934,-0.0
_C15935,-0.0
_C15936,-0.0
_C15937,-0.0
_C15938,-0.0
_C15939,-0.0
_C15940,-0.0
_C15941,-0.0
_C15942,-1.0
_C15943,-1.0
_C15944,-0.0
_C15945,-0.0
_C15946,-0.0
_C15947,-0.0
_C15948,-0.0
_C15949,-0.0
_C15950,-0.0
_C15951,-0.0
_C15952,-0.0
_C15953,-0.0
_C15954,-0.0
_C15955,-0.0
_C15956,-1.0
_C15957,-1.0
_C15958,-0.0
_C15959,-0.0
_C15960,-0.0
_C15961,-0.0
_C15962,-0.0
_C15963,-0.0
_C15964,-0.0
_C15965,-0.0
_C15966,-0.0
_C15967,-0.0
_C15968,-0.0
_C15969,-0.0
_C15970,-1.0
_C15971,-1.0
_C15972,-0.0
_C15973,-0.0
_C15974,-0.0
_C15975,-0.0
_C15976,-0.0
_C15977,-0.0
_C15978,-0.0
_C15979,-0.0
_C15980,-0.0
_C15981,-0.0
_C15982,-0.0
_C15983,-0.0
_C15984,-1.0
_C15985,-1.0
_C15986,-0.0
_C15987,-0.0
_C15988,-0.0
_C15989,-0.0
_C15990,-0.0
_C15991,-0.0
_C15992,-0.0
_C15993,-0.0
_C15994,-0.0
_C15995,-0.0
_C15996,-0.0
_C15997,-0.0
_C15998,-1.0
_C15999,-1.0
_C16000,-0.0
_C16001,-0.0
_C16002,-0.0
_C16003,-0.0
_C16004,-0.0
_C16005,-0.0
_C16006,-0.0
_C16007,-0.0
_C16008,-0.0
_C16009,-0.0
_C16010,-0.0
_C16011,-0.0
_C16012,-1.0
_C16013,-1.0
_C16014,-0.0
_C16015,-0.0
_C16016,-0.0
_C16017,-0.0
_C16018,-0.0
_C16019,-0.0
_C16020,-0.0
_C16021,-0.0
_C16022,-0.0
_C16023,-0.0
_C16024,-0.0
_C16025,-0.0
_C16026,-1.0
_C16027,-1.0
_C16028,-0.0
_C16029,-0.0
_C16030,-0.0
_C16031,-0.0
_C16032,-0.0
_C16033,-0.0
_C16034,-0.0
_C16035,-0.0
_C16036,-0.0
_C16037,-0.0
_C16038,-0.0
_C16039,-0.0
_C16040,-1.0
_C16041,-1.0
_C16042,-0.0
_C16043,-0.0
_C16044,-0.0
_C16045,-0.0
_C16046,-0.0
_C16047,-0.0
_C16048,-0.0
_C16049,-0.0
_C16050,-0.0
_C16051,-0.0
_C16052,-0.0
_C16053,-0.0
_C16054,-1.0
_C16055,-1.0
_C16056,-0.0
_C16057,-0.0
_C16058,-0.0
_C16059,-0.0
_C16060,-0.0
_C16061,-0.0
_C16062,-0.0
_C16063,-0.0
_C16064,-0.0
_C16065,-0.0
_C16066,-0.0
_C16067,-0.0
_C16068,-1.0
_C16069,-1.0
_C16070,-0.0
_C16071,-0.0
_C16072,-0.0
_C16073,-0.0
_C16074,-0.0
_C16075,-0.0
_C16076,-0.0
_C16077,-0.0
_C16078,-0.0
_C16079,-0.0
_C16080,-0.0
_C16081,-0.0
_C16082,-1.0
_C16083,-1.0
_C16084,-0.0
_C16085,-0.0
_C16086,-0.0
_C16087,-0.0
_C16088,-0.0
_C16089,-0.0
_C16090,-0.0
_C16091,-0.0
_C16092,-0.0
_C16093,-0.0
_C16094,-0.0
_C16095,-0.0
_C16096,-1.0
_C16097,-1.0
_C16098,-0.0
_C16099,-0.0
_C16100,-0.0
_C16101,-0.0
_C16102,-0.0
_C16103,-0.0
_C16104,-0.0
_C16105,-0.0
_C16106,-0.0
_C16107,-0.0
_C16108,-0.0
_C16109,-0.0
_C16110,-1.0
_C16111,-1.0
_C16112,-0.0
_C16113,-0.0
_C16114,-0.0
_C16115,-0.0
_C16116,-0.0
_C16117,-0.0
_C16118,-0.0
_C16119,-0.0
_C16120,-0.0
_C16121,-0.0
_C16122,-0.0
_C16123,-0.0
_C16124,-1.0
_C16125,-1.0
_C16126,-0.0
_C16127,-0.0
_C16128,-0.0
_C16129,-0.0
_C16130,-0.0
_C16131,-0.0
_C16132,-0.0
_C16133,-0.0
_C16134,-0.0
_C16135,-0.0
_C16136,-0.0
_C16137,-0.0
_C16138,-1.0
_C16139,-1.0
_C16140,-0.0
_C16141,-0.0
_C16142,-0.0
_C16143,-0.0
_C16144,-0.0
_C16145,-0.0
_C16146,-0.0
_C16147,-0.0
_C16148,-0.0
_C16149,-0.0
_C16150,-0.0
_C16151,-0.0
_C16152,-1.0
_C16153,-1.0
_C16154,-0.0
_C16155,-0.0
_C16156,-0.0
_C16157,-0.0
_C16158,-0.0
_C16159,-0.0
_C16160,-0.0
_C16161,-0.0
_C16162,-0.0
_C16163,-0.0
_C16164,-0.0
_C16165,-0.0
_C16166,-1.0
_C16167,-1.0
_C16168,-0.0
_C16169,-0.0
_C16170,-0.0
_C16171,-0.0
_C16172,-0.0
_C16173,-0.0
_C16174,-0.0
_C16175,-0.0
_C16176,-0.0
_C16177,-0.0
_C16178,-0.0
_C16179,-0.0
_C16180,-1.0
_C16181,-1.0
_C16182,-0.0
_C16183,-0.0
_C16184,-0.0
_C16185,-0.0
_C16186,-0.0
_C16187,-0.0
_C16188,-0.0
_C16189,-0.0
_C16190,-0.0
_C16191,-0.0
_C16192,-0.0
_C16193,-0.0
_C16194,-1.0
_C16195,-1.0
_C16196,-0.0
_C16197,-0.0
_C16198,-0.0
_C16199,-0.0
_C16200,-0.0
_C16201,-0.0
_C16202,-0.0
_C16203,-0.0
_C16204,-0.0
_C16205,-0.0
_C16206,-0.0
_C16207,-0.0
_C16208,-1.0
_C16209,-1.0
_C16210,-0.0
_C16211,-0.0
_C16212,-0.0
_C16213,-0.0
_C16214,-0.0
_C16215,-0.0
_C16216,-0.0
_C16217,-0.0
_C16218,-0.0
_C16219,-0.0
_C16220,-0.0
_C16221,-0.0
_C16222,-1.0
_C16223,-1.0
_C16224,-0.0
_C16225,-0.0
_C16226,-0.0
_C16227,-0.0
_C16228,-0.0
_C16229,-0.0
_C16230,-0.0
_C16231,-0.0
_C16232,-0.0
_C16233,-0.0
_C16234,-0.0
_C16235,-0.0
_C16236,-1.0
_C16237,-1.0
_C16238,-0.0
_C16239,-0.0
_C16240,-0.0
_C16241,-0.0
_C16242,-0.0
_C16243,-0.0
_C16244,-0.0
_C16245,-0.0
_C16246,-0.0
_C16247,-0.0
_C16248,-0.0
_C16249,-0.0
_C16250,-1.0
_C16251,-1.0
_C16252,-0.0
_C16253,-0.0
_C16254,-0.0
_C16255,-0.0
_C16256,-0.0
_C16257,-0.0
_C16258,-0.0
_C16259,-0.0
_C16260,-0.0
_C16261,-0.0
_C16262,-0.0
_C16263,-0.0
_C16264,-1.0
_C16265,-1.0
_C16266,-0.0
_C16267,-0.0
_C16268,-0.0
_C16269,-0.0
_C16270,-0.0
_C16271,-0.0
_C16272,-0.0
_C16273,-0.0
_C16274,-0.0
_C16275,-0.0
_C16276,-0.0
_C16277,-0.0
_C16278,-1.0
_C16279,-1.0
_C16280,-0.0
_C16281,-0.0
_C16282,-0.0
_C16283,-0.0
_C16284,-0.0
_C16285,-0.0
_C16286,-0.0
_C16287,-0.0
_C16288,-0.0
_C16289,-0.0
_C16290,-0.0
_C16291,-0.0
_C16292,-1.0
_C16293,-1.0
_C16294,-0.0
_C16295,-0.0
_C16296,-0.0
_C16297,-0.0
_C16298,-0.0
_C16299,-0.0
_C16300,-0.0
_C16301,-0.0
_C16302,-0.0
_C16303,-0.0
_C16304,-0.0
_C16305,-0.0
_C16306,-1.0
_C16307,-1.0
_C16308,-0.0
_C16309,-0.0
_C16310,-0.0
_C16311,-0.0
_C16312,-0.0
_C16313,-0.0
_C16314,-0.0
_C16315,-0.0
_C16316,-0.0
_C16317,-0.0
_C16318,-0.0
_C16319,-0.0
_C16320,-1.0
_C16321,-1.0
_C16322,-0.0
_C16323,-0.0
_C16324,-0.0
_C16325,-0.0
_C16326,-0.0
_C16327,-0.0
_C16328,-0.0
_C16329,-0.0
_C16330,-0.0
_C16331,-0.0
_C16332,-0.0
_C16333,-0.0
_C16334,-1.0
_C16335,-1.0
_C16336,-0.0
_C16337,-0.0
_C16338,-0.0
_C16339,-0.0
_C16340,-0.0
_C16341,-0.0
_C16342,-0.0
_C16343,-0.0
_C16344,-0.0
_C16345,-0.0
_C16346,-0.0
_C16347,-0.0
_C16348,-1.0
_C16349,-1.0
_C16350,-0.0
_C16351,-0.0
_C16352,-0.0
_C16353,-0.0
_C16354,-0.0
_C16355,-0.0
_C16356,-0.0
_C16357,-0.0
_C16358,-0.0
_C16359,-0.0
_C16360,-0.0
_C16361,-0.0
_C16362,-1.0
_C16363,-1.0
_C16364,-0.0
_C16365,-0.0
_C16366,-0.0
_C16367,-0.0
_C16368,-0.0
_C16369,-0.0
_C16370,-0.0
_C16371,-0.0
_C16372,-0.0
_C16373,-0.0
_C16374,-0.0
_C16375,-0.0
_C16376,-1.0
_C16377,-1.0
_C16378,-0.0
_C16379,-0.0
_C16380,-0.0
_C16381,-0.0
_C16382,-0.0
_C16383,-0.0
_C16384,-0.0
_C16385,-0.0
_C16386,-0.0
_C16387,-0.0
_C16388,-0.0
_C16389,-0.0
_C16390,-1.0
_C16391,-1.0
_C16392,-0.0
_C16393,-0.0
_C16394,-0.0
_C16395,-0.0
_C16396,-0.0
_C16397,-0.0
_C16398,-0.0
_C16399,-0.0
_C16400,-0.0
_C16401,-0.0
_C16402,-0.0
_C16403,-0.0
_C16404,-1.0
_C16405,-1.0
_C16406,-0.0
_C16407,-0.0
_C16408,-0.0
_C16409,-0.0
_C16410,-0.0
_C16411,-0.0
_C16412,-0.0
_C16413,-0.0
_C16414,-0.0
_C16415,-0.0
_C16416,-0.0
_C16417,-0.0
_C16418,-1.0
_C16419,-1.0
_C16420,-0.0
_C16421,-0.0
_C16422,-0.0
_C16423,-0.0
_C16424,-0.0
_C16425,-0.0
_C16426,-0.0
_C16427,-0.0
_C16428,-0.0
_C16429,-0.0
_C16430,-0.0
_C16431,-0.0
_C16432,-1.0
_C16433,-1.0
_C16434,-0.0
_C16435,-0.0
_C16436,-0.0
_C16437,-0.0
_C16438,-0.0
_C16439,-0.0
_C16440,-0.0
_C16441,-0.0
_C16442,-0.0
_C16443,-0.0
_C16444,-0.0
_C16445,-0.0
_C16446,-1.0
_C16447,-1.0
_C16448,-0.0
_C16449,-0.0
_C16450,-0.0
_C16451,-0.0
_C16452,-0.0
_C16453,-0.0
_C16454,-0.0
_C16455,-0.0
_C16456,-0.0
_C16457,-0.0
_C16458,-0.0
_C16459,-0.0
_C16460,-1.0
_C16461,-1.0
_C16462,-0.0
_C16463,-0.0
_C16464,-0.0
_C16465,-0.0
_C16466,-0.0
_C16467,-0.0
_C16468,-0.0
_C16469,-0.0
_C16470,-0.0
_C16471,-0.0
_C16472,-0.0
_C16473,-0.0
_C16474,-1.0
_C16475,-1.0
_C16476,-0.0
_C16477,-0.0
_C16478,-0.0
_C16479,-0.0
_C16480,-0.0
_C16481,-0.0
_C16482,-0.0
_C16483,-0.0
_C16484,-0.0
_C16485,-0.0
_C16486,-0.0
_C16487,-0.0
_C16488,-1.0
_C16489,-1.0
_C16490,-0.0
_C16491,-0.0
_C16492,-0.0
_C16493,-0.0
_C16494,-0.0
_C16495,-0.0
_C16496,-0.0
_C16497,-0.0
_C16498,-0.0
_C16499,-0.0
_C16500,-0.0
_C16501,-0.0
_C16502,-1.0
_C16503,-1.0
_C16504,-0.0
_C16505,-0.0
_C16506,-0.0
_C16507,-0.0
_C16508,-0.0
_C16509,-0.0
_C16510,-0.0
_C16511,-0.0
_C16512,-0.0
_C16513,-0.0
_C16514,-0.0
_C16515,-0.0
_C16516,-1.0
_C16517,-1.0
_C16518,-0.0
_C16519,-0.0
_C16520,-0.0
_C16521,-0.0
_C16522,-0.0
_C16523,-0.0
_C16524,-0.0
_C16525,-0.0
_C16526,-0.0
_C16527,-0.0
_C16528,-0.0
_C16529,-0.0
_C16530,-1.0
_C16531,-1.0
_C16532,-0.0
_C16533,-0.0
_C16534,-0.0
_C16535,-0.0
_C16536,-0.0
_C16537,-0.0
_C16538,-0.0
_C16539,-0.0
_C16540,-0.0
_C16541,-0.0
_C16542,-0.0
_C16543,-0.0
_C16544,-1.0
_C16545,-1.0
_C16546,-0.0
_C16547,-0.0
_C16548,-0.0
_C16549,-0.0
_C16550,-0.0
_C16551,-0.0
_C16552,-0.0
_C16553,-0.0
_C16554,-0.0
_C16555,-0.0
_C16556,-0.0
_C16557,-0.0
_C16558,-1.0
_C16559,-1.0
_C16560,-0.0
_C16561,-0.0
_C16562,-0.0
_C16563,-0.0
_C16564,-0.0
_C16565,-0.0
_C16566,-0.0
_C16567,-0.0
_C16568,-0.0
_C16569,-0.0
_C16570,-0.0
_C16571,-0.0
_C16572,-1.0
_C16573,-1.0
_C16574,-0.0
_C16575,-0.0
_C16576,-0.0
_C16577,-0.0
_C16578,-0.0
_C16579,-0.0
_C16580,-0.0
_C16581,-0.0
_C16582,-0.0
_C16583,-0.0
_C16584,-0.0
_C16585,-0.0
_C16586,-1.0
_C16587,-1.0
_C16588,-0.0
_C16589,-0.0
_C16590,-0.0
_C16591,-0.0
_C16592,-0.0
_C16593,-0.0
_C16594,-0.0
_C16595,-0.0
_C16596,-0.0
_C16597,-0.0
_C16598,-0.0
_C16599,-0.0
_C16600,-1.0
_C16601,-1.0
_C16602,-0.0
_C16603,-0.0
_C16604,-0.0
_C16605,-0.0
_C16606,-0.0
_C16607,-0.0
_C16608,-0.0
_C16609,-0.0
_C16610,-0.0
_C16611,-0.0
_C16612,-0.0
_C16613,-0.0
_C16614,-1.0
_C16615,-1.0
_C16616,-0.0
_C16617,-0.0
_C16618,-0.0
_C16619,-0.0
_C16620,-0.0
_C16621,-0.0
_C16622,-0.0
_C16623,-0.0
_C16624,-0.0
_C16625,-0.0
_C16626,-0.0
_C16627,-0.0
_C16628,-1.0
_C16629,-1.0
_C16630,-0.0
_C16631,-0.0
_C16632,-0.0
_C16633,-0.0
_C16634,-0.0
_C16635,-0.0
_C16636,-0.0
_C16637,-0.0
_C16638,-0.0
_C16639,-0.0
_C16640,-0.0
_C16641,-0.0
_C16642,-1.0
_C16643,-1.0
_C16644,-0.0
_C16645,-0.0
_C16646,-0.0
_C16647,-0.0
_C16648,-0.0
_C16649,-0.0
_C16650,-0.0
_C16651,-0.0
_C16652,-0.0
_C16653,-0.0
_C16654,-0.0
_C16655,-0.0
_C16656,-1.0
_C16657,-1.0
_C16658,-0.0
_C16659,-0.0
_C16660,-0.0
_C16661,-0.0
_C16662,-0.0
_C16663,-0.0
_C16664,-0.0
_C16665,-0.0
_C16666,-0.0
_C16667,-0.0
_C16668,-0.0
_C16669,-0.0
_C16670,-1.0
_C16671,-1.0
_C16672,-0.0
_C16673,-0.0
_C16674,-0.0
_C16675,-0.0
_C16676,-0.0
_C16677,-0.0
_C16678,-0.0
_C16679,-0.0
_C16680,-0.0
_C16681,-0.0
_C16682,-0.0
_C16683,-0.0
_C16684,-1.0
_C16685,-1.0
_C16686,-0.0
_C16687,-0.0
_C16688,-0.0
_C16689,-0.0
_C16690,-0.0
_C16691,-0.0
_C16692,-0.0
_C16693,-0.0
_C16694,-0.0
_C16695,-0.0
_C16696,-0.0
_C16697,-0.0
_C16698,-1.0
_C16699,-1.0
_C16700,-0.0
_C16701,-0.0
_C16702,-0.0
_C16703,-0.0
_C16704,-0.0
_C16705,-0.0
_C16706,-0.0
_C16707,-0.0
_C16708,-0.0
_C16709,-0.0
_C16710,-0.0
_C16711,-0.0
_C16712,-1.0
_C16713,-1.0
_C16714,-0.0
_C16715,-0.0
_C16716,-0.0
_C16717,-0.0
_C16718,-0.0
_C16719,-0.0
_C16720,-0.0
_C16721,-0.0
_C16722,-0.0
_C16723,-0.0
_C16724,-0.0
_C16725,-0.0
_C16726,-1.0
_C16727,-1.0
_C16728,-0.0
_C16729,-0.0
_C16730,-0.0
_C16731,-0.0
_C16732,-0.0
_C16733,-0.0
_C16734,-0.0
_C16735,-0.0
_C16736,-0.0
_C16737,-0.0
_C16738,-0.0
_C16739,-0.0
_C16740,-1.0
_C16741,-1.0
_C16742,-0.0
_C16743,-0.0
_C16744,-0.0
_C16745,-0.0
_C16746,-0.0
_C16747,-0.0
_C16748,-0.0
_C16749,-0.0
_C16750,-0.0
_C16751,-0.0
_C16752,-0.0
_C16753,-0.0
_C16754,-1.0
_C16755,-1.0
_C16756,-0.0
_C16757,-0.0
_C16758,-0.0
_C16759,-0.0
_C16760,-0.0
_C16761,-0.0
_C16762,-0.0
_C16763,-0.0
_C16764,-0.0
_C16765,-0.0
_C16766,-0.0
_C16767,-0.0
_C16768,-1.0
_C16769,-1.0
_C16770,-0.0
_C16771,-0.0
_C16772,-0.0
_C16773,-0.0
_C16774,-0.0
_C16775,-0.0
_C16776,-0.0
_C16777,-0.0
_C16778,-0.0
_C16779,-0.0
_C16780,-0.0
_C16781,-0.0
_C16782,-1.0
_C16783,-1.0
_C16784,-0.0
_C16785,-0.0
_C16786,-0.0
_C16787,-0.0
_C16788,-0.0
_C16789,-0.0
_C16790,-0.0
_C16791,-0.0
_C16792,-0.0
_C16793,-0.0
_C16794,-0.0
_C16795,-0.0
_C16796,-1.0
_C16797,-1.0
_C16798,-0.0
_C16799,-0.0
_C16800,-0.0
_C16801,-0.0
_C16802,-0.0
_C16803,-0.0
_C16804,-0.0
_C16805,-0.0
_C16806,-0.0
_C16807,-0.0
_C16808,-0.0
_C16809,-0.0
_C16810,-1.0
_C16811,-1.0
_C16812,-0.0
_C16813,-0.0
_C16814,-0.0
_C16815,-0.0
_C16816,-0.0
_C16817,-0.0
_C16818,-0.0
_C16819,-0.0
_C16820,-0.0
_C16821,-0.0
_C16822,-0.0
_C16823,-0.0
_C16824,-1.0
_C16825,-1.0
_C16826,-0.0
_C16827,-0.0
_C16828,-0.0
_C16829,-0.0
_C16830,-0.0
_C16831,-0.0
_C16832,-0.0
_C16833,-0.0
_C16834,-0.0
_C16835,-0.0
_C16836,-0.0
_C16837,-0.0
_C16838,-1.0
_C16839,-1.0
_C16840,-0.0
_C16841,-0.0
_C16842,-0.0
_C16843,-0.0
_C16844,-0.0
_C16845,-0.0
_C16846,-0.0
_C16847,-0.0
_C16848,-0.0
_C16849,-0.0
_C16850,-0.0
_C16851,-0.0
_C16852,-1.0
_C16853,-1.0
_C16854,-0.0
_C16855,-0.0
_C16856,-0.0
_C16857,-0.0
_C16858,-0.0
_C16859,-0.0
_C16860,-0.0
_C16861,-0.0
_C16862,-0.0
_C16863,-0.0
_C16864,-0.0
_C16865,-0.0
_C16866,-1.0
_C16867,-1.0
_C16868,-0.0
_C16869,-0.0
_C16870,-0.0
_C16871,-0.0
_C16872,-0.0
_C16873,-0.0
_C16874,-0.0
_C16875,-0.0
_C16876,-0.0
_C16877,-0.0
_C16878,-0.0
_C16879,-0.0
_C16880,-1.0
_C16881,-1.0
_C16882,-0.0
_C16883,-0.0
_C16884,-0.0
_C16885,-0.0
_C16886,-0.0
_C16887,-0.0
_C16888,-0.0
_C16889,-0.0
_C16890,-0.0
_C16891,-0.0
_C16892,-0.0
_C16893,-0.0
_C16894,-1.0
_C16895,-1.0
_C16896,-0.0
_C16897,-0.0
_C16898,-0.0
_C16899,-0.0
_C16900,-0.0
_C16901,-0.0
_C16902,-0.0
_C16903,-0.0
_C16904,-0.0
_C16905,-0.0
_C16906,-0.0
_C16907,-0.0
_C16908,-1.0
_C16909,-1.0
_C16910,-0.0
_C16911,-0.0
_C16912,-0.0
_C16913,-0.0
_C16914,-0.0
_C16915,-0.0
_C16916,-0.0
_C16917,-0.0
_C16918,-0.0
_C16919,-0.0
_C16920,-0.0
_C16921,-0.0
_C16922,-1.0
_C16923,-1.0
_C16924,-0.0
_C16925,-0.0
_C16926,-0.0
_C16927,-0.0
_C16928,-0.0
_C16929,-0.0
_C16930,-0.0
_C16931,-0.0
_C16932,-0.0
_C16933,-0.0
_C16934,-0.0
_C16935,-0.0
_C16936,-1.0
_C16937,-1.0
_C16938,-0.0
_C16939,-0.0
_C16940,-0.0
_C16941,-0.0
_C16942,-0.0
_C16943,-0.0
_C16944,-0.0
_C16945,-0.0
_C16946,-0.0
_C16947,-0.0
_C16948,-0.0
_C16949,-0.0
_C16950,-1.0
_C16951,-1.0
_C16952,-0.0
_C16953,-0.0
_C16954,-0.0
_C16955,-0.0
_C16956,-0.0
_C16957,-0.0
_C16958,-0.0
_C16959,-0.0
_C16960,-0.0
_C16961,-0.0
_C16962,-0.0
_C16963,-0.0
_C16964,-1.0
_C16965,-1.0
_C16966,-0.0
_C16967,-0.0
_C16968,-0.0
_C16969,-0.0
_C16970,-0.0
_C16971,-0.0
_C16972,-0.0
_C16973,-0.0
_C16974,-0.0
_C16975,-0.0
_C16976,-0.0
_C16977,-0.0
_C16978,-1.0
_C16979,-1.0
_C16980,-0.0
_C16981,-0.0
_C16982,-0.0
_C16983,-0.0
_C16984,-0.0
_C16985,-0.0
_C16986,-0.0
_C16987,-0.0
_C16988,-0.0
_C16989,-0.0
_C16990,-0.0
_C16991,-0.0
_C16992,-1.0
_C16993,-1.0
_C16994,-0.0
_C16995,-0.0
_C16996,-0.0
_C16997,-0.0
_C16998,-0.0
_C16999,-0.0
_C17000,-0.0
_C17001,-0.0
_C17002,-0.0
_C17003,-0.0
_C17004,-0.0
_C17005,-0.0
_C17006,-1.0
_C17007,-1.0
_C17008,-0.0
_C17009,-0.0
_C17010,-0.0
_C17011,-0.0
_C17012,-0.0
_C17013,-0.0
_C17014,-0.0
_C17015,-0.0
_C17016,-0.0
_C17017,-0.0
_C17018,-0.0
_C17019,-0.0
_C17020,-1.0
_C17021,-1.0
_C17022,-0.0
_C17023,-0.0
_C17024,-0.0
_C17025,-0.0
_C17026,-0.0
_C17027,-0.0
_C17028,-0.0
_C17029,-0.0
_C17030,-0.0
_C17031,-0.0
_C17032,-0.0
_C17033,-0.0
_C17034,-1.0
_C17035,-1.0
_C17036,-0.0
_C17037,-0.0
_C17038,-0.0
_C17039,-0.0
_C17040,-0.0
_C17041,-0.0
_C17042,-0.0
_C17043,-0.0
_C17044,-0.0
_C17045,-0.0
_C17046,-0.0
_C17047,-0.0
_C17048,-1.0
_C17049,-1.0
_C17050,-0.0
_C17051,-0.0
_C17052,-0.0
_C17053,-0.0
_C17054,-0.0
_C17055,-0.0
_C17056,-0.0
_C17057,-0.0
_C17058,-0.0
_C17059,-0.0
_C17060,-0.0
_C17061,-0.0
_C17062,-1.0
_C17063,-1.0
_C17064,-0.0
_C17065,-0.0
_C17066,-0.0
_C17067,-0.0
_C17068,-0.0
_C17069,-0.0
_C17070,-0.0
_C17071,-0.0
_C17072,-0.0
_C17073,-0.0
_C17074,-0.0
_C17075,-0.0
_C17076,-1.0
_C17077,-1.0
_C17078,-0.0
_C17079,-0.0
_C17080,-0.0
_C17081,-0.0
_C17082,-0.0
_C17083,-0.0
_C17084,-0.0
_C17085,-0.0
_C17086,-0.0
_C17087,-0.0
_C17088,-0.0
_C17089,-0.0
_C17090,-1.0
_C17091,-1.0
_C17092,-0.0
_C17093,-0.0
_C17094,-0.0
_C17095,-0.0
_C17096,-0.0
_C17097,-0.0
_C17098,-0.0
_C17099,-0.0
_C17100,-0.0
_C17101,-0.0
_C17102,-0.0
_C17103,-0.0
_C17104,-1.0
_C17105,-1.0
_C17106,-0.0
_C17107,-0.0
_C17108,-0.0
_C17109,-0.0
_C17110,-0.0
_C17111,-0.0
_C17112,-0.0
_C17113,-0.0
_C17114,-0.0
_C17115,-0.0
_C17116,-0.0
_C17117,-0.0
_C17118,-1.0
_C17119,-1.0
_C17120,-0.0
_C17121,-0.0
_C17122,-0.0
_C17123,-0.0
_C17124,-0.0
_C17125,-0.0
_C17126,-0.0
_C17127,-0.0
_C17128,-0.0
_C17129,-0.0
_C17130,-0.0
_C17131,-0.0
_C17132,-1.0
_C17133,-1.0
_C17134,-0.0
_C17135,-0.0
_C17136,-0.0
_C17137,-0.0
_C17138,-0.0
_C17139,-0.0
_C17140,-0.0
_C17141,-0.0
_C17142,-0.0
_C17143,-0.0
_C17144,-0.0
_C17145,-0.0
_C17146,-1.0
_C17147,-1.0
_C17148,-0.0
_C17149,-0.0
_C17150,-0.0
_C17151,-0.0
_C17152,-0.0
_C17153,-0.0
_C17154,-0.0
_C17155,-0.0
_C17156,-0.0
_C17157,-0.0
_C17158,-0.0
_C17159,-0.0
_C17160,-1.0
_C17161,-1.0
_C17162,-0.0
_C17163,-0.0
_C17164,-0.0
_C17165,-0.0
_C17166,-0.0
_C17167,-0.0
_C17168,-0.0
_C17169,-0.0
_C17170,-0.0
_C17171,-0.0
_C17172,-0.0
_C17173,-0.0
_C17174,-1.0
_C17175,-1.0
_C17176,-0.0
_C17177,-0.0
_C17178,-0.0
_C17179,-0.0
_C17180,-0.0
_C17181,-0.0
_C17182,-0.0
_C17183,-0.0
_C17184,-0.0
_C17185,-0.0
_C17186,-0.0
_C17187,-0.0
_C17188,-1.0
_C17189,-1.0
_C17190,-0.0
_C17191,-0.0
_C17192,-0.0
_C17193,-0.0
_C17194,-0.0
_C17195,-0.0
_C17196,-0.0
_C17197,-0.0
_C17198,-0.0
_C17199,-0.0
_C17200,-0.0
_C17201,-0.0
_C17202,-1.0
_C17203,-1.0
_C17204,-0.0
_C17205,-0.0
_C17206,-0.0
_C17207,-0.0
_C17208,-0.0
_C17209,-0.0
_C17210,-0.0
_C17211,-0.0
_C17212,-0.0
_C17213,-0.0
_C17214,-0.0
_C17215,-0.0
_C17216,-1.0
_C17217,-1.0
_C17218,-0.0
_C17219,-0.0
_C17220,-0.0
_C17221,-0.0
_C17222,-0.0
_C17223,-0.0
_C17224,-0.0
_C17225,-0.0
_C17226,-0.0
_C17227,-0.0
_C17228,-0.0
_C17229,-0.0
_C17230,-1.0
_C17231,-1.0
_C17232,-0.0
_C17233,-0.0
_C17234,-0.0
_C17235,-0.0
_C17236,-0.0
_C17237,-0.0
_C17238,-0.0
_C17239,-0.0
_C17240,-0.0
_C17241,-0.0
_C17242,-0.0
_C17243,-0.0
_C17244,-1.0
_C17245,-1.0
_C17246,-0.0
_C17247,-0.0
_C17248,-0.0
_C17249,-0.0
_C17250,-0.0
_C17251,-0.0
_C17252,-0.0
_C17253,-0.0
_C17254,-0.0
_C17255,-0.0
_C17256,-0.0
_C17257,-0.0
_C17258,-1.0
_C17259,-1.0
_C17260,-0.0
_C17261,-0.0
_C17262,-0.0
_C17263,-0.0
_C17264,-0.0
_C17265,-0.0
_C17266,-0.0
_C17267,-0.0
_C17268,-0.0
_C17269,-0.0
_C17270,-0.0
_C17271,-0.0
_C17272,-1.0
_C17273,-1.0
_C17274,-0.0
_C17275,-0.0
_C17276,-0.0
_C17277,-0.0
_C17278,-0.0
_C17279,-0.0
_C17280,-0.0
_C17281,-0.0
_C17282,-0.0
_C17283,-0.0
_C17284,-0.0
_C17285,-0.0
_C17286,-1.0
_C17287,-1.0
_C17288,-0.0
_C17289,-0.0
_C17290,-0.0
_C17291,-0.0
_C17292,-0.0
_C17293,-0.0
_C17294,-0.0
_C17295,-0.0
_C17296,-0.0
_C17297,-0.0
_C17298,-0.0
_C17299,-0.0
_C17300,-1.0
_C17301,-1.0
_C17302,-0.0
_C17303,-0.0
_C17304,-0.0
_C17305,-0.0
_C17306,-0.0
_C17307,-0.0
_C17308,-0.0
_C17309,-0.0
_C17310,-0.0
_C17311,-0.0
_C17312,-0.0
_C17313,-0.0
_C17314,-1.0
_C17315,-1.0
_C17316,-0.0
_C17317,-0.0
_C17318,-0.0
_C17319,-0.0
_C17320,-0.0
_C17321,-0.0
_C17322,-0.0
_C17323,-0.0
_C17324,-0.0
_C17325,-0.0
_C17326,-0.0
_C17327,-0.0
_C17328,-1.0
_C17329,-1.0
_C17330,-0.0
_C17331,-0.0
_C17332,-0.0
_C17333,-0.0
_C17334,-0.0
_C17335,-0.0
_C17336,-0.0
_C17337,-0.0
_C17338,-0.0
_C17339,-0.0
_C17340,-0.0
_C17341,-0.0
_C17342,-1.0
_C17343,-1.0
_C17344,-0.0
_C17345,-0.0
_C17346,-0.0
_C17347,-0.0
_C17348,-0.0
_C17349,-0.0
_C17350,-0.0
_C17351,-0.0
_C17352,-0.0
_C17353,-0.0
_C17354,-0.0
_C17355,-0.0
_C17356,-1.0
_C17357,-1.0
_C17358,-0.0
_C17359,-0.0
_C17360,-0.0
_C17361,-0.0
_C17362,-0.0
_C17363,-0.0
_C17364,-0.0
_C17365,-0.0
_C17366,-0.0
_C17367,-0.0
_C17368,-0.0
_C17369,-0.0
_C17370,-1.0
_C17371,-1.0
_C17372,-0.0
_C17373,-0.0
_C17374,-0.0
_C17375,-0.0
_C17376,-0.0
_C17377,-0.0
_C17378,-0.0
_C17379,-0.0
_C17380,-0.0
_C17381,-0.0
_C17382,-0.0
_C17383,-0.0
_C17384,-1.0
_C17385,-1.0
_C17386,-0.0
_C17387,-0.0
_C17388,-0.0
_C17389,-0.0
_C17390,-0.0
_C17391,-0.0
_C17392,-0.0
_C17393,-0.0
_C17394,-0.0
_C17395,-0.0
_C17396,-0.0
_C17397,-0.0
_C17398,-1.0
_C17399,-1.0
_C17400,-0.0
_C17401,-0.0
_C17402,-0.0
_C17403,-0.0
_C17404,-0.0
_C17405,-0.0
_C17406,-0.0
_C17407,-0.0
_C17408,-0.0
_C17409,-0.0
_C17410,-0.0
_C17411,-0.0
_C17412,-1.0
_C17413,-1.0
_C17414,-0.0
_C17415,-0.0
_C17416,-0.0
_C17417,-0.0
_C17418,-0.0
_C17419,-0.0
_C17420,-0.0
_C17421,-0.0
_C17422,-0.0
_C17423,-0.0
_C17424,-0.0
_C17425,-0.0
_C17426,-1.0
_C17427,-1.0
_C17428,-0.0
_C17429,-0.0
_C17430,-0.0
_C17431,-0.0
_C17432,-0.0
_C17433,-0.0
_C17434,-0.0
_C17435,-0.0
_C17436,-0.0
_C17437,-0.0
_C17438,-0.0
_C17439,-0.0
_C17440,-1.0
_C17441,-1.0
_C17442,-0.0
_C17443,-0.0
_C17444,-0.0
_C17445,-0.0
_C17446,-0.0
_C17447,-0.0
_C17448,-0.0
_C17449,-0.0
_C17450,-0.0
_C17451,-0.0
_C17452,-0.0
_C17453,-0.0
_C17454,-1.0
_C17455,-1.0
_C17456,-0.0
_C17457,-0.0
_C17458,-0.0
_C17459,-0.0
_C17460,-0.0
_C17461,-0.0
_C17462,-0.0
_C17463,-0.0
_C17464,-0.0
_C17465,-0.0
_C17466,-0.0
_C17467,-0.0
_C17468,-1.0
_C17469,-1.0
_C17470,-0.0
_C17471,-0.0
_C17472,-0.0
_C17473,-0.0
_C17474,-0.0
_C17475,-0.0
_C17476,-0.0
_C17477,-0.0
_C17478,-0.0
_C17479,-0.0
_C17480,-0.0
_C17481,-0.0
_C17482,-1.0
_C17483,-1.0
_C17484,-0.0
_C17485,-0.0
_C17486,-0.0
_C17487,-0.0
_C17488,-0.0
_C17489,-0.0
_C17490,-0.0
_C17491,-0.0
_C17492,-0.0
_C17493,-0.0
_C17494,-0.0
_C17495,-0.0
_C17496,-1.0
_C17497,-1.0
_C17498,-0.0
_C17499,-0.0
_C17500,-0.0
_C17501,-0.0
_C17502,-0.0
_C17503,-0.0
_C17504,-0.0
_C17505,-0.0
_C17506,-0.0
_C17507,-0.0
_C17508,-0.0
_C17509,-0.0
_C17510,-1.0
_C17511,-1.0
_C17512,-0.0
_C17513,-0.0
_C17514,-0.0
_C17515,-0.0
_C17516,-0.0
_C17517,-0.0
_C17518,-0.0
_C17519,-0.0
_C17520,-0.0
_C17521,-0.0
_C17522,-0.0
_C17523,-0.0
_C17524,-1.0
_C17525,-1.0
_C17526,-0.0
_C17527,-0.0
_C17528,-0.0
_C17529,-0.0
_C17530,-0.0
_C17531,-0.0
_C17532,-0.0
_C17533,-0.0
_C17534,-0.0
_C17535,-0.0
_C17536,-0.0
_C17537,-0.0
_C17538,-1.0
_C17539,-1.0
_C17540,-0.0
_C17541,-0.0
_C17542,-0.0
_C17543,-0.0
_C17544,-0.0
_C17545,-0.0
_C17546,-0.0
_C17547,-0.0
_C17548,-0.0
_C17549,-0.0
_C17550,-0.0
_C17551,-0.0
_C17552,-1.0
_C17553,-1.0
_C17554,-0.0
_C17555,-0.0
_C17556,-0.0
_C17557,-0.0
_C17558,-0.0
_C17559,-0.0
_C17560,-0.0
_C17561,-0.0
_C17562,-0.0
_C17563,-0.0
_C17564,-0.0
_C17565,-0.0
_C17566,-1.0
_C17567,-1.0
_C17568,-0.0
_C17569,-0.0
_C17570,-0.0
_C17571,-0.0
_C17572,-0.0
_C17573,-0.0
_C17574,-0.0
_C17575,-0.0
_C17576,-0.0
_C17577,-0.0
_C17578,-0.0
_C17579,-0.0
_C17580,-1.0
_C17581,-1.0
_C17582,-0.0
_C17583,-0.0
_C17584,-0.0
_C17585,-0.0
_C17586,-0.0
_C17587,-0.0
_C17588,-0.0
_C17589,-0.0
_C17590,-0.0
_C17591,-0.0
_C17592,-0.0
_C17593,-0.0
_C17594,-1.0
_C17595,-1.0
_C17596,-0.0
_C17597,-0.0
_C17598,-0.0
_C17599,-0.0
_C17600,-0.0
_C17601,-0.0
_C17602,-0.0
_C17603,-0.0
_C17604,-0.0
_C17605,-0.0
_C17606,-0.0
_C17607,-0.0
_C17608,-1.0
_C17609,-1.0
_C17610,-0.0
_C17611,-0.0
_C17612,-0.0
_C17613,-0.0
_C17614,-0.0
_C17615,-0.0
_C17616,-0.0
_C17617,-0.0
_C17618,-0.0
_C17619,-0.0
_C17620,-0.0
_C17621,-0.0
_C17622,-1.0
_C17623,-1.0
_C17624,-0.0
_C17625,-0.0
_C17626,-0.0
_C17627,-0.0
_C17628,-0.0
_C17629,-0.0
_C17630,-0.0
_C17631,-0.0
_C17632,-0.0
_C17633,-0.0
_C17634,-0.0
_C17635,-0.0
_C17636,-1.0
_C17637,-1.0
_C17638,-0.0
_C17639,-0.0
_C17640,-0.0
_C17641,-0.0
_C17642,-0.0
_C17643,-0.0
_C17644,-0.0
_C17645,-0.0
_C17646,-0.0
_C17647,-0.0
_C17648,-0.0
_C17649,-0.0
_C17650,-1.0
_C17651,-1.0
_C17652,-0.0
_C17653,-0.0
_C17654,-0.0
_C17655,-0.0
_C17656,-0.0
_C17657,-0.0
_C17658,-0.0
_C17659,-0.0
_C17660,-0.0
_C17661,-0.0
_C17662,-0.0
_C17663,-0.0
_C17664,-1.0
_C17665,-1.0
_C17666,-0.0
_C17667,-0.0
_C17668,-0.0
_C17669,-0.0
_C17670,-0.0
_C17671,-0.0
_C17672,-0.0
_C17673,-0.0
_C17674,-0.0
_C17675,-0.0
_C17676,-0.0
_C17677,-0.0
_C17678,-1.0
_C17679,-1.0
_C17680,-0.0
_C17681,-0.0
_C17682,-0.0
_C17683,-0.0
_C17684,-0.0
_C17685,-0.0
_C17686,-0.0
_C17687,-0.0
_C17688,-0.0
_C17689,-0.0
_C17690,-0.0
_C17691,-0.0
_C17692,-1.0
_C17693,-1.0
_C17694,-0.0
_C17695,-0.0
_C17696,-0.0
_C17697,-0.0
_C17698,-0.0
_C17699,-0.0
_C17700,-0.0
_C17701,-0.0
_C17702,-0.0
_C17703,-0.0
_C17704,-0.0
_C17705,-0.0
_C17706,-1.0
_C17707,-1.0
_C17708,-0.0
_C17709,-0.0
_C17710,-0.0
_C17711,-0.0
_C17712,-0.0
_C17713,-0.0
_C17714,-0.0
_C17715,-0.0
_C17716,-0.0
_C17717,-0.0
_C17718,-0.0
_C17719,-0.0
_C17720,-1.0
_C17721,-1.0
_C17722,-0.0
_C17723,-0.0
_C17724,-0.0
_C17725,-0.0
_C17726,-0.0
_C17727,-0.0
_C17728,-0.0
_C17729,-0.0
_C17730,-0.0
_C17731,-0.0
_C17732,-0.0
_C17733,-0.0
_C17734,-1.0
_C17735,-1.0
_C17736,-0.0
_C17737,-0.0
_C17738,-0.0
_C17739,-0.0
_C17740,-0.0
_C17741,-0.0
_C17742,-0.0
_C17743,-0.0
_C17744,-0.0
_C17745,-0.0
_C17746,-0.0
_C17747,-0.0
_C17748,-1.0
_C17749,-1.0
_C17750,-0.0
_C17751,-0.0
_C17752,-0.0
_C17753,-0.0
_C17754,-0.0
_C17755,-0.0
_C17756,-0.0
_C17757,-0.0
_C17758,-0.0
_C17759,-0.0
_C17760,-0.0
_C17761,-0.0
_C17762,-1.0
_C17763,-1.0
_C17764,-0.0
_C17765,-0.0
_C17766,-0.0
_C17767,-0.0
_C17768,-0.0
_C17769,-0.0
_C17770,-0.0
_C17771,-0.0
_C17772,-0.0
_C17773,-0.0
_C17774,-0.0
_C17775,-0.0
_C17776,-1.0
_C17777,-1.0
_C17778,-0.0
_C17779,-0.0
_C17780,-0.0
_C17781,-0.0
_C17782,-0.0
_C17783,-0.0
_C17784,-0.0
_C17785,-0.0
_C17786,-0.0
_C17787,-0.0
_C17788,-0.0
_C17789,-0.0
_C17790,-1.0
_C17791,-1.0
_C17792,-0.0
_C17793,-0.0
_C17794,-0.0
_C17795,-0.0
_C17796,-0.0
_C17797,-0.0
_C17798,-0.0
_C17799,-0.0
_C17800,-0.0
_C17801,-0.0
_C17802,-0.0
_C17803,-0.0
_C17804,-1.0
_C17805,-1.0
_C17806,-0.0
_C17807,-0.0
_C17808,-0.0
_C17809,-0.0
_C17810,-0.0
_C17811,-0.0
_C17812,-0.0
_C17813,-0.0
_C17814,-0.0
_C17815,-0.0
_C17816,-0.0
_C17817,-0.0
_C17818,-1.0
_C17819,-1.0
_C17820,-0.0
_C17821,-0.0
_C17822,-0.0
_C17823,-0.0
_C17824,-0.0
_C17825,-0.0
_C17826,-0.0
_C17827,-0.0
_C17828,-0.0
_C17829,-0.0
_C17830,-0.0
_C17831,-0.0
_C17832,-1.0
_C17833,-1.0
_C17834,-0.0
_C17835,-0.0
_C17836,-0.0
_C17837,-0.0
_C17838,-0.0
_C17839,-0.0
_C17840,-0.0
_C17841,-0.0
_C17842,-0.0
_C17843,-0.0
_C17844,-0.0
_C17845,-0.0
_C17846,-1.0
_C17847,-1.0
_C17848,-0.0
_C17849,-0.0
_C17850,-0.0
_C17851,-0.0
_C17852,-0.0
_C17853,-0.0
_C17854,-0.0
_C17855,-0.0
_C17856,-0.0
_C17857,-0.0
_C17858,-0.0
_C17859,-0.0
_C17860,-1.0
_C17861,-1.0
_C17862,-0.0
_C17863,-0.0
_C17864,-0.0
_C17865,-0.0
_C17866,-0.0
_C17867,-0.0
_C17868,-0.0
_C17869,-0.0
_C17870,-0.0
_C17871,-0.0
_C17872,-0.0
_C17873,-0.0
_C17874,-1.0
_C17875,-1.0
_C17876,-0.0
_C17877,-0.0
_C17878,-0.0
_C17879,-0.0
_C17880,-0.0
_C17881,-0.0
_C17882,-0.0
_C17883,-0.0
_C17884,-0.0
_C17885,-0.0
_C17886,-0.0
_C17887,-0.0
_C17888,-1.0
_C17889,-1.0
_C17890,-0.0
_C17891,-0.0
_C17892,-0.0
_C17893,-0.0
_C17894,-0.0
_C17895,-0.0
_C17896,-0.0
_C17897,-0.0
_C17898,-0.0
_C17899,-0.0
_C17900,-0.0
_C17901,-0.0
_C17902,-1.0
_C17903,-1.0
_C17904,-0.0
_C17905,-0.0
_C17906,-0.0
_C17907,-0.0
_C17908,-0.0
_C17909,-0.0
_C17910,-0.0
_C17911,-0.0
_C17912,-0.0
_C17913,-0.0
_C17914,-0.0
_C17915,-0.0
_C17916,-1.0
_C17917,-1.0
_C17918,-0.0
_C17919,-0.0
_C17920,-0.0
_C17921,-0.0
_C17922,-0.0
_C17923,-0.0
_C17924,-0.0
_C17925,-0.0
_C17926,-0.0
_C17927,-0.0
_C17928,-0.0
_C17929,-0.0
_C17930,-1.0
_C17931,-1.0
_C17932,-0.0
_C17933,-0.0
_C17934,-0.0
_C17935,-0.0
_C17936,-0.0
_C17937,-0.0
_C17938,-0.0
_C17939,-0.0
_C17940,-0.0
_C17941,-0.0
_C17942,-0.0
_C17943,-0.0
_C17944,-1.0
_C17945,-1.0
_C17946,-0.0
_C17947,-0.0
_C17948,-0.0
_C17949,-0.0
_C17950,-0.0
_C17951,-0.0
_C17952,-0.0
_C17953,-0.0
_C17954,-0.0
_C17955,-0.0
_C17956,-0.0
_C17957,-0.0
_C17958,-1.0
_C17959,-1.0
_C17960,-0.0
_C17961,-0.0
_C17962,-0.0
_C17963,-0.0
_C17964,-0.0
_C17965,-0.0
_C17966,-0.0
_C17967,-0.0
_C17968,-0.0
_C17969,-0.0
_C17970,-0.0
_C17971,-0.0
_C17972,-1.0
_C17973,-1.0
_C17974,-0.0
_C17975,-0.0
_C17976,-0.0
_C17977,-0.0
_C17978,-0.0
_C17979,-0.0
_C17980,-0.0
_C17981,-0.0
_C17982,-0.0
_C17983,-0.0
_C17984,-0.0
_C17985,-0.0
_C17986,-1.0
_C17987,-1.0
_C17988,-0.0
_C17989,-0.0
_C17990,-0.0
_C17991,-0.0
_C17992,-0.0
_C17993,-0.0
_C17994,-0.0
_C17995,-0.0
_C17996,-0.0
_C17997,-0.0
_C17998,-0.0
_C17999,-0.0
_C18000,-1.0
_C18001,-1.0
_C18002,-0.0
_C18003,-0.0
_C18004,-0.0
_C18005,-0.0
_C18006,-0.0
_C18007,-0.0
_C18008,-0.0
_C18009,-0.0
_C18010,-0.0
_C18011,-0.0
_C18012,-0.0
_C18013,-0.0
_C18014,-1.0
_C18015,-1.0
_C18016,-0.0
_C18017,-0.0
_C18018,-0.0
_C18019,-0.0
_C18020,-0.0
_C18021,-0.0
_C18022,-0.0
_C18023,-0.0
_C18024,-0.0
_C18025,-0.0
_C18026,-0.0
_C18027,-0.0
_C18028,-1.0
_C18029,-1.0
_C18030,-0.0
_C18031,-0.0
_C18032,-0.0
_C18033,-0.0
_C18034,-0.0
_C18035,-0.0
_C18036,-0.0
_C18037,-0.0
_C18038,-0.0
_C18039,-0.0
_C18040,-0.0
_C18041,-0.0
_C18042,-1.0
_C18043,-1.0
_C18044,-0.0
_C18045,-0.0
_C18046,-0.0
_C18047,-0.0
_C18048,-0.0
_C18049,-0.0
_C18050,-0.0
_C18051,-0.0
_C18052,-0.0
_C18053,-0.0
_C18054,-0.0
_C18055,-0.0
_C18056,-1.0
_C18057,-1.0
_C18058,-0.0
_C18059,-0.0
_C18060,-0.0
_C18061,-0.0
_C18062,-0.0
_C18063,-0.0
_C18064,-0.0
_C18065,-0.0
_C18066,-0.0
_C18067,-0.0
_C18068,-0.0
_C18069,-0.0
_C18070,-1.0
_C18071,-1.0
_C18072,-0.0
_C18073,-0.0
_C18074,-0.0
_C18075,-0.0
_C18076,-0.0
_C18077,-0.0
_C18078,-0.0
_C18079,-0.0
_C18080,-0.0
_C18081,-0.0
_C18082,-0.0
_C18083,-0.0
_C18084,-1.0
_C18085,-1.0
_C18086,-0.0
_C18087,-0.0
_C18088,-0.0
_C18089,-0.0
_C18090,-0.0
_C18091,-0.0
_C18092,-0.0
_C18093,-0.0
_C18094,-0.0
_C18095,-0.0
_C18096,-0.0
_C18097,-0.0
_C18098,-1.0
_C18099,-1.0
_C18100,-0.0
_C18101,-0.0
_C18102,-0.0
_C18103,-0.0
_C18104,-0.0
_C18105,-0.0
_C18106,-0.0
_C18107,-0.0
_C18108,-0.0
_C18109,-0.0
_C18110,-0.0
_C18111,-0.0
_C18112,-1.0
_C18113,-1.0
_C18114,-0.0
_C18115,-0.0
_C18116,-0.0
_C18117,-0.0
_C18118,-0.0
_C18119,-0.0
_C18120,-0.0
_C18121,-0.0
_C18122,-0.0
_C18123,-0.0
_C18124,-0.0
_C18125,-0.0
_C18126,-1.0
_C18127,-1.0
_C18128,-0.0
_C18129,-0.0
_C18130,-0.0
_C18131,-0.0
_C18132,-0.0
_C18133,-0.0
_C18134,-0.0
_C18135,-0.0
_C18136,-0.0
_C18137,-0.0
_C18138,-0.0
_C18139,-0.0
_C18140,-1.0
_C18141,-1.0
_C18142,-0.0
_C18143,-0.0
_C18144,-0.0
_C18145,-0.0
_C18146,-0.0
_C18147,-0.0
_C18148,-0.0
_C18149,-0.0
_C18150,-0.0
_C18151,-0.0
_C18152,-0.0
_C18153,-0.0
_C18154,-1.0
_C18155,-1.0
_C18156,-0.0
_C18157,-0.0
_C18158,-0.0
_C18159,-0.0
_C18160,-0.0
_C18161,-0.0
_C18162,-0.0
_C18163,-0.0
_C18164,-0.0
_C18165,-0.0
_C18166,-0.0
_C18167,-0.0
_C18168,-1.0
_C18169,-1.0
_C18170,-0.0
_C18171,-0.0
_C18172,-0.0
_C18173,-0.0
_C18174,-0.0
_C18175,-0.0
_C18176,-0.0
_C18177,-0.0
_C18178,-0.0
_C18179,-0.0
_C18180,-0.0
_C18181,-0.0
_C18182,-1.0
_C18183,-1.0
_C18184,-0.0
_C18185,-0.0
_C18186,-0.0
_C18187,-0.0
_C18188,-0.0
_C18189,-0.0
_C18190,-0.0
_C18191,-0.0
_C18192,-0.0
_C18193,-0.0
_C18194,-0.0
_C18195,-0.0
_C18196,-1.0
_C18197,-1.0
_C18198,-0.0
_C18199,-0.0
_C18200,-0.0
_C18201,-0.0
_C18202,-0.0
_C18203,-0.0
_C18204,-0.0
_C18205,-0.0
_C18206,-0.0
_C18207,-0.0
_C18208,-0.0
_C18209,-0.0
_C18210,-1.0
_C18211,-1.0
_C18212,-0.0
_C18213,-0.0
_C18214,-0.0
_C18215,-0.0
_C18216,-0.0
_C18217,-0.0
_C18218,-0.0
_C18219,-0.0
_C18220,-0.0
_C18221,-0.0
_C18222,-0.0
_C18223,-0.0
_C18224,-1.0
_C18225,-1.0
_C18226,-0.0
_C18227,-0.0
_C18228,-0.0
_C18229,-0.0
_C18230,-0.0
_C18231,-0.0
_C18232,-0.0
_C18233,-0.0
_C18234,-0.0
_C18235,-0.0
_C18236,-0.0
_C18237,-0.0
_C18238,-1.0
_C18239,-1.0
_C18240,-0.0
_C18241,-0.0
_C18242,-0.0
_C18243,-0.0
_C18244,-0.0
_C18245,-0.0
_C18246,-0.0
_C18247,-0.0
_C18248,-0.0
_C18249,-0.0
_C18250,-0.0
_C18251,-0.0
_C18252,-1.0
_C18253,-1.0
_C18254,-0.0
_C18255,-0.0
_C18256,-0.0
_C18257,-0.0
_C18258,-0.0
_C18259,-0.0
_C18260,-0.0
_C18261,-0.0
_C18262,-0.0
_C18263,-0.0
_C18264,-0.0
_C18265,-0.0
_C18266,-1.0
_C18267,-1.0
_C18268,-0.0
_C18269,-0.0
_C18270,-0.0
_C18271,-0.0
_C18272,-0.0
_C18273,-0.0
_C18274,-0.0
_C18275,-0.0
_C18276,-0.0
_C18277,-0.0
_C18278,-0.0
_C18279,-0.0
_C18280,-1.0
_C18281,-1.0
_C18282,-0.0
_C18283,-0.0
_C18284,-0.0
_C18285,-0.0
_C18286,-0.0
_C18287,-0.0
_C18288,-0.0
_C18289,-0.0
_C18290,-0.0
_C18291,-0.0
_C18292,-0.0
_C18293,-0.0
_C18294,-1.0
_C18295,-1.0
_C18296,-0.0
_C18297,-0.0
_C18298,-0.0
_C18299,-0.0
_C18300,-0.0
_C18301,-0.0
_C18302,-0.0
_C18303,-0.0
_C18304,-0.0
_C18305,-0.0
_C18306,-0.0
_C18307,-0.0
_C18308,-1.0
_C18309,-1.0
_C18310,-0.0
_C18311,-0.0
_C18312,-0.0
_C18313,-0.0
_C18314,-0.0
_C18315,-0.0
_C18316,-0.0
_C18317,-0.0
_C18318,-0.0
_C18319,-0.0
_C18320,-0.0
_C18321,-0.0
_C18322,-1.0
_C18323,-1.0
_C18324,-0.0
_C18325,-0.0
_C18326,-0.0
_C18327,-0.0
_C18328,-0.0
_C18329,-0.0
_C18330,-0.0
_C18331,-0.0
_C18332,-0.0
_C18333,-0.0
_C18334,-0.0
_C18335,-0.0
_C18336,-1.0
_C18337,-1.0
_C18338,-0.0
_C18339,-0.0
_C18340,-0.0
_C18341,-0.0
_C18342,-0.0
_C18343,-0.0
_C18344,-0.0
_C18345,-0.0
_C18346,-0.0
_C18347,-0.0
_C18348,-0.0
_C18349,-0.0
_C18350,-1.0
_C18351,-1.0
_C18352,-0.0
_C18353,-0.0
_C18354,-0.0
_C18355,-0.0
_C18356,-0.0
_C18357,-0.0
_C18358,-0.0
_C18359,-0.0
_C18360,-0.0
_C18361,-0.0
_C18362,-0.0
_C18363,-0.0
_C18364,-1.0
_C18365,-1.0
_C18366,-0.0
_C18367,-0.0
_C18368,-0.0
_C18369,-0.0
_C18370,-0.0
_C18371,-0.0
_C18372,-0.0
_C18373,-0.0
_C18374,-0.0
_C18375,-0.0
_C18376,-0.0
_C18377,-0.0
_C18378,-1.0
_C18379,-1.0
_C18380,-0.0
_C18381,-0.0
_C18382,-0.0
_C18383,-0.0
_C18384,-0.0
_C18385,-0.0
_C18386,-0.0
_C18387,-0.0
_C18388,-0.0
_C18389,-0.0
_C18390,-0.0
_C18391,-0.0
_C18392,-1.0
_C18393,-1.0
_C18394,-0.0
_C18395,-0.0
_C18396,-0.0
_C18397,-0.0
_C18398,-0.0
_C18399,-0.0
_C18400,-0.0
_C18401,-0.0
_C18402,-0.0
_C18403,-0.0
_C18404,-0.0
_C18405,-0.0
_C18406,-1.0
_C18407,-1.0
_C18408,-0.0
_C18409,-0.0
_C18410,-0.0
_C18411,-0.0
_C18412,-0.0
_C18413,-0.0
_C18414,-0.0
_C18415,-0.0
_C18416,-0.0
_C18417,-0.0
_C18418,-0.0
_C18419,-0.0
_C18420,-1.0
_C18421,-1.0
_C18422,-0.0
_C18423,-0.0
_C18424,-0.0
_C18425,-0.0
_C18426,-0.0
_C18427,-0.0
_C18428,-0.0
_C18429,-0.0
_C18430,-0.0
_C18431,-0.0
_C18432,-0.0
_C18433,-0.0
_C18434,-1.0
_C18435,-1.0
_C18436,-0.0
_C18437,-0.0
_C18438,-0.0
_C18439,-0.0
_C18440,-0.0
_C18441,-0.0
_C18442,-0.0
_C18443,-0.0
_C18444,-0.0
_C18445,-0.0
_C18446,-0.0
_C18447,-0.0
_C18448,-1.0
_C18449,-1.0
_C18450,-0.0
_C18451,-0.0
_C18452,-0.0
_C18453,-0.0
_C18454,-0.0
_C18455,-0.0
_C18456,-0.0
_C18457,-0.0
_C18458,-0.0
_C18459,-0.0
_C18460,-0.0
_C18461,-0.0
_C18462,-1.0
_C18463,-1.0
_C18464,-0.0
_C18465,-0.0
_C18466,-0.0
_C18467,-0.0
_C18468,-0.0
_C18469,-0.0
_C18470,-0.0
_C18471,-0.0
_C18472,-0.0
_C18473,-0.0
_C18474,-0.0
_C18475,-0.0
_C18476,-1.0
_C18477,-1.0
_C18478,-0.0
_C18479,-0.0
_C18480,-0.0
_C18481,-0.0
_C18482,-0.0
_C18483,-0.0
_C18484,-0.0
_C18485,-0.0
_C18486,-0.0
_C18487,-0.0
_C18488,-0.0
_C18489,-0.0
_C18490,-1.0
_C18491,-1.0
_C18492,-0.0
_C18493,-0.0
_C18494,-0.0
_C18495,-0.0
_C18496,-0.0
_C18497,-0.0
_C18498,-0.0
_C18499,-0.0
_C18500,-0.0
_C18501,-0.0
_C18502,-0.0
_C18503,-0.0
_C18504,-1.0
_C18505,-1.0
_C18506,-0.0
_C18507,-0.0
_C18508,-0.0
_C18509,-0.0
_C18510,-0.0
_C18511,-0.0
_C18512,-0.0
_C18513,-0.0
_C18514,-0.0
_C18515,-0.0
_C18516,-0.0
_C18517,-0.0
_C18518,-1.0
_C18519,-1.0
_C18520,-0.0
_C18521,-0.0
_C18522,-0.0
_C18523,-0.0
_C18524,-0.0
_C18525,-0.0
_C18526,-0.0
_C18527,-0.0
_C18528,-0.0
_C18529,-0.0
_C18530,-0.0
_C18531,-0.0
_C18532,-1.0
_C18533,-1.0
_C18534,-0.0
_C18535,-0.0
_C18536,-0.0
_C18537,-0.0
_C18538,-0.0
_C18539,-0.0
_C18540,-0.0
_C18541,-0.0
_C18542,-0.0
_C18543,-0.0
_C18544,-0.0
_C18545,-0.0
_C18546,-1.0
_C18547,-1.0
_C18548,-0.0
_C18549,-0.0
_C18550,-0.0
_C18551,-0.0
_C18552,-0.0
_C18553,-0.0
_C18554,-0.0
_C18555,-0.0
_C18556,-0.0
_C18557,-0.0
_C18558,-0.0
_C18559,-0.0
_C18560,-1.0
_C18561,-1.0
_C18562,-0.0
_C18563,-0.0
_C18564,-0.0
_C18565,-0.0
_C18566,-0.0
_C18567,-0.0
_C18568,-0.0
_C18569,-0.0
_C18570,-0.0
_C18571,-0.0
_C18572,-0.0
_C18573,-0.0
_C18574,-1.0
_C18575,-1.0
_C18576,-0.0
_C18577,-0.0
_C18578,-0.0
_C18579,-0.0
_C18580,-0.0
_C18581,-0.0
_C18582,-0.0
_C18583,-0.0
_C18584,-0.0
_C18585,-0.0
_C18586,-0.0
_C18587,-0.0
_C18588,-1.0
_C18589,-1.0
_C18590,-0.0
_C18591,-0.0
_C18592,-0.0
_C18593,-0.0
_C18594,-0.0
_C18595,-0.0
_C18596,-0.0
_C18597,-0.0
_C18598,-0.0
_C18599,-0.0
_C18600,-0.0
_C18601,-0.0
_C18602,-1.0
_C18603,-1.0
_C18604,-0.0
_C18605,-0.0
_C18606,-0.0
_C18607,-0.0
_C18608,-0.0
_C18609,-0.0
_C18610,-0.0
_C18611,-0.0
_C18612,-0.0
_C18613,-0.0
_C18614,-0.0
_C18615,-0.0
_C18616,-1.0
_C18617,-1.0
_C18618,-0.0
_C18619,-0.0
_C18620,-0.0
_C18621,-0.0
_C18622,-0.0
_C18623,-0.0
_C18624,-0.0
_C18625,-0.0
_C18626,-0.0
_C18627,-0.0
_C18628,-0.0
_C18629,-0.0
_C18630,-1.0
_C18631,-1.0
_C18632,-0.0
_C18633,-0.0
_C18634,-0.0
_C18635,-0.0
_C18636,-0.0
_C18637,-0.0
_C18638,-0.0
_C18639,-0.0
_C18640,-0.0
_C18641,-0.0
_C18642,-0.0
_C18643,-0.0
_C18644,-1.0
_C18645,-1.0
_C18646,-0.0
_C18647,-0.0
_C18648,-0.0
_C18649,-0.0
_C18650,-0.0
_C18651,-0.0
_C18652,-0.0
_C18653,-0.0
_C18654,-0.0
_C18655,-0.0
_C18656,-0.0
_C18657,-0.0
_C18658,-1.0
_C18659,-1.0
_C18660,-0.0
_C18661,-0.0
_C18662,-0.0
_C18663,-0.0
_C18664,-0.0
_C18665,-0.0
_C18666,-0.0
_C18667,-0.0
_C18668,-0.0
_C18669,-0.0
_C18670,-0.0
_C18671,-0.0
_C18672,-1.0
_C18673,-1.0
_C18674,-0.0
_C18675,-0.0
_C18676,-0.0
_C18677,-0.0
_C18678,-0.0
_C18679,-0.0
_C18680,-0.0
_C18681,-0.0
_C18682,-0.0
_C18683,-0.0
_C18684,-0.0
_C18685,-0.0
_C18686,-1.0
_C18687,-1.0
_C18688,-0.0
_C18689,-0.0
_C18690,-0.0
_C18691,-0.0
_C18692,-0.0
_C18693,-0.0
_C18694,-0.0
_C18695,-0.0
_C18696,-0.0
_C18697,-0.0
_C18698,-0.0
_C18699,-0.0
_C18700,-1.0
_C18701,-1.0
_C18702,-0.0
_C18703,-0.0
_C18704,-0.0
_C18705,-0.0
_C18706,-0.0
_C18707,-0.0
_C18708,-0.0
_C18709,-0.0
_C18710,-0.0
_C18711,-0.0
_C18712,-0.0
_C18713,-0.0
_C18714,-1.0
_C18715,-1.0
_C18716,-0.0
_C18717,-0.0
_C18718,-0.0
_C18719,-0.0
_C18720,-0.0
_C18721,-0.0
_C18722,-0.0
_C18723,-0.0
_C18724,-0.0
_C18725,-0.0
_C18726,-0.0
_C18727,-0.0
_C18728,-1.0
_C18729,-1.0
_C18730,-0.0
_C18731,-0.0
_C18732,-0.0
_C18733,-0.0
_C18734,-0.0
_C18735,-0.0
_C18736,-0.0
_C18737,-0.0
_C18738,-0.0
_C18739,-0.0
_C18740,-0.0
_C18741,-0.0
_C18742,-1.0
_C18743,-1.0
_C18744,-0.0
_C18745,-0.0
_C18746,-0.0
_C18747,-0.0
_C18748,-0.0
_C18749,-0.0
_C18750,-0.0
_C18751,-0.0
_C18752,-0.0
_C18753,-0.0
_C18754,-0.0
_C18755,-0.0
_C18756,-1.0
_C18757,-1.0
_C18758,-0.0
_C18759,-0.0
_C18760,-0.0
_C18761,-0.0
_C18762,-0.0
_C18763,-0.0
_C18764,-0.0
_C18765,-0.0
_C18766,-0.0
_C18767,-0.0
_C18768,-0.0
_C18769,-0.0
_C18770,-1.0
_C18771,-1.0
_C18772,-0.0
_C18773,-0.0
_C18774,-0.0
_C18775,-0.0
_C18776,-0.0
_C18777,-0.0
_C18778,-0.0
_C18779,-0.0
_C18780,-0.0
_C18781,-0.0
_C18782,-0.0
_C18783,-0.0
_C18784,-1.0
_C18785,-1.0
_C18786,-0.0
_C18787,-0.0
_C18788,-0.0
_C18789,-0.0
_C18790,-0.0
_C18791,-0.0
_C18792,-0.0
_C18793,-0.0
_C18794,-0.0
_C18795,-0.0
_C18796,-0.0
_C18797,-0.0
_C18798,-1.0
_C18799,-1.0
_C18800,-0.0
_C18801,-0.0
_C18802,-0.0
_C18803,-0.0
_C18804,-0.0
_C18805,-0.0
_C18806,-0.0
_C18807,-0.0
_C18808,-0.0
_C18809,-0.0
_C18810,-0.0
_C18811,-0.0
_C18812,-1.0
_C18813,-1.0
_C18814,-0.0
_C18815,-0.0
_C18816,-0.0
_C18817,-0.0
_C18818,-0.0
_C18819,-0.0
_C18820,-0.0
_C18821,-0.0
_C18822,-0.0
_C18823,-0.0
_C18824,-0.0
_C18825,-0.0
_C18826,-1.0
_C18827,-1.0
_C18828,-0.0
_C18829,-0.0
_C18830,-0.0
_C18831,-0.0
_C18832,-0.0
_C18833,-0.0
_C18834,-0.0
_C18835,-0.0
_C18836,-0.0
_C18837,-0.0
_C18838,-0.0
_C18839,-0.0
_C18840,-1.0
_C18841,-1.0
_C18842,-0.0
_C18843,-0.0
_C18844,-0.0
_C18845,-0.0
_C18846,-0.0
_C18847,-0.0
_C18848,-0.0
_C18849,-0.0
_C18850,-0.0
_C18851,-0.0
_C18852,-0.0
_C18853,-0.0
_C18854,-1.0
_C18855,-1.0
_C18856,-0.0
_C18857,-0.0
_C18858,-0.0
_C18859,-0.0
_C18860,-0.0
_C18861,-0.0
_C18862,-0.0
_C18863,-0.0
_C18864,-0.0
_C18865,-0.0
_C18866,-0.0
_C18867,-0.0
_C18868,-1.0
_C18869,-1.0
_C18870,-0.0
_C18871,-0.0
_C18872,-0.0
_C18873,-0.0
_C18874,-0.0
_C18875,-0.0
_C18876,-0.0
_C18877,-0.0
_C18878,-0.0
_C18879,-0.0
_C18880,-0.0
_C18881,-0.0
_C18882,-1.0
_C18883,-1.0
_C18884,-0.0
_C18885,-0.0
_C18886,-0.0
_C18887,-0.0
_C18888,-0.0
_C18889,-0.0
_C18890,-0.0
_C18891,-0.0
_C18892,-0.0
_C18893,-0.0
_C18894,-0.0
_C18895,-0.0
_C18896,-1.0
_C18897,-1.0
_C18898,-0.0
_C18899,-0.0
_C18900,-0.0
_C18901,-0.0
_C18902,-0.0
_C18903,-0.0
_C18904,-0.0
_C18905,-0.0
_C18906,-0.0
_C18907,-0.0
_C18908,-0.0
_C18909,-0.0
_C18910,-1.0
_C18911,-1.0
_C18912,-0.0
_C18913,-0.0
_C18914,-0.0
_C18915,-0.0
_C18916,-0.0
_C18917,-0.0
_C18918,-0.0
_C18919,-0.0
_C18920,-0.0
_C18921,-0.0
_C18922,-0.0
_C18923,-0.0
_C18924,-1.0
_C18925,-1.0
_C18926,-0.0
_C18927,-0.0
_C18928,-0.0
_C18929,-0.0
_C18930,-0.0
_C18931,-0.0
_C18932,-0.0
_C18933,-0.0
_C18934,-0.0
_C18935,-0.0
_C18936,-0.0
_C18937,-0.0
_C18938,-1.0
_C18939,-1.0
_C18940,-0.0
_C18941,-0.0
_C18942,-0.0
_C18943,-0.0
_C18944,-0.0
_C18945,-0.0
_C18946,-0.0
_C18947,-0.0
_C18948,-0.0
_C18949,-0.0
_C18950,-0.0
_C18951,-0.0
_C18952,-1.0
_C18953,-1.0
_C18954,-0.0
_C18955,-0.0
_C18956,-0.0
_C18957,-0.0
_C18958,-0.0
_C18959,-0.0
_C18960,-0.0
_C18961,-0.0
_C18962,-0.0
_C18963,-0.0
_C18964,-0.0
_C18965,-0.0
_C18966,-1.0
_C18967,-1.0
_C18968,-0.0
_C18969,-0.0
_C18970,-0.0
_C18971,-0.0
_C18972,-0.0
_C18973,-0.0
_C18974,-0.0
_C18975,-0.0
_C18976,-0.0
_C18977,-0.0
_C18978,-0.0
_C18979,-0.0
_C18980,-1.0
_C18981,-1.0
_C18982,-0.0
_C18983,-0.0
_C18984,-0.0
_C18985,-0.0
_C18986,-0.0
_C18987,-0.0
_C18988,-0.0
_C18989,-0.0
_C18990,-0.0
_C18991,-0.0
_C18992,-0.0
_C18993,-0.0
_C18994,-1.0
_C18995,-1.0
_C18996,-0.0
_C18997,-0.0
_C18998,-0.0
_C18999,-0.0
_C19000,-0.0
_C19001,-0.0
_C19002,-0.0
_C19003,-0.0
_C19004,-0.0
_C19005,-0.0
_C19006,-0.0
_C19007,-0.0
_C19008,-1.0
_C19009,-1.0
_C19010,-0.0
_C19011,-0.0
_C19012,-0.0
_C19013,-0.0
_C19014,-0.0
_C19015,-0.0
_C19016,-0.0
_C19017,-0.0
_C19018,-0.0
_C19019,-0.0
_C19020,-0.0
_C19021,-0.0
_C19022,-1.0
_C19023,-1.0
_C19024,-0.0
_C19025,-0.0
_C19026,-0.0
_C19027,-0.0
_C19028,-0.0
_C19029,-0.0
_C19030,-0.0
_C19031,-0.0
_C19032,-0.0
_C19033,-0.0
_C19034,-0.0
_C19035,-0.0
_C19036,-1.0
_C19037,-1.0
_C19038,-0.0
_C19039,-0.0
_C19040,-0.0
_C19041,-0.0
_C19042,-0.0
_C19043,-0.0
_C19044,-0.0
_C19045,-0.0
_C19046,-0.0
_C19047,-0.0
_C19048,-0.0
_C19049,-0.0
_C19050,-1.0
_C19051,-1.0
_C19052,-0.0
_C19053,-0.0
_C19054,-0.0
_C19055,-0.0
_C19056,-0.0
_C19057,-0.0
_C19058,-0.0
_C19059,-0.0
_C19060,-0.0
_C19061,-0.0
_C19062,-0.0
_C19063,-0.0
_C19064,-1.0
_C19065,-1.0
_C19066,-0.0
_C19067,-0.0
_C19068,-0.0
_C19069,-0.0
_C19070,-0.0
_C19071,-0.0
_C19072,-0.0
_C19073,-0.0
_C19074,-0.0
_C19075,-0.0
_C19076,-0.0
_C19077,-0.0
_C19078,-1.0
_C19079,-1.0
_C19080,-0.0
_C19081,-0.0
_C19082,-0.0
_C19083,-0.0
_C19084,-0.0
_C19085,-0.0
_C19086,-0.0
_C19087,-0.0
_C19088,-0.0
_C19089,-0.0
_C19090,-0.0
_C19091,-0.0
_C19092,-1.0
_C19093,-1.0
_C19094,-0.0
_C19095,-0.0
_C19096,-0.0
_C19097,-0.0
_C19098,-0.0
_C19099,-0.0
_C19100,-0.0
_C19101,-0.0
_C19102,-0.0
_C19103,-0.0
_C19104,-0.0
_C19105,-0.0
_C19106,-1.0
_C19107,-1.0
_C19108,-0.0
_C19109,-0.0
_C19110,-0.0
_C19111,-0.0
_C19112,-0.0
_C19113,-0.0
_C19114,-0.0
_C19115,-0.0
_C19116,-0.0
_C19117,-0.0
_C19118,-0.0
_C19119,-0.0
_C19120,-1.0
_C19121,-1.0
_C19122,-0.0
_C19123,-0.0
_C19124,-0.0
_C19125,-0.0
_C19126,-0.0
_C19127,-0.0
_C19128,-0.0
_C19129,-0.0
_C19130,-0.0
_C19131,-0.0
_C19132,-0.0
_C19133,-0.0
_C19134,-1.0
_C19135,-1.0
_C19136,-0.0
_C19137,-0.0
_C19138,-0.0
_C19139,-0.0
_C19140,-0.0
_C19141,-0.0
_C19142,-0.0
_C19143,-0.0
_C19144,-0.0
_C19145,-0.0
_C19146,-0.0
_C19147,-0.0
_C19148,-1.0
_C19149,-1.0
_C19150,-0.0
_C19151,-0.0
_C19152,-0.0
_C19153,-0.0
_C19154,-0.0
_C19155,-0.0
_C19156,-0.0
_C19157,-0.0
_C19158,-0.0
_C19159,-0.0
_C19160,-0.0
_C19161,-0.0
_C19162,-1.0
_C19163,-1.0
_C19164,-0.0
_C19165,-0.0
_C19166,-0.0
_C19167,-0.0
_C19168,-0.0
_C19169,-0.0
_C19170,-0.0
_C19171,-0.0
_C19172,-0.0
_C19173,-0.0
_C19174,-0.0
_C19175,-0.0
_C19176,-1.0
_C19177,-1.0
_C19178,-0.0
_C19179,-0.0
_C19180,-0.0
_C19181,-0.0
_C19182,-0.0
_C19183,-0.0
_C19184,-0.0
_C19185,-0.0
_C19186,-0.0
_C19187,-0.0
_C19188,-0.0
_C19189,-0.0
_C19190,-1.0
_C19191,-1.0
_C19192,-0.0
_C19193,-0.0
_C19194,-0.0
_C19195,-0.0
_C19196,-0.0
_C19197,-0.0
_C19198,-0.0
_C19199,-0.0
_C19200,-0.0
_C19201,-0.0
_C19202,-0.0
_C19203,-0.0
_C19204,-1.0
_C19205,-1.0
_C19206,-0.0
_C19207,-0.0
_C19208,-0.0
_C19209,-0.0
_C19210,-0.0
_C19211,-0.0
_C19212,-0.0
_C19213,-0.0
_C19214,-0.0
_C19215,-0.0
_C19216,-0.0
_C19217,-0.0
_C19218,-1.0
_C19219,-1.0
_C19220,-0.0
_C19221,-0.0
_C19222,-0.0
_C19223,-0.0
_C19224,-0.0
_C19225,-0.0
_C19226,-0.0
_C19227,-0.0
_C19228,-0.0
_C19229,-0.0
_C19230,-0.0
_C19231,-0.0
_C19232,-1.0
_C19233,-1.0
_C19234,-0.0
_C19235,-0.0
_C19236,-0.0
_C19237,-0.0
_C19238,-0.0
_C19239,-0.0
_C19240,-0.0
_C19241,-0.0
_C19242,-0.0
_C19243,-0.0
_C19244,-0.0
_C19245,-0.0
_C19246,-1.0
_C19247,-1.0
_C19248,-0.0
_C19249,-0.0
_C19250,-0.0
_C19251,-0.0
_C19252,-0.0
_C19253,-0.0
_C19254,-0.0
_C19255,-0.0
_C19256,-0.0
_C19257,-0.0
_C19258,-0.0
_C19259,-0.0
_C19260,-1.0
_C19261,-1.0
_C19262,-0.0
_C19263,-0.0
_C19264,-0.0
_C19265,-0.0
_C19266,-0.0
_C19267,-0.0
_C19268,-0.0
_C19269,-0.0
_C19270,-0.0
_C19271,-0.0
_C19272,-0.0
_C19273,-0.0
_C19274,-1.0
_C19275,-1.0
_C19276,-0.0
_C19277,-0.0
_C19278,-0.0
_C19279,-0.0
_C19280,-0.0
_C19281,-0.0
_C19282,-0.0
_C19283,-0.0
_C19284,-0.0
_C19285,-0.0
_C19286,-0.0
_C19287,-0.0
_C19288,-1.0
_C19289,-1.0
_C19290,-0.0
_C19291,-0.0
_C19292,-0.0
_C19293,-0.0
_C19294,-0.0
_C19295,-0.0
_C19296,-0.0
_C19297,-0.0
_C19298,-0.0
_C19299,-0.0
_C19300,-0.0
_C19301,-0.0
_C19302,-1.0
_C19303,-1.0
_C19304,-0.0
_C19305,-0.0
_C19306,-0.0
_C19307,-0.0
_C19308,-0.0
_C19309,-0.0
_C19310,-0.0
_C19311,-0.0
_C19312,-0.0
_C19313,-0.0
_C19314,-0.0
_C19315,-0.0
_C19316,-1.0
_C19317,-1.0
_C19318,-0.0
_C19319,-0.0
_C19320,-0.0
_C19321,-0.0
_C19322,-0.0
_C19323,-0.0
_C19324,-0.0
_C19325,-0.0
_C19326,-0.0
_C19327,-0.0
_C19328,-0.0
_C19329,-0.0
_C19330,-1.0
_C19331,-1.0
_C19332,-0.0
_C19333,-0.0
_C19334,-0.0
_C19335,-0.0
_C19336,-0.0
_C19337,-0.0
_C19338,-0.0
_C19339,-0.0
_C19340,-0.0
_C19341,-0.0
_C19342,-0.0
_C19343,-0.0
_C19344,-1.0
_C19345,-1.0
_C19346,-0.0
_C19347,-0.0
_C19348,-0.0
_C19349,-0.0
_C19350,-0.0
_C19351,-0.0
_C19352,-0.0
_C19353,-0.0
_C19354,-0.0
_C19355,-0.0
_C19356,-0.0
_C19357,-0.0
_C19358,-1.0
_C19359,-1.0
_C19360,-0.0
_C19361,-0.0
_C19362,-0.0
_C19363,-0.0
_C19364,-0.0
_C19365,-0.0
_C19366,-0.0
_C19367,-0.0
_C19368,-0.0
_C19369,-0.0
_C19370,-0.0
_C19371,-0.0
_C19372,-1.0
_C19373,-1.0
_C19374,-0.0
_C19375,-0.0
_C19376,-0.0
_C19377,-0.0
_C19378,-0.0
_C19379,-0.0
_C19380,-0.0
_C19381,-0.0
_C19382,-0.0
_C19383,-0.0
_C19384,-0.0
_C19385,-0.0
_C19386,-1.0
_C19387,-1.0
_C19388,-0.0
_C19389,-0.0
_C19390,-0.0
_C19391,-0.0
_C19392,-0.0
_C19393,-0.0
_C19394,-0.0
_C19395,-0.0
_C19396,-0.0
_C19397,-0.0
_C19398,-0.0
_C19399,-0.0
_C19400,-1.0
_C19401,-1.0
_C19402,-0.0
_C19403,-0.0
_C19404,-0.0
_C19405,-0.0
_C19406,-0.0
_C19407,-0.0
_C19408,-0.0
_C19409,-0.0
_C19410,-0.0
_C19411,-0.0
_C19412,-0.0
_C19413,-0.0
_C19414,-1.0
_C19415,-1.0
_C19416,-0.0
_C19417,-0.0
_C19418,-0.0
_C19419,-0.0
_C19420,-0.0
_C19421,-0.0
_C19422,-0.0
_C19423,-0.0
_C19424,-0.0
_C19425,-0.0
_C19426,-0.0
_C19427,-0.0
_C19428,-1.0
_C19429,-1.0
_C19430,-0.0
_C19431,-0.0
_C19432,-0.0
_C19433,-0.0
_C19434,-0.0
_C19435,-0.0
_C19436,-0.0
_C19437,-0.0
_C19438,-0.0
_C19439,-0.0
_C19440,-0.0
_C19441,-0.0
_C19442,-1.0
_C19443,-1.0
_C19444,-0.0
_C19445,-0.0
_C19446,-0.0
_C19447,-0.0
_C19448,-0.0
_C19449,-0.0
_C19450,-0.0
_C19451,-0.0
_C19452,-0.0
_C19453,-0.0
_C19454,-0.0
_C19455,-0.0
_C19456,-1.0
_C19457,-1.0
_C19458,-0.0
_C19459,-0.0
_C19460,-0.0
_C19461,-0.0
_C19462,-0.0
_C19463,-0.0
_C19464,-0.0
_C19465,-0.0
_C19466,-0.0
_C19467,-0.0
_C19468,-0.0
_C19469,-0.0
_C19470,-1.0
_C19471,-1.0
_C19472,-0.0
_C19473,-0.0
_C19474,-0.0
_C19475,-0.0
_C19476,-0.0
_C19477,-0.0
_C19478,-0.0
_C19479,-0.0
_C19480,-0.0
_C19481,-0.0
_C19482,-0.0
_C19483,-0.0
_C19484,-1.0
_C19485,-1.0
_C19486,-0.0
_C19487,-0.0
_C19488,-0.0
_C19489,-0.0
_C19490,-0.0
_C19491,-0.0
_C19492,-0.0
_C19493,-0.0
_C19494,-0.0
_C19495,-0.0
_C19496,-0.0
_C19497,-0.0
_C19498,-1.0
_C19499,-1.0
_C19500,-0.0
_C19501,-0.0
_C19502,-0.0
_C19503,-0.0
_C19504,-0.0
_C19505,-0.0
_C19506,-0.0
_C19507,-0.0
_C19508,-0.0
_C19509,-0.0
_C19510,-0.0
_C19511,-0.0
_C19512,-1.0
_C19513,-1.0
_C19514,-0.0
_C19515,-0.0
_C19516,-0.0
_C19517,-0.0
_C19518,-0.0
_C19519,-0.0
_C19520,-0.0
_C19521,-0.0
_C19522,-0.0
_C19523,-0.0
_C19524,-0.0
_C19525,-0.0
_C19526,-1.0
_C19527,-1.0
_C19528,-0.0
_C19529,-0.0
_C19530,-0.0
_C19531,-0.0
_C19532,-0.0
_C19533,-0.0
_C19534,-0.0
_C19535,-0.0
_C19536,-0.0
_C19537,-0.0
_C19538,-0.0
_C19539,-0.0
_C19540,-1.0
_C19541,-1.0
_C19542,-0.0
_C19543,-0.0
_C19544,-0.0
_C19545,-0.0
_C19546,-0.0
_C19547,-0.0
_C19548,-0.0
_C19549,-0.0
_C19550,-0.0
_C19551,-0.0
_C19552,-0.0
_C19553,-0.0
_C19554,-1.0
_C19555,-1.0
_C19556,-0.0
_C19557,-0.0
_C19558,-0.0
_C19559,-0.0
_C19560,-0.0
_C19561,-0.0
_C19562,-0.0
_C19563,-0.0
_C19564,-0.0
_C19565,-0.0
_C19566,-0.0
_C19567,-0.0
_C19568,-1.0
_C19569,-1.0
_C19570,-0.0
_C19571,-0.0
_C19572,-0.0
_C19573,-0.0
_C19574,-0.0
_C19575,-0.0
_C19576,-0.0
_C19577,-0.0
_C19578,-0.0
_C19579,-0.0
_C19580,-0.0
_C19581,-0.0
_C19582,-1.0
_C19583,-1.0
_C19584,-0.0
_C19585,-0.0
_C19586,-0.0
_C19587,-0.0
_C19588,-0.0
_C19589,-0.0
_C19590,-0.0
_C19591,-0.0
_C19592,-0.0
_C19593,-0.0
_C19594,-0.0
_C19595,-0.0
_C19596,-1.0
_C19597,-1.0
_C19598,-0.0
_C19599,-0.0
_C19600,-0.0
_C19601,-0.0
_C19602,-0.0
_C19603,-0.0
_C19604,-0.0
_C19605,-0.0
_C19606,-0.0
_C19607,-0.0
_C19608,-0.0
_C19609,-0.0
_C19610,-1.0
_C19611,-1.0
_C19612,-0.0
_C19613,-0.0
_C19614,-0.0
_C19615,-0.0
_C19616,-0.0
_C19617,-0.0
_C19618,-0.0
_C19619,-0.0
_C19620,-0.0
_C19621,-0.0
_C19622,-0.0
_C19623,-0.0
_C19624,-1.0
_C19625,-1.0
_C19626,-0.0
_C19627,-0.0
_C19628,-0.0
_C19629,-0.0
_C19630,-0.0
_C19631,-0.0
_C19632,-0.0
_C19633,-0.0
_C19634,-0.0
_C19635,-0.0
_C19636,-0.0
_C19637,-0.0
_C19638,-1.0
_C19639,-1.0
_C19640,-0.0
_C19641,-0.0
_C19642,-0.0
_C19643,-0.0
_C19644,-0.0
_C19645,-0.0
_C19646,-0.0
_C19647,-0.0
_C19648,-0.0
_C19649,-0.0
_C19650,-0.0
_C19651,-0.0
_C19652,-1.0
_C19653,-1.0
_C19654,-0.0
_C19655,-0.0
_C19656,-0.0
_C19657,-0.0
_C19658,-0.0
_C19659,-0.0
_C19660,-0.0
_C19661,-0.0
_C19662,-0.0
_C19663,-0.0
_C19664,-0.0
_C19665,-0.0
_C19666,-1.0
_C19667,-1.0
_C19668,-0.0
_C19669,-0.0
_C19670,-0.0
_C19671,-0.0
_C19672,-0.0
_C19673,-0.0
_C19674,-0.0
_C19675,-0.0
_C19676,-0.0
_C19677,-0.0
_C19678,-0.0
_C19679,-0.0
_C19680,-1.0
_C19681,-1.0
_C19682,-0.0
_C19683,-0.0
_C19684,-0.0
_C19685,-0.0
_C19686,-0.0
_C19687,-0.0
_C19688,-0.0
_C19689,-0.0
_C19690,-0.0
_C19691,-0.0
_C19692,-0.0
_C19693,-0.0
_C19694,-1.0
_C19695,-1.0
_C19696,-0.0
_C19697,-0.0
_C19698,-0.0
_C19699,-0.0
_C19700,-0.0
_C19701,-0.0
_C19702,-0.0
_C19703,-0.0
_C19704,-0.0
_C19705,-0.0
_C19706,-0.0
_C19707,-0.0
_C19708,-1.0
_C19709,-1.0
_C19710,-0.0
_C19711,-0.0
_C19712,-0.0
_C19713,-0.0
_C19714,-0.0
_C19715,-0.0
_C19716,-0.0
_C19717,-0.0
_C19718,-0.0
_C19719,-0.0
_C19720,-0.0
_C19721,-0.0
_C19722,-1.0
_C19723,-1.0
_C19724,-0.0
_C19725,-0.0
_C19726,-0.0
_C19727,-0.0
_C19728,-0.0
_C19729,-0.0
_C19730,-0.0
_C19731,-0.0
_C19732,-0.0
_C19733,-0.0
_C19734,-0.0
_C19735,-0.0
_C19736,-1.0
_C19737,-1.0
_C19738,-0.0
_C19739,-0.0
_C19740,-0.0
_C19741,-0.0
_C19742,-0.0
_C19743,-0.0
_C19744,-0.0
_C19745,-0.0
_C19746,-0.0
_C19747,-0.0
_C19748,-0.0
_C19749,-0.0
_C19750,-1.0
_C19751,-1.0
_C19752,-0.0
_C19753,-0.0
_C19754,-0.0
_C19755,-0.0
_C19756,-0.0
_C19757,-0.0
_C19758,-0.0
_C19759,-0.0
_C19760,-0.0
_C19761,-0.0
_C19762,-0.0
_C19763,-0.0
_C19764,-1.0
_C19765,-1.0
_C19766,-0.0
_C19767,-0.0
_C19768,-0.0
_C19769,-0.0
_C19770,-0.0
_C19771,-0.0
_C19772,-0.0
_C19773,-0.0
_C19774,-0.0
_C19775,-0.0
_C19776,-0.0
_C19777,-0.0
_C19778,-1.0
_C19779,-1.0
_C19780,-0.0
_C19781,-0.0
_C19782,-0.0
_C19783,-0.0
_C19784,-0.0
_C19785,-0.0
_C19786,-0.0
_C19787,-0.0
_C19788,-0.0
_C19789,-0.0
_C19790,-0.0
_C19791,-0.0
_C19792,-1.0
_C19793,-1.0
_C19794,-0.0
_C19795,-0.0
_C19796,-0.0
_C19797,-0.0
_C19798,-0.0
_C19799,-0.0
_C19800,-0.0
_C19801,-0.0
_C19802,-0.0
_C19803,-0.0
_C19804,-0.0
_C19805,-0.0
_C19806,-1.0
_C19807,-1.0
_C19808,-0.0
_C19809,-0.0
_C19810,-0.0
_C19811,-0.0
_C19812,-0.0
_C19813,-0.0
_C19814,-0.0
_C19815,-0.0
_C19816,-0.0
_C19817,-0.0
_C19818,-0.0
_C19819,-0.0
_C19820,-1.0
_C19821,-1.0
_C19822,-0.0
_C19823,-0.0
_C19824,-0.0
_C19825,-0.0
_C19826,-0.0
_C19827,-0.0
_C19828,-0.0
_C19829,-0.0
_C19830,-0.0
_C19831,-0.0
_C19832,-0.0
_C19833,-0.0
_C19834,-1.0
_C19835,-1.0
_C19836,-0.0
_C19837,-0.0
_C19838,-0.0
_C19839,-0.0
_C19840,-0.0
_C19841,-0.0
_C19842,-0.0
_C19843,-0.0
_C19844,-0.0
_C19845,-0.0
_C19846,-0.0
_C19847,-0.0
_C19848,-1.0
_C19849,-1.0
_C19850,-0.0
_C19851,-0.0
_C19852,-0.0
_C19853,-0.0
_C19854,-0.0
_C19855,-0.0
_C19856,-0.0
_C19857,-0.0
_C19858,-0.0
_C19859,-0.0
_C19860,-0.0
_C19861,-0.0
_C19862,-1.0
_C19863,-1.0
_C19864,-0.0
_C19865,-0.0
_C19866,-0.0
_C19867,-0.0
_C19868,-0.0
_C19869,-0.0
_C19870,-0.0
_C19871,-0.0
_C19872,-0.0
_C19873,-0.0
_C19874,-0.0
_C19875,-0.0
_C19876,-1.0
_C19877,-1.0
_C19878,-0.0
_C19879,-0.0
_C19880,-0.0
_C19881,-0.0
_C19882,-0.0
_C19883,-0.0
_C19884,-0.0
_C19885,-0.0
_C19886,-0.0
_C19887,-0.0
_C19888,-0.0
_C19889,-0.0
_C19890,-1.0
_C19891,-1.0
_C19892,-0.0
_C19893,-0.0
_C19894,-0.0
_C19895,-0.0
_C19896,-0.0
_C19897,-0.0
_C19898,-0.0
_C19899,-0.0
_C19900,-0.0
_C19901,-0.0
_C19902,-0.0
_C19903,-0.0
_C19904,-1.0
_C19905,-1.0
_C19906,-0.0
_C19907,-0.0
_C19908,-0.0
_C19909,-0.0
_C19910,-0.0
_C19911,-0.0
_C19912,-0.0
_C19913,-0.0
_C19914,-0.0
_C19915,-0.0
_C19916,-0.0
_C19917,-0.0
_C19918,-1.0
_C19919,-1.0
_C19920,-0.0
_C19921,-0.0
_C19922,-0.0
_C19923,-0.0
_C19924,-0.0
_C19925,-0.0
_C19926,-0.0
_C19927,-0.0
_C19928,-0.0
_C19929,-0.0
_C19930,-0.0
_C19931,-0.0
_C19932,-1.0
_C19933,-1.0
_C19934,-0.0
_C19935,-0.0
_C19936,-0.0
_C19937,-0.0
_C19938,-0.0
_C19939,-0.0
_C19940,-0.0
_C19941,-0.0
_C19942,-0.0
_C19943,-0.0
_C19944,-0.0
_C19945,-0.0
_C19946,-1.0
_C19947,-1.0
_C19948,-0.0
_C19949,-0.0
_C19950,-0.0
_C19951,-0.0
_C19952,-0.0
_C19953,-0.0
_C19954,-0.0
_C19955,-0.0
_C19956,-0.0
_C19957,-0.0
_C19958,-0.0
_C19959,-0.0
_C19960,-1.0
_C19961,-1.0
_C19962,-0.0
_C19963,-0.0
_C19964,-0.0
_C19965,-0.0
_C19966,-0.0
_C19967,-0.0
_C19968,-0.0
_C19969,-0.0
_C19970,-0.0
_C19971,-0.0
_C19972,-0.0
_C19973,-0.0
_C19974,-1.0
_C19975,-1.0
_C19976,-0.0
_C19977,-0.0
_C19978,-0.0
_C19979,-0.0
_C19980,-0.0
_C19981,-0.0
_C19982,-0.0
_C19983,-0.0
_C19984,-0.0
_C19985,-0.0
_C19986,-0.0
_C19987,-0.0
_C19988,-1.0
_C19989,-1.0
_C19990,-0.0
_C19991,-0.0
_C19992,-0.0
_C19993,-0.0
_C19994,-0.0
_C19995,-0.0
_C19996,-0.0
_C19997,-0.0
_C19998,-0.0
_C19999,-0.0
_C20000,-0.0
_C20001,-0.0
_C20002,-1.0
_C20003,-1.0
_C20004,-0.0
_C20005,-0.0
_C20006,-0.0
_C20007,-0.0
_C20008,-0.0
_C20009,-0.0
_C20010,-0.0
_C20011,-0.0
_C20012,-0.0
_C20013,-0.0
_C20014,-0.0
_C20015,-0.0
_C20016,-1.0
_C20017,-1.0
_C20018,-0.0
_C20019,-0.0
_C20020,-0.0
_C20021,-0.0
_C20022,-0.0
_C20023,-0.0
_C20024,-0.0
_C20025,-0.0
_C20026,-0.0
_C20027,-0.0
_C20028,-0.0
_C20029,-0.0
_C20030,-1.0
_C20031,-1.0
_C20032,-0.0
_C20033,-0.0
_C20034,-0.0
_C20035,-0.0
_C20036,-0.0
_C20037,-0.0
_C20038,-0.0
_C20039,-0.0
_C20040,-0.0
_C20041,-0.0
_C20042,-0.0
_C20043,-0.0
_C20044,-1.0
_C20045,-1.0
_C20046,-0.0
_C20047,-0.0
_C20048,-0.0
_C20049,-0.0
_C20050,-0.0
_C20051,-0.0
_C20052,-0.0
_C20053,-0.0
_C20054,-0.0
_C20055,-0.0
_C20056,-0.0
_C20057,-0.0
_C20058,-1.0
_C20059,-1.0
_C20060,-0.0
_C20061,-0.0
_C20062,-0.0
_C20063,-0.0
_C20064,-0.0
_C20065,-0.0
_C20066,-0.0
_C20067,-0.0
_C20068,-0.0
_C20069,-0.0
_C20070,-0.0
_C20071,-0.0
_C20072,-1.0
_C20073,-1.0
_C20074,-0.0
_C20075,-0.0
_C20076,-0.0
_C20077,-0.0
_C20078,-0.0
_C20079,-0.0
_C20080,-0.0
_C20081,-0.0
_C20082,-0.0
_C20083,-0.0
_C20084,-0.0
_C20085,-0.0
_C20086,-1.0
_C20087,-1.0
_C20088,-0.0
_C20089,-0.0
_C20090,-0.0
_C20091,-0.0
_C20092,-0.0
_C20093,-0.0
_C20094,-0.0
_C20095,-0.0
_C20096,-0.0
_C20097,-0.0
_C20098,-0.0
_C20099,-0.0
_C20100,-1.0
_C20101,-1.0
_C20102,-0.0
_C20103,-0.0
_C20104,-0.0
_C20105,-0.0
_C20106,-0.0
_C20107,-0.0
_C20108,-0.0
_C20109,-0.0
_C20110,-0.0
_C20111,-0.0
_C20112,-0.0
_C20113,-0.0
_C20114,-1.0
_C20115,-1.0
_C20116,-0.0
_C20117,-0.0
_C20118,-0.0
_C20119,-0.0
_C20120,-0.0
_C20121,-0.0
_C20122,-0.0
_C20123,-0.0
_C20124,-0.0
_C20125,-0.0
_C20126,-0.0
_C20127,-0.0
_C20128,-1.0
_C20129,-1.0
_C20130,-0.0
_C20131,-0.0
_C20132,-0.0
_C20133,-0.0
_C20134,-0.0
_C20135,-0.0
_C20136,-0.0
_C20137,-0.0
_C20138,-0.0
_C20139,-0.0
_C20140,-0.0
_C20141,-0.0
_C20142,-1.0
_C20143,-1.0
_C20144,-0.0
_C20145,-0.0
_C20146,-0.0
_C20147,-0.0
_C20148,-0.0
_C20149,-0.0
_C20150,-0.0
_C20151,-0.0
_C20152,-0.0
_C20153,-0.0
_C20154,-0.0
_C20155,-0.0
_C20156,-1.0
_C20157,-1.0
_C20158,-0.0
_C20159,-0.0
_C20160,-0.0
_C20161,-0.0
_C20162,-0.0
_C20163,-0.0
_C20164,-0.0
_C20165,-0.0
_C20166,-0.0
_C20167,-0.0
_C20168,-0.0
_C20169,-0.0
_C20170,-1.0
_C20171,-1.0
_C20172,-0.0
_C20173,-0.0
_C20174,-0.0
_C20175,-0.0
_C20176,-0.0
_C20177,-0.0
_C20178,-0.0
_C20179,-0.0
_C20180,-0.0
_C20181,-0.0
_C20182,-0.0
_C20183,-0.0
_C20184,-1.0
_C20185,-1.0
_C20186,-0.0
_C20187,-0.0
_C20188,-0.0
_C20189,-0.0
_C20190,-0.0
_C20191,-0.0
_C20192,-0.0
_C20193,-0.0
_C20194,-0.0
_C20195,-0.0
_C20196,-0.0
_C20197,-0.0
_C20198,-1.0
_C20199,-1.0
_C20200,-0.0
_C20201,-0.0
_C20202,-0.0
_C20203,-0.0
_C20204,-0.0
_C20205,-0.0
_C20206,-0.0
_C20207,-0.0
_C20208,-0.0
_C20209,-0.0
_C20210,-0.0
_C20211,-0.0
_C20212,-1.0
_C20213,-1.0
_C20214,-0.0
_C20215,-0.0
_C20216,-0.0
_C20217,-0.0
_C20218,-0.0
_C20219,-0.0
_C20220,-0.0
_C20221,-0.0
_C20222,-0.0
_C20223,-0.0
_C20224,-0.0
_C20225,-0.0
_C20226,-1.0
_C20227,-1.0
_C20228,-0.0
_C20229,-0.0
_C20230,-0.0
_C20231,-0.0
_C20232,-0.0
_C20233,-0.0
_C20234,-0.0
_C20235,-0.0
_C20236,-0.0
_C20237,-0.0
_C20238,-0.0
_C20239,-0.0
_C20240,-1.0
_C20241,-1.0
_C20242,-0.0
_C20243,-0.0
_C20244,-0.0
_C20245,-0.0
_C20246,-0.0
_C20247,-0.0
_C20248,-0.0
_C20249,-0.0
_C20250,-0.0
_C20251,-0.0
_C20252,-0.0
_C20253,-0.0
_C20254,-1.0
_C20255,-1.0
_C20256,-0.0
_C20257,-0.0
_C20258,-0.0
_C20259,-0.0
_C20260,-0.0
_C20261,-0.0
_C20262,-0.0
_C20263,-0.0
_C20264,-0.0
_C20265,-0.0
_C20266,-0.0
_C20267,-0.0
_C20268,-1.0
_C20269,-1.0
_C20270,-0.0
_C20271,-0.0
_C20272,-0.0
_C20273,-0.0
_C20274,-0.0
_C20275,-0.0
_C20276,-0.0
_C20277,-0.0
_C20278,-0.0
_C20279,-0.0
_C20280,-0.0
_C20281,-0.0
_C20282,-1.0
_C20283,-1.0
_C20284,-0.0
_C20285,-0.0
_C20286,-0.0
_C20287,-0.0
_C20288,-0.0
_C20289,-0.0
_C20290,-0.0
_C20291,-0.0
_C20292,-0.0
_C20293,-0.0
_C20294,-0.0
_C20295,-0.0
_C20296,-1.0
_C20297,-1.0
_C20298,-0.0
_C20299,-0.0
_C20300,-0.0
_C20301,-0.0
_C20302,-0.0
_C20303,-0.0
_C20304,-0.0
_C20305,-0.0
_C20306,-0.0
_C20307,-0.0
_C20308,-0.0
_C20309,-0.0
_C20310,-1.0
_C20311,-1.0
_C20312,-0.0
_C20313,-0.0
_C20314,-0.0
_C20315,-0.0
_C20316,-0.0
_C20317,-0.0
_C20318,-0.0
_C20319,-0.0
_C20320,-0.0
_C20321,-0.0
_C20322,-0.0
_C20323,-0.0
_C20324,-1.0
_C20325,-1.0
_C20326,-0.0
_C20327,-0.0
_C20328,-0.0
_C20329,-0.0
_C20330,-0.0
_C20331,-0.0
_C20332,-0.0
_C20333,-0.0
_C20334,-0.0
_C20335,-0.0
_C20336,-0.0
_C20337,-0.0
_C20338,-1.0
_C20339,-1.0
_C20340,-0.0
_C20341,-0.0
_C20342,-0.0
_C20343,-0.0
_C20344,-0.0
_C20345,-0.0
_C20346,-0.0
_C20347,-0.0
_C20348,-0.0
_C20349,-0.0
_C20350,-0.0
_C20351,-0.0
_C20352,-1.0
_C20353,-1.0
_C20354,-0.0
_C20355,-0.0
_C20356,-0.0
_C20357,-0.0
_C20358,-0.0
_C20359,-0.0
_C20360,-0.0
_C20361,-0.0
_C20362,-0.0
_C20363,-0.0
_C20364,-0.0
_C20365,-0.0
_C20366,-1.0
_C20367,-1.0
_C20368,-0.0
_C20369,-0.0
_C20370,-0.0
_C20371,-0.0
_C20372,-0.0
_C20373,-0.0
_C20374,-0.0
_C20375,-0.0
_C20376,-0.0
_C20377,-0.0
_C20378,-0.0
_C20379,-0.0
_C20380,-1.0
_C20381,-1.0
_C20382,-0.0
_C20383,-0.0
_C20384,-0.0
_C20385,-0.0
_C20386,-0.0
_C20387,-0.0
_C20388,-0.0
_C20389,-0.0
_C20390,-0.0
_C20391,-0.0
_C20392,-0.0
_C20393,-0.0
_C20394,-1.0
_C20395,-1.0
_C20396,-0.0
_C20397,-0.0
_C20398,-0.0
_C20399,-0.0
_C20400,-0.0
_C20401,-0.0
_C20402,-0.0
_C20403,-0.0
_C20404,-0.0
_C20405,-0.0
_C20406,-0.0
_C20407,-0.0
_C20408,-1.0
_C20409,-1.0
_C20410,-0.0
_C20411,-0.0
_C20412,-0.0
_C20413,-0.0
_C20414,-0.0
_C20415,-0.0
_C20416,-0.0
_C20417,-0.0
_C20418,-0.0
_C20419,-0.0
_C20420,-0.0
_C20421,-0.0
_C20422,-1.0
_C20423,-1.0
_C20424,-0.0
_C20425,-0.0
_C20426,-0.0
_C20427,-0.0
_C20428,-0.0
_C20429,-0.0
_C20430,-0.0
_C20431,-0.0
_C20432,-0.0
_C20433,-0.0
_C20434,-0.0
_C20435,-0.0
_C20436,-1.0
_C20437,-1.0
_C20438,-0.0
_C20439,-0.0
_C20440,-0.0
_C20441,-0.0
_C20442,-0.0
_C20443,-0.0
_C20444,-0.0
_C20445,-0.0
_C20446,-0.0
_C20447,-0.0
_C20448,-0.0
_C20449,-0.0
_C20450,-1.0
_C20451,-1.0
_C20452,-0.0
_C20453,-0.0
_C20454,-0.0
_C20455,-0.0
_C20456,-0.0
_C20457,-0.0
_C20458,-0.0
_C20459,-0.0
_C20460,-0.0
_C20461,-0.0
_C20462,-0.0
_C20463,-0.0
_C20464,-1.0
_C20465,-1.0
_C20466,-0.0
_C20467,-0.0
_C20468,-0.0
_C20469,-0.0
_C20470,-0.0
_C20471,-0.0
_C20472,-0.0
_C20473,-0.0
_C20474,-0.0
_C20475,-0.0
_C20476,-0.0
_C20477,-0.0
_C20478,-1.0
_C20479,-1.0
_C20480,-0.0
_C20481,-0.0
_C20482,-0.0
_C20483,-0.0
_C20484,-0.0
_C20485,-0.0
_C20486,-0.0
_C20487,-0.0
_C20488,-0.0
_C20489,-0.0
_C20490,-0.0
_C20491,-0.0
_C20492,-1.0
_C20493,-1.0
_C20494,-0.0
_C20495,-0.0
_C20496,-0.0
_C20497,-0.0
_C20498,-0.0
_C20499,-0.0
_C20500,-0.0
_C20501,-0.0
_C20502,-0.0
_C20503,-0.0
_C20504,-0.0
_C20505,-0.0
_C20506,-1.0
_C20507,-1.0
_C20508,-0.0
_C20509,-0.0
_C20510,-0.0
_C20511,-0.0
_C20512,-0.0
_C20513,-0.0
_C20514,-0.0
_C20515,-0.0
_C20516,-0.0
_C20517,-0.0
_C20518,-0.0
_C20519,-0.0
_C20520,-1.0
_C20521,-1.0
_C20522,-0.0
_C20523,-0.0
_C20524,-0.0
_C20525,-0.0
_C20526,-0.0
_C20527,-0.0
_C20528,-0.0
_C20529,-0.0
_C20530,-0.0
_C20531,-0.0
_C20532,-0.0
_C20533,-0.0
_C20534,-1.0
_C20535,-1.0
_C20536,-0.0
_C20537,-0.0
_C20538,-0.0
_C20539,-0.0
_C20540,-0.0
_C20541,-0.0
_C20542,-0.0
_C20543,-0.0
_C20544,-0.0
_C20545,-0.0
_C20546,-0.0
_C20547,-0.0
_C20548,-1.0
_C20549,-1.0
_C20550,-0.0
_C20551,-0.0
_C20552,-0.0
_C20553,-0.0
_C20554,-0.0
_C20555,-0.0
_C20556,-0.0
_C20557,-0.0
_C20558,-0.0
_C20559,-0.0
_C20560,-0.0
_C20561,-0.0
_C20562,-1.0
_C20563,-1.0
_C20564,-0.0
_C20565,-0.0
_C20566,-0.0
_C20567,-0.0
_C20568,-0.0
_C20569,-0.0
_C20570,-0.0
_C20571,-0.0
_C20572,-0.0
_C20573,-0.0
_C20574,-0.0
_C20575,-0.0
_C20576,-1.0
_C20577,-1.0
_C20578,-0.0
_C20579,-0.0
_C20580,-0.0
_C20581,-0.0
_C20582,-0.0
_C20583,-0.0
_C20584,-0.0
_C20585,-0.0
_C20586,-0.0
_C20587,-0.0
_C20588,-0.0
_C20589,-0.0
_C20590,-1.0
_C20591,-1.0
_C20592,-0.0
_C20593,-0.0
_C20594,-0.0
_C20595,-0.0
_C20596,-0.0
_C20597,-0.0
_C20598,-0.0
_C20599,-0.0
_C20600,-0.0
_C20601,-0.0
_C20602,-0.0
_C20603,-0.0
_C20604,-1.0
_C20605,-1.0
_C20606,-0.0
_C20607,-0.0
_C20608,-0.0
_C20609,-0.0
_C20610,-0.0
_C20611,-0.0
_C20612,-0.0
_C20613,-0.0
_C20614,-0.0
_C20615,-0.0
_C20616,-0.0
_C20617,-0.0
_C20618,-1.0
_C20619,-1.0
_C20620,-0.0
_C20621,-0.0
_C20622,-0.0
_C20623,-0.0
_C20624,-0.0
_C20625,-0.0
_C20626,-0.0
_C20627,-0.0
_C20628,-0.0
_C20629,-0.0
_C20630,-0.0
_C20631,-0.0
_C20632,-1.0
_C20633,-1.0
_C20634,-0.0
_C20635,-0.0
_C20636,-0.0
_C20637,-0.0
_C20638,-0.0
_C20639,-0.0
_C20640,-0.0
_C20641,-0.0
_C20642,-0.0
_C20643,-0.0
_C20644,-0.0
_C20645,-0.0
_C20646,-1.0
_C20647,-1.0
_C20648,-0.0
_C20649,-0.0
_C20650,-0.0
_C20651,-0.0
_C20652,-0.0
_C20653,-0.0
_C20654,-0.0
_C20655,-0.0
_C20656,-0.0
_C20657,-0.0
_C20658,-0.0
_C20659,-0.0
_C20660,-1.0
_C20661,-1.0
_C20662,-0.0
_C20663,-0.0
_C20664,-0.0
_C20665,-0.0
_C20666,-0.0
_C20667,-0.0
_C20668,-0.0
_C20669,-0.0
_C20670,-0.0
_C20671,-0.0
_C20672,-0.0
_C20673,-0.0
_C20674,-1.0
_C20675,-1.0
_C20676,-0.0
_C20677,-0.0
_C20678,-0.0
_C20679,-0.0
_C20680,-0.0
_C20681,-0.0
_C20682,-0.0
_C20683,-0.0
_C20684,-0.0
_C20685,-0.0
_C20686,-0.0
_C20687,-0.0
_C20688,-1.0
_C20689,-1.0
_C20690,-0.0
_C20691,-0.0
_C20692,-0.0
_C20693,-0.0
_C20694,-0.0
_C20695,-0.0
_C20696,-0.0
_C20697,-0.0
_C20698,-0.0
_C20699,-0.0
_C20700,-0.0
_C20701,-0.0
_C20702,-1.0
_C20703,-1.0
_C20704,-0.0
_C20705,-0.0
_C20706,-0.0
_C20707,-0.0
_C20708,-0.0
_C20709,-0.0
_C20710,-0.0
_C20711,-0.0
_C20712,-0.0
_C20713,-0.0
_C20714,-0.0
_C20715,-0.0
_C20716,-1.0
_C20717,-1.0
_C20718,-0.0
_C20719,-0.0
_C20720,-0.0
_C20721,-0.0
_C20722,-0.0
_C20723,-0.0
_C20724,-0.0
_C20725,-0.0
_C20726,-0.0
_C20727,-0.0
_C20728,-0.0
_C20729,-0.0
_C20730,-1.0
_C20731,-1.0
_C20732,-0.0
_C20733,-0.0
_C20734,-0.0
_C20735,-0.0
_C20736,-0.0
_C20737,-0.0
_C20738,-0.0
_C20739,-0.0
_C20740,-0.0
_C20741,-0.0
_C20742,-0.0
_C20743,-0.0
_C20744,-1.0
_C20745,-1.0
_C20746,-0.0
_C20747,-0.0
_C20748,-0.0
_C20749,-0.0
_C20750,-0.0
_C20751,-0.0
_C20752,-0.0
_C20753,-0.0
_C20754,-0.0
_C20755,-0.0
_C20756,-0.0
_C20757,-0.0
_C20758,-1.0
_C20759,-1.0
_C20760,-0.0
_C20761,-0.0
_C20762,-0.0
_C20763,-0.0
_C20764,-0.0
_C20765,-0.0
_C20766,-0.0
_C20767,-0.0
_C20768,-0.0
_C20769,-0.0
_C20770,-0.0
_C20771,-0.0
_C20772,-1.0
_C20773,-1.0
_C20774,-0.0
_C20775,-0.0
_C20776,-0.0
_C20777,-0.0
_C20778,-0.0
_C20779,-0.0
_C20780,-0.0
_C20781,-0.0
_C20782,-0.0
_C20783,-0.0
_C20784,-0.0
_C20785,-0.0
_C20786,-1.0
_C20787,-1.0
_C20788,-0.0
_C20789,-0.0
_C20790,-0.0
_C20791,-0.0
_C20792,-0.0
_C20793,-0.0
_C20794,-0.0
_C20795,-0.0
_C20796,-0.0
_C20797,-0.0
_C20798,-0.0
_C20799,-0.0
_C20800,-1.0
_C20801,-1.0
_C20802,-0.0
_C20803,-0.0
_C20804,-0.0
_C20805,-0.0
_C20806,-0.0
_C20807,-0.0
_C20808,-0.0
_C20809,-0.0
_C20810,-0.0
_C20811,-0.0
_C20812,-0.0
_C20813,-0.0
_C20814,-1.0
_C20815,-1.0
_C20816,-0.0
_C20817,-0.0
_C20818,-0.0
_C20819,-0.0
_C20820,-0.0
_C20821,-0.0
_C20822,-0.0
_C20823,-0.0
_C20824,-0.0
_C20825,-0.0
_C20826,-0.0
_C20827,-0.0
_C20828,-1.0
_C20829,-1.0
_C20830,-0.0
_C20831,-0.0
_C20832,-0.0
_C20833,-0.0
_C20834,-0.0
_C20835,-0.0
_C20836,-0.0
_C20837,-0.0
_C20838,-0.0
_C20839,-0.0
_C20840,-0.0
_C20841,-0.0
_C20842,-1.0
_C20843,-1.0
_C20844,-0.0
_C20845,-0.0
_C20846,-0.0
_C20847,-0.0
_C20848,-0.0
_C20849,-0.0
_C20850,-0.0
_C20851,-0.0
_C20852,-0.0
_C20853,-0.0
_C20854,-0.0
_C20855,-0.0
_C20856,-1.0
_C20857,-1.0
_C20858,-0.0
_C20859,-0.0
_C20860,-0.0
_C20861,-0.0
_C20862,-0.0
_C20863,-0.0
_C20864,-0.0
_C20865,-0.0
_C20866,-0.0
_C20867,-0.0
_C20868,-0.0
_C20869,-0.0
_C20870,-1.0
_C20871,-1.0
_C20872,-0.0
_C20873,-0.0
_C20874,-0.0
_C20875,-0.0
_C20876,-0.0
_C20877,-0.0
_C20878,-0.0
_C20879,-0.0
_C20880,-0.0
_C20881,-0.0
_C20882,-0.0
_C20883,-0.0
_C20884,-1.0
_C20885,-1.0
_C20886,-0.0
_C20887,-0.0
_C20888,-0.0
_C20889,-0.0
_C20890,-0.0
_C20891,-0.0
_C20892,-0.0
_C20893,-0.0
_C20894,-0.0
_C20895,-0.0
_C20896,-0.0
_C20897,-0.0
_C20898,-1.0
_C20899,-1.0
_C20900,-0.0
_C20901,-0.0
_C20902,-0.0
_C20903,-0.0
_C20904,-0.0
_C20905,-0.0
_C20906,-0.0
_C20907,-0.0
_C20908,-0.0
_C20909,-0.0
_C20910,-0.0
_C20911,-0.0
_C20912,-1.0
_C20913,-1.0
_C20914,-0.0
_C20915,-0.0
_C20916,-0.0
_C20917,-0.0
_C20918,-0.0
_C20919,-0.0
_C20920,-0.0
_C20921,-0.0
_C20922,-0.0
_C20923,-0.0
_C20924,-0.0
_C20925,-0.0
_C20926,-1.0
_C20927,-1.0
_C20928,-0.0
_C20929,-0.0
_C20930,-0.0
_C20931,-0.0
_C20932,-0.0
_C20933,-0.0
_C20934,-0.0
_C20935,-0.0
_C20936,-0.0
_C20937,-0.0
_C20938,-0.0
_C20939,-0.0
_C20940,-1.0
_C20941,-1.0
_C20942,-0.0
_C20943,-0.0
_C20944,-0.0
_C20945,-0.0
_C20946,-0.0
_C20947,-0.0
_C20948,-0.0
_C20949,-0.0
_C20950,-0.0
_C20951,-0.0
_C20952,-0.0
_C20953,-0.0
_C20954,-1.0
_C20955,-1.0
_C20956,-0.0
_C20957,-0.0
_C20958,-0.0
_C20959,-0.0
_C20960,-0.0
_C20961,-0.0
_C20962,-0.0
_C20963,-0.0
_C20964,-0.0
_C20965,-0.0
_C20966,-0.0
_C20967,-0.0
_C20968,-1.0
_C20969,-1.0
_C20970,-0.0
_C20971,-0.0
_C20972,-0.0
_C20973,-0.0
_C20974,-0.0
_C20975,-0.0
_C20976,-0.0
_C20977,-0.0
_C20978,-0.0
_C20979,-0.0
_C20980,-0.0
_C20981,-0.0
_C20982,-1.0
_C20983,-1.0
_C20984,-0.0
_C20985,-0.0
_C20986,-0.0
_C20987,-0.0
_C20988,-0.0
_C20989,-0.0
_C20990,-0.0
_C20991,-0.0
_C20992,-0.0
_C20993,-0.0
_C20994,-0.0
_C20995,-0.0
_C20996,-1.0
_C20997,-1.0
_C20998,-0.0
_C20999,-0.0
_C21000,-0.0
_C21001,-0.0
_C21002,-0.0
_C21003,-0.0
_C21004,-0.0
_C21005,-0.0
_C21006,-0.0
_C21007,-0.0
_C21008,-0.0
_C21009,-0.0
_C21010,-1.0
_C21011,-1.0
_C21012,-0.0
_C21013,-0.0
_C21014,-0.0
_C21015,-0.0
_C21016,-0.0
_C21017,-0.0
_C21018,-0.0
_C21019,-0.0
_C21020,-0.0
_C21021,-0.0
_C21022,-0.0
_C21023,-0.0
_C21024,-1.0
_C21025,-1.0
_C21026,-0.0
_C21027,-0.0
_C21028,-0.0
_C21029,-0.0
_C21030,-0.0
_C21031,-0.0
_C21032,-0.0
_C21033,-0.0
_C21034,-0.0
_C21035,-0.0
_C21036,-0.0
_C21037,-0.0
_C21038,-1.0
_C21039,-1.0
_C21040,-0.0
_C21041,-0.0
_C21042,-0.0
_C21043,-0.0
_C21044,-0.0
_C21045,-0.0
_C21046,-0.0
_C21047,-0.0
_C21048,-0.0
_C21049,-0.0
_C21050,-0.0
_C21051,-0.0
_C21052,-1.0
_C21053,-1.0
_C21054,-0.0
_C21055,-0.0
_C21056,-0.0
_C21057,-0.0
_C21058,-0.0
_C21059,-0.0
_C21060,-0.0
_C21061,-0.0
_C21062,-0.0
_C21063,-0.0
_C21064,-0.0
_C21065,-0.0
_C21066,-1.0
_C21067,-1.0
_C21068,-0.0
_C21069,-0.0
_C21070,-0.0
_C21071,-0.0
_C21072,-0.0
_C21073,-0.0
_C21074,-0.0
_C21075,-0.0
_C21076,-0.0
_C21077,-0.0
_C21078,-0.0
_C21079,-0.0
_C21080,-1.0
_C21081,-1.0
_C21082,-0.0
_C21083,-0.0
_C21084,-0.0
_C21085,-0.0
_C21086,-0.0
_C21087,-0.0
_C21088,-0.0
_C21089,-0.0
_C21090,-0.0
_C21091,-0.0
_C21092,-0.0
_C21093,-0.0
_C21094,-1.0
_C21095,-1.0
_C21096,-0.0
_C21097,-0.0
_C21098,-0.0
_C21099,-0.0
_C21100,-0.0
_C21101,-0.0
_C21102,-0.0
_C21103,-0.0
_C21104,-0.0
_C21105,-0.0
_C21106,-0.0
_C21107,-0.0
_C21108,-1.0
_C21109,-1.0
_C21110,-0.0
_C21111,-0.0
_C21112,-0.0
_C21113,-0.0
_C21114,-0.0
_C21115,-0.0
_C21116,-0.0
_C21117,-0.0
_C21118,-0.0
_C21119,-0.0
_C21120,-0.0
_C21121,-0.0
_C21122,-1.0
_C21123,-1.0
_C21124,-0.0
_C21125,-0.0
_C21126,-0.0
_C21127,-0.0
_C21128,-0.0
_C21129,-0.0
_C21130,-0.0
_C21131,-0.0
_C21132,-0.0
_C21133,-0.0
_C21134,-0.0
_C21135,-0.0
_C21136,-1.0
_C21137,-1.0
_C21138,-0.0
_C21139,-0.0
_C21140,-0.0
_C21141,-0.0
_C21142,-0.0
_C21143,-0.0
_C21144,-0.0
_C21145,-0.0
_C21146,-0.0
_C21147,-0.0
_C21148,-0.0
_C21149,-0.0
_C21150,-1.0
_C21151,-1.0
_C21152,-0.0
_C21153,-0.0
_C21154,-0.0
_C21155,-0.0
_C21156,-0.0
_C21157,-0.0
_C21158,-0.0
_C21159,-0.0
_C21160,-0.0
_C21161,-0.0
_C21162,-0.0
_C21163,-0.0
_C21164,-1.0
_C21165,-1.0
_C21166,-0.0
_C21167,-0.0
_C21168,-0.0
_C21169,-0.0
_C21170,-0.0
_C21171,-0.0
_C21172,-0.0
_C21173,-0.0
_C21174,-0.0
_C21175,-0.0
_C21176,-0.0
_C21177,-0.0
_C21178,-1.0
_C21179,-1.0
_C21180,-0.0
_C21181,-0.0
_C21182,-0.0
_C21183,-0.0
_C21184,-0.0
_C21185,-0.0
_C21186,-0.0
_C21187,-0.0
_C21188,-0.0
_C21189,-0.0
_C21190,-0.0
_C21191,-0.0
_C21192,-1.0
_C21193,-1.0
_C21194,-0.0
_C21195,-0.0
_C21196,-0.0
_C21197,-0.0
_C21198,-0.0
_C21199,-0.0
_C21200,-0.0
_C21201,-0.0
_C21202,-0.0
_C21203,-0.0
_C21204,-0.0
_C21205,-0.0
_C21206,-1.0
_C21207,-1.0
_C21208,-0.0
_C21209,-0.0
_C21210,-0.0
_C21211,-0.0
_C21212,-0.0
_C21213,-0.0
_C21214,-0.0
_C21215,-0.0
_C21216,-0.0
_C21217,-0.0
_C21218,-0.0
_C21219,-0.0
_C21220,-1.0
_C21221,-1.0
_C21222,-0.0
_C21223,-0.0
_C21224,-0.0
_C21225,-0.0
_C21226,-0.0
_C21227,-0.0
_C21228,-0.0
_C21229,-0.0
_C21230,-0.0
_C21231,-0.0
_C21232,-0.0
_C21233,-0.0
_C21234,-1.0
_C21235,-1.0
_C21236,-0.0
_C21237,-0.0
_C21238,-0.0
_C21239,-0.0
_C21240,-0.0
_C21241,-0.0
_C21242,-0.0
_C21243,-0.0
_C21244,-0.0
_C21245,-0.0
_C21246,-0.0
_C21247,-0.0
_C21248,-1.0
_C21249,-1.0
_C21250,-0.0
_C21251,-0.0
_C21252,-0.0
_C21253,-0.0
_C21254,-0.0
_C21255,-0.0
_C21256,-0.0
_C21257,-0.0
_C21258,-0.0
_C21259,-0.0
_C21260,-0.0
_C21261,-0.0
_C21262,-1.0
_C21263,-1.0
_C21264,-0.0
_C21265,-0.0
_C21266,-0.0
_C21267,-0.0
_C21268,-0.0
_C21269,-0.0
_C21270,-0.0
_C21271,-0.0
_C21272,-0.0
_C21273,-0.0
_C21274,-0.0
_C21275,-0.0
_C21276,-1.0
_C21277,-1.0
_C21278,-0.0
_C21279,-0.0
_C21280,-0.0
_C21281,-0.0
_C21282,-0.0
_C21283,-0.0
_C21284,-0.0
_C21285,-0.0
_C21286,-0.0
_C21287,-0.0
_C21288,-0.0
_C21289,-0.0
_C21290,-1.0
_C21291,-1.0
_C21292,-0.0
_C21293,-0.0
_C21294,-0.0
_C21295,-0.0
_C21296,-0.0
_C21297,-0.0
_C21298,-0.0
_C21299,-0.0
_C21300,-0.0
_C21301,-0.0
_C21302,-0.0
_C21303,-0.0
_C21304,-1.0
_C21305,-1.0
_C21306,-0.0
_C21307,-0.0
_C21308,-0.0
_C21309,-0.0
_C21310,-0.0
_C21311,-0.0
_C21312,-0.0
_C21313,-0.0
_C21314,-0.0
_C21315,-0.0
_C21316,-0.0
_C21317,-0.0
_C21318,-1.0
_C21319,-1.0
_C21320,-0.0
_C21321,-0.0
_C21322,-0.0
_C21323,-0.0
_C21324,-0.0
_C21325,-0.0
_C21326,-0.0
_C21327,-0.0
_C21328,-0.0
_C21329,-0.0
_C21330,-0.0
_C21331,-0.0
_C21332,-1.0
_C21333,-1.0
_C21334,-0.0
_C21335,-0.0
_C21336,-0.0
_C21337,-0.0
_C21338,-0.0
_C21339,-0.0
_C21340,-0.0
_C21341,-0.0
_C21342,-0.0
_C21343,-0.0
_C21344,-0.0
_C21345,-0.0
_C21346,-1.0
_C21347,-1.0
_C21348,-0.0
_C21349,-0.0
_C21350,-0.0
_C21351,-0.0
_C21352,-0.0
_C21353,-0.0
_C21354,-0.0
_C21355,-0.0
_C21356,-0.0
_C21357,-0.0
_C21358,-0.0
_C21359,-0.0
_C21360,-1.0
_C21361,-1.0
_C21362,-0.0
_C21363,-0.0
_C21364,-0.0
_C21365,-0.0
_C21366,-0.0
_C21367,-0.0
_C21368,-0.0
_C21369,-0.0
_C21370,-0.0
_C21371,-0.0
_C21372,-0.0
_C21373,-0.0
_C21374,-1.0
_C21375,-1.0
_C21376,-0.0
_C21377,-0.0
_C21378,-0.0
_C21379,-0.0
_C21380,-0.0
_C21381,-0.0
_C21382,-0.0
_C21383,-0.0
_C21384,-0.0
_C21385,-0.0
_C21386,-0.0
_C21387,-0.0
_C21388,-1.0
_C21389,-1.0
_C21390,-0.0
_C21391,-0.0
_C21392,-0.0
_C21393,-0.0
_C21394,-0.0
_C21395,-0.0
_C21396,-0.0
_C21397,-0.0
_C21398,-0.0
_C21399,-0.0
_C21400,-0.0
_C21401,-0.0
_C21402,-1.0
_C21403,-1.0
_C21404,-0.0
_C21405,-0.0
_C21406,-0.0
_C21407,-0.0
_C21408,-0.0
_C21409,-0.0
_C21410,-0.0
_C21411,-0.0
_C21412,-0.0
_C21413,-0.0
_C21414,-0.0
_C21415,-0.0
_C21416,-1.0
_C21417,-1.0
_C21418,-0.0
_C21419,-0.0
_C21420,-0.0
_C21421,-0.0
_C21422,-0.0
_C21423,-0.0
_C21424,-0.0
_C21425,-0.0
_C21426,-0.0
_C21427,-0.0
_C21428,-0.0
_C21429,-0.0
_C21430,-1.0
_C21431,-1.0
_C21432,-0.0
_C21433,-0.0
_C21434,-0.0
_C21435,-0.0
_C21436,-0.0
_C21437,-0.0
_C21438,-0.0
_C21439,-0.0
_C21440,-0.0
_C21441,-0.0
_C21442,-0.0
_C21443,-0.0
_C21444,-1.0
_C21445,-1.0
_C21446,-0.0
_C21447,-0.0
_C21448,-0.0
_C21449,-0.0
_C21450,-0.0
_C21451,-0.0
_C21452,-0.0
_C21453,-0.0
_C21454,-0.0
_C21455,-0.0
_C21456,-0.0
_C21457,-0.0
_C21458,-1.0
_C21459,-1.0
_C21460,-0.0
_C21461,-0.0
_C21462,-0.0
_C21463,-0.0
_C21464,-0.0
_C21465,-0.0
_C21466,-0.0
_C21467,-0.0
_C21468,-0.0
_C21469,-0.0
_C21470,-0.0
_C21471,-0.0
_C21472,-1.0
_C21473,-1.0
_C21474,-0.0
_C21475,-0.0
_C21476,-0.0
_C21477,-0.0
_C21478,-0.0
_C21479,-0.0
_C21480,-0.0
_C21481,-0.0
_C21482,-0.0
_C21483,-0.0
_C21484,-0.0
_C21485,-0.0
_C21486,-1.0
_C21487,-1.0
_C21488,-0.0
_C21489,-0.0
_C21490,-0.0
_C21491,-0.0
_C21492,-0.0
_C21493,-0.0
_C21494,-0.0
_C21495,-0.0
_C21496,-0.0
_C21497,-0.0
_C21498,-0.0
_C21499,-0.0
_C21500,-1.0
_C21501,-1.0
_C21502,-0.0
_C21503,-0.0
_C21504,-0.0
_C21505,-0.0
_C21506,-0.0
_C21507,-0.0
_C21508,-0.0
_C21509,-0.0
_C21510,-0.0
_C21511,-0.0
_C21512,-0.0
_C21513,-0.0
_C21514,-1.0
_C21515,-1.0
_C21516,-0.0
_C21517,-0.0
_C21518,-0.0
_C21519,-0.0
_C21520,-0.0
_C21521,-0.0
_C21522,-0.0
_C21523,-0.0
_C21524,-0.0
_C21525,-0.0
_C21526,-0.0
_C21527,-0.0
_C21528,-1.0
_C21529,-1.0
_C21530,-0.0
_C21531,-0.0
_C21532,-0.0
_C21533,-0.0
_C21534,-0.0
_C21535,-0.0
_C21536,-0.0
_C21537,-0.0
_C21538,-0.0
_C21539,-0.0
_C21540,-0.0
_C21541,-0.0
_C21542,-1.0
_C21543,-1.0
_C21544,-0.0
_C21545,-0.0
_C21546,-0.0
_C21547,-0.0
_C21548,-0.0
_C21549,-0.0
_C21550,-0.0
_C21551,-0.0
_C21552,-0.0
_C21553,-0.0
_C21554,-0.0
_C21555,-0.0
_C21556,-1.0
_C21557,-1.0
_C21558,-0.0
_C21559,-0.0
_C21560,-0.0
_C21561,-0.0
_C21562,-0.0
_C21563,-0.0
_C21564,-0.0
_C21565,-0.0
_C21566,-0.0
_C21567,-0.0
_C21568,-0.0
_C21569,-0.0
_C21570,-1.0
_C21571,-1.0
_C21572,-0.0
_C21573,-0.0
_C21574,-0.0
_C21575,-0.0
_C21576,-0.0
_C21577,-0.0
_C21578,-0.0
_C21579,-0.0
_C21580,-0.0
_C21581,-0.0
_C21582,-0.0
_C21583,-0.0
_C21584,-1.0
_C21585,-1.0
_C21586,-0.0
_C21587,-0.0
_C21588,-0.0
_C21589,-0.0
_C21590,-0.0
_C21591,-0.0
_C21592,-0.0
_C21593,-0.0
_C21594,-0.0
_C21595,-0.0
_C21596,-0.0
_C21597,-0.0
_C21598,-1.0
_C21599,-1.0
_C21600,-0.0
_C21601,-0.0
_C21602,-0.0
_C21603,-0.0
_C21604,-0.0
_C21605,-0.0
_C21606,-0.0
_C21607,-0.0
_C21608,-0.0
_C21609,-0.0
_C21610,-0.0
_C21611,-0.0
_C21612,-1.0
_C21613,-1.0
_C21614,-0.0
_C21615,-0.0
_C21616,-0.0
_C21617,-0.0
_C21618,-0.0
_C21619,-0.0
_C21620,-0.0
_C21621,-0.0
_C21622,-0.0
_C21623,-0.0
_C21624,-0.0
_C21625,-0.0
_C21626,-1.0
_C21627,-1.0
_C21628,-0.0
_C21629,-0.0
_C21630,-0.0
_C21631,-0.0
_C21632,-0.0
_C21633,-0.0
_C21634,-0.0
_C21635,-0.0
_C21636,-0.0
_C21637,-0.0
_C21638,-0.0
_C21639,-0.0
_C21640,-1.0
_C21641,-1.0
_C21642,-0.0
_C21643,-0.0
_C21644,-0.0
_C21645,-0.0
_C21646,-0.0
_C21647,-0.0
_C21648,-0.0
_C21649,-0.0
_C21650,-0.0
_C21651,-0.0
_C21652,-0.0
_C21653,-0.0
_C21654,-1.0
_C21655,-1.0
_C21656,-0.0
_C21657,-0.0
_C21658,-0.0
_C21659,-0.0
_C21660,-0.0
_C21661,-0.0
_C21662,-0.0
_C21663,-0.0
_C21664,-0.0
_C21665,-0.0
_C21666,-0.0
_C21667,-0.0
_C21668,-1.0
_C21669,-1.0
_C21670,-0.0
_C21671,-0.0
_C21672,-0.0
_C21673,-0.0
_C21674,-0.0
_C21675,-0.0
_C21676,-0.0
_C21677,-0.0
_C21678,-0.0
_C21679,-0.0
_C21680,-0.0
_C21681,-0.0
_C21682,-1.0
_C21683,-1.0
_C21684,-0.0
_C21685,-0.0
_C21686,-0.0
_C21687,-0.0
_C21688,-0.0
_C21689,-0.0
_C21690,-0.0
_C21691,-0.0
_C21692,-0.0
_C21693,-0.0
_C21694,-0.0
_C21695,-0.0
_C21696,-1.0
_C21697,-1.0
_C21698,-0.0
_C21699,-0.0
_C21700,-0.0
_C21701,-0.0
_C21702,-0.0
_C21703,-0.0
_C21704,-0.0
_C21705,-0.0
_C21706,-0.0
_C21707,-0.0
_C21708,-0.0
_C21709,-0.0
_C21710,-1.0
_C21711,-1.0
_C21712,-0.0
_C21713,-0.0
_C21714,-0.0
_C21715,-0.0
_C21716,-0.0
_C21717,-0.0
_C21718,-0.0
_C21719,-0.0
_C21720,-0.0
_C21721,-0.0
_C21722,-0.0
_C21723,-0.0
_C21724,-1.0
_C21725,-1.0
_C21726,-0.0
_C21727,-0.0
_C21728,-0.0
_C21729,-0.0
_C21730,-0.0
_C21731,-0.0
_C21732,-0.0
_C21733,-0.0
_C21734,-0.0
_C21735,-0.0
_C21736,-0.0
_C21737,-0.0
_C21738,-1.0
_C21739,-1.0
_C21740,-0.0
_C21741,-0.0
_C21742,-0.0
_C21743,-0.0
_C21744,-0.0
_C21745,-0.0
_C21746,-0.0
_C21747,-0.0
_C21748,-0.0
_C21749,-0.0
_C21750,-0.0
_C21751,-0.0
_C21752,-1.0
_C21753,-1.0
_C21754,-0.0
_C21755,-0.0
_C21756,-0.0
_C21757,-0.0
_C21758,-0.0
_C21759,-0.0
_C21760,-0.0
_C21761,-0.0
_C21762,-0.0
_C21763,-0.0
_C21764,-0.0
_C21765,-0.0
_C21766,-1.0
_C21767,-1.0
_C21768,-0.0
_C21769,-0.0
_C21770,-0.0
_C21771,-0.0
_C21772,-0.0
_C21773,-0.0
_C21774,-0.0
_C21775,-0.0
_C21776,-0.0
_C21777,-0.0
_C21778,-0.0
_C21779,-0.0
_C21780,-1.0
_C21781,-1.0
_C21782,-0.0
_C21783,-0.0
_C21784,-0.0
_C21785,-0.0
_C21786,-0.0
_C21787,-0.0
_C21788,-0.0
_C21789,-0.0
_C21790,-0.0
_C21791,-0.0
_C21792,-0.0
_C21793,-0.0
_C21794,-1.0
_C21795,-1.0
_C21796,-0.0
_C21797,-0.0
_C21798,-0.0
_C21799,-0.0
_C21800,-0.0
_C21801,-0.0
_C21802,-0.0
_C21803,-0.0
_C21804,-0.0
_C21805,-0.0
_C21806,-0.0
_C21807,-0.0
_C21808,-1.0
_C21809,-1.0
_C21810,-0.0
_C21811,-0.0
_C21812,-0.0
_C21813,-0.0
_C21814,-0.0
_C21815,-0.0
_C21816,-0.0
_C21817,-0.0
_C21818,-0.0
_C21819,-0.0
_C21820,-0.0
_C21821,-0.0
_C21822,-1.0
_C21823,-1.0
_C21824,-0.0
_C21825,-0.0
_C21826,-0.0
_C21827,-0.0
_C21828,-0.0
_C21829,-0.0
_C21830,-0.0
_C21831,-0.0
_C21832,-0.0
_C21833,-0.0
_C21834,-0.0
_C21835,-0.0
_C21836,-1.0
_C21837,-1.0
_C21838,-0.0
_C21839,-0.0
_C21840,-0.0
_C21841,-0.0
_C21842,-0.0
_C21843,-0.0
_C21844,-0.0
_C21845,-0.0
_C21846,-0.0
_C21847,-0.0
_C21848,-0.0
_C21849,-0.0
_C21850,-1.0
_C21851,-1.0
_C21852,-0.0
_C21853,-0.0
_C21854,-0.0
_C21855,-0.0
_C21856,-0.0
_C21857,-0.0
_C21858,-0.0
_C21859,-0.0
_C21860,-0.0
_C21861,-0.0
_C21862,-0.0
_C21863,-0.0
_C21864,-1.0
_C21865,-1.0
_C21866,-0.0
_C21867,-0.0
_C21868,-0.0
_C21869,-0.0
_C21870,-0.0
_C21871,-0.0
_C21872,-0.0
_C21873,-0.0
_C21874,-0.0
_C21875,-0.0
_C21876,-0.0
_C21877,-0.0
_C21878,-1.0
_C21879,-1.0
_C21880,-0.0
_C21881,-0.0
_C21882,-0.0
_C21883,-0.0
_C21884,-0.0
_C21885,-0.0
_C21886,-0.0
_C21887,-0.0
_C21888,-0.0
_C21889,-0.0
_C21890,-0.0
_C21891,-0.0
_C21892,-1.0
_C21893,-1.0
_C21894,-0.0
_C21895,-0.0
_C21896,-0.0
_C21897,-0.0
_C21898,-0.0
_C21899,-0.0
_C21900,-0.0
_C21901,-0.0
_C21902,-0.0
_C21903,-0.0
_C21904,-0.0
_C21905,-0.0
_C21906,-1.0
_C21907,-1.0
_C21908,-0.0
_C21909,-0.0
_C21910,-0.0
_C21911,-0.0
_C21912,-0.0
_C21913,-0.0
_C21914,-0.0
_C21915,-0.0
_C21916,-0.0
_C21917,-0.0
_C21918,-0.0
_C21919,-0.0
_C21920,-1.0
_C21921,-1.0
_C21922,-0.0
_C21923,-0.0
_C21924,-0.0
_C21925,-0.0
_C21926,-0.0
_C21927,-0.0
_C21928,-0.0
_C21929,-0.0
_C21930,-0.0
_C21931,-0.0
_C21932,-0.0
_C21933,-0.0
_C21934,-1.0
_C21935,-1.0
_C21936,-0.0
_C21937,-0.0
_C21938,-0.0
_C21939,-0.0
_C21940,-0.0
_C21941,-0.0
_C21942,-0.0
_C21943,-0.0
_C21944,-0.0
_C21945,-0.0
_C21946,-0.0
_C21947,-0.0
_C21948,-1.0
_C21949,-1.0
_C21950,-0.0
_C21951,-0.0
_C21952,-0.0
_C21953,-0.0
_C21954,-0.0
_C21955,-0.0
_C21956,-0.0
_C21957,-0.0
_C21958,-0.0
_C21959,-0.0
_C21960,-0.0
_C21961,-0.0
_C21962,-1.0
_C21963,-1.0
_C21964,-0.0
_C21965,-0.0
_C21966,-0.0
_C21967,-0.0
_C21968,-0.0
_C21969,-0.0
_C21970,-0.0
_C21971,-0.0
_C21972,-0.0
_C21973,-0.0
_C21974,-0.0
_C21975,-0.0
_C21976,-1.0
_C21977,-1.0
_C21978,-0.0
_C21979,-0.0
_C21980,-0.0
_C21981,-0.0
_C21982,-0.0
_C21983,-0.0
_C21984,-0.0
_C21985,-0.0
_C21986,-0.0
_C21987,-0.0
_C21988,-0.0
_C21989,-0.0
_C21990,-1.0
_C21991,-1.0
_C21992,-0.0
_C21993,-0.0
_C21994,-0.0
_C21995,-0.0
_C21996,-0.0
_C21997,-0.0
_C21998,-0.0
_C21999,-0.0
_C22000,-0.0
_C22001,-0.0
_C22002,-0.0
_C22003,-0.0
_C22004,-1.0
_C22005,-1.0
_C22006,-0.0
_C22007,-0.0
_C22008,-0.0
_C22009,-0.0
_C22010,-0.0
_C22011,-0.0
_C22012,-0.0
_C22013,-0.0
_C22014,-0.0
_C22015,-0.0
_C22016,-0.0
_C22017,-0.0
_C22018,-1.0
_C22019,-1.0
_C22020,-0.0
_C22021,-0.0
_C22022,-0.0
_C22023,-0.0
_C22024,-0.0
_C22025,-0.0
_C22026,-0.0
_C22027,-0.0
_C22028,-0.0
_C22029,-0.0
_C22030,-0.0
_C22031,-0.0
_C22032,-1.0
_C22033,-1.0
_C22034,-0.0
_C22035,-0.0
_C22036,-0.0
_C22037,-0.0
_C22038,-0.0
_C22039,-0.0
_C22040,-0.0
_C22041,-0.0
_C22042,-0.0
_C22043,-0.0
_C22044,-0.0
_C22045,-0.0
_C22046,-1.0
_C22047,-1.0
_C22048,-0.0
_C22049,-0.0
_C22050,-0.0
_C22051,-0.0
_C22052,-0.0
_C22053,-0.0
_C22054,-0.0
_C22055,-0.0
_C22056,-0.0
_C22057,-0.0
_C22058,-0.0
_C22059,-0.0
_C22060,-1.0
_C22061,-1.0
_C22062,-0.0
_C22063,-0.0
_C22064,-0.0
_C22065,-0.0
_C22066,-0.0
_C22067,-0.0
_C22068,-0.0
_C22069,-0.0
_C22070,-0.0
_C22071,-0.0
_C22072,-0.0
_C22073,-0.0
_C22074,-1.0
_C22075,-1.0
_C22076,-0.0
_C22077,-0.0
_C22078,-0.0
_C22079,-0.0
_C22080,-0.0
_C22081,-0.0
_C22082,-0.0
_C22083,-0.0
_C22084,-0.0
_C22085,-0.0
_C22086,-0.0
_C22087,-0.0
_C22088,-1.0
_C22089,-1.0
_C22090,-0.0
_C22091,-0.0
_C22092,-0.0
_C22093,-0.0
_C22094,-0.0
_C22095,-0.0
_C22096,-0.0
_C22097,-0.0
_C22098,-0.0
_C22099,-0.0
_C22100,-0.0
_C22101,-0.0
_C22102,-1.0
_C22103,-1.0
_C22104,-0.0
_C22105,-0.0
_C22106,-0.0
_C22107,-0.0
_C22108,-0.0
_C22109,-0.0
_C22110,-0.0
_C22111,-0.0
_C22112,-0.0
_C22113,-0.0
_C22114,-0.0
_C22115,-0.0
_C22116,-1.0
_C22117,-1.0
_C22118,-0.0
_C22119,-0.0
_C22120,-0.0
_C22121,-0.0
_C22122,-0.0
_C22123,-0.0
_C22124,-0.0
_C22125,-0.0
_C22126,-0.0
_C22127,-0.0
_C22128,-0.0
_C22129,-0.0
_C22130,-1.0
_C22131,-1.0
_C22132,-0.0
_C22133,-0.0
_C22134,-0.0
_C22135,-0.0
_C22136,-0.0
_C22137,-0.0
_C22138,-0.0
_C22139,-0.0
_C22140,-0.0
_C22141,-0.0
_C22142,-0.0
_C22143,-0.0
_C22144,-1.0
_C22145,-1.0
_C22146,-0.0
_C22147,-0.0
_C22148,-0.0
_C22149,-0.0
_C22150,-0.0
_C22151,-0.0
_C22152,-0.0
_C22153,-0.0
_C22154,-0.0
_C22155,-0.0
_C22156,-0.0
_C22157,-0.0
_C22158,-1.0
_C22159,-1.0
_C22160,-0.0
_C22161,-0.0
_C22162,-0.0
_C22163,-0.0
_C22164,-0.0
_C22165,-0.0
_C22166,-0.0
_C22167,-0.0
_C22168,-0.0
_C22169,-0.0
_C22170,-0.0
_C22171,-0.0
_C22172,-1.0
_C22173,-1.0
_C22174,-0.0
_C22175,-0.0
_C22176,-0.0
_C22177,-0.0
_C22178,-0.0
_C22179,-0.0
_C22180,-0.0
_C22181,-0.0
_C22182,-0.0
_C22183,-0.0
_C22184,-0.0
_C22185,-0.0
_C22186,-1.0
_C22187,-1.0
_C22188,-0.0
_C22189,-0.0
_C22190,-0.0
_C22191,-0.0
_C22192,-0.0
_C22193,-0.0
_C22194,-0.0
_C22195,-0.0
_C22196,-0.0
_C22197,-0.0
_C22198,-0.0
_C22199,-0.0
_C22200,-1.0
_C22201,-1.0
_C22202,-0.0
_C22203,-0.0
_C22204,-0.0
_C22205,-0.0
_C22206,-0.0
_C22207,-0.0
_C22208,-0.0
_C22209,-0.0
_C22210,-0.0
_C22211,-0.0
_C22212,-0.0
_C22213,-0.0
_C22214,-1.0
_C22215,-1.0
_C22216,-0.0
_C22217,-0.0
_C22218,-0.0
_C22219,-0.0
_C22220,-0.0
_C22221,-0.0
_C22222,-0.0
_C22223,-0.0
_C22224,-0.0
_C22225,-0.0
_C22226,-0.0
_C22227,-0.0
_C22228,-1.0
_C22229,-1.0
_C22230,-0.0
_C22231,-0.0
_C22232,-0.0
_C22233,-0.0
_C22234,-0.0
_C22235,-0.0
_C22236,-0.0
_C22237,-0.0
_C22238,-0.0
_C22239,-0.0
_C22240,-0.0
_C22241,-0.0
_C22242,-1.0
_C22243,-1.0
_C22244,-0.0
_C22245,-0.0
_C22246,-0.0
_C22247,-0.0
_C22248,-0.0
_C22249,-0.0
_C22250,-0.0
_C22251,-0.0
_C22252,-0.0
_C22253,-0.0
_C22254,-0.0
_C22255,-0.0
_C22256,-1.0
_C22257,-1.0
_C22258,-0.0
_C22259,-0.0
_C22260,-0.0
_C22261,-0.0
_C22262,-0.0
_C22263,-0.0
_C22264,-0.0
_C22265,-0.0
_C22266,-0.0
_C22267,-0.0
_C22268,-0.0
_C22269,-0.0
_C22270,-1.0
_C22271,-1.0
_C22272,-0.0
_C22273,-0.0
_C22274,-0.0
_C22275,-0.0
_C22276,-0.0
_C22277,-0.0
_C22278,-0.0
_C22279,-0.0
_C22280,-0.0
_C22281,-0.0
_C22282,-0.0
_C22283,-0.0
_C22284,-1.0
_C22285,-1.0
_C22286,-0.0
_C22287,-0.0
_C22288,-0.0
_C22289,-0.0
_C22290,-0.0
_C22291,-0.0
_C22292,-0.0
_C22293,-0.0
_C22294,-0.0
_C22295,-0.0
_C22296,-0.0
_C22297,-0.0
_C22298,-1.0
_C22299,-1.0
_C22300,-0.0
_C22301,-0.0
_C22302,-0.0
_C22303,-0.0
_C22304,-0.0
_C22305,-0.0
_C22306,-0.0
_C22307,-0.0
_C22308,-0.0
_C22309,-0.0
_C22310,-0.0
_C22311,-0.0
_C22312,-1.0
_C22313,-1.0
_C22314,-0.0
_C22315,-0.0
_C22316,-0.0
_C22317,-0.0
_C22318,-0.0
_C22319,-0.0
_C22320,-0.0
_C22321,-0.0
_C22322,-0.0
_C22323,-0.0
_C22324,-0.0
_C22325,-0.0
_C22326,-1.0
_C22327,-1.0
_C22328,-0.0
_C22329,-0.0
_C22330,-0.0
_C22331,-0.0
_C22332,-0.0
_C22333,-0.0
_C22334,-0.0
_C22335,-0.0
_C22336,-0.0
_C22337,-0.0
_C22338,-0.0
_C22339,-0.0
_C22340,-1.0
_C22341,-1.0
_C22342,-0.0
_C22343,-0.0
_C22344,-0.0
_C22345,-0.0
_C22346,-0.0
_C22347,-0.0
_C22348,-0.0
_C22349,-0.0
_C22350,-0.0
_C22351,-0.0
_C22352,-0.0
_C22353,-0.0
_C22354,-1.0
_C22355,-1.0
_C22356,-0.0
_C22357,-0.0
_C22358,-0.0
_C22359,-0.0
_C22360,-0.0
_C22361,-0.0
_C22362,-0.0
_C22363,-0.0
_C22364,-0.0
_C22365,-0.0
_C22366,-0.0
_C22367,-0.0
_C22368,-1.0
_C22369,-1.0
_C22370,-0.0
_C22371,-0.0
_C22372,-0.0
_C22373,-0.0
_C22374,-0.0
_C22375,-0.0
_C22376,-0.0
_C22377,-0.0
_C22378,-0.0
_C22379,-0.0
_C22380,-0.0
_C22381,-0.0
_C22382,-1.0
_C22383,-1.0
_C22384,-0.0
_C22385,-0.0
_C22386,-0.0
_C22387,-0.0
_C22388,-0.0
_C22389,-0.0
_C22390,-0.0
_C22391,-0.0
_C22392,-0.0
_C22393,-0.0
_C22394,-0.0
_C22395,-0.0
_C22396,-1.0
_C22397,-1.0
_C22398,-0.0
_C22399,-0.0
_C22400,-0.0
_C22401,-0.0
_C22402,-0.0
_C22403,-0.0
_C22404,-0.0
_C22405,-0.0
_C22406,-0.0
_C22407,-0.0
_C22408,-0.0
_C22409,-0.0
_C22410,-1.0
_C22411,-1.0
_C22412,-0.0
_C22413,-0.0
_C22414,-0.0
_C22415,-0.0
_C22416,-0.0
_C22417,-0.0
_C22418,-0.0
_C22419,-0.0
_C22420,-0.0
_C22421,-0.0
_C22422,-0.0
_C22423,-0.0
_C22424,-1.0
_C22425,-1.0
_C22426,-0.0
_C22427,-0.0
_C22428,-0.0
_C22429,-0.0
_C22430,-0.0
_C22431,-0.0
_C22432,-0.0
_C22433,-0.0
_C22434,-0.0
_C22435,-0.0
_C22436,-0.0
_C22437,-0.0
_C22438,-1.0
_C22439,-1.0
_C22440,-0.0
_C22441,-0.0
_C22442,-0.0
_C22443,-0.0
_C22444,-0.0
_C22445,-0.0
_C22446,-0.0
_C22447,-0.0
_C22448,-0.0
_C22449,-0.0
_C22450,-0.0
_C22451,-0.0
_C22452,-1.0
_C22453,-1.0
_C22454,-0.0
_C22455,-0.0
_C22456,-0.0
_C22457,-0.0
_C22458,-0.0
_C22459,-0.0
_C22460,-0.0
_C22461,-0.0
_C22462,-0.0
_C22463,-0.0
_C22464,-0.0
_C22465,-0.0
_C22466,-1.0
_C22467,-1.0
_C22468,-0.0
_C22469,-0.0
_C22470,-0.0
_C22471,-0.0
_C22472,-0.0
_C22473,-0.0
_C22474,-0.0
_C22475,-0.0
_C22476,-0.0
_C22477,-0.0
_C22478,-0.0
_C22479,-0.0
_C22480,-1.0
_C22481,-1.0
_C22482,-0.0
_C22483,-0.0
_C22484,-0.0
_C22485,-0.0
_C22486,-0.0
_C22487,-0.0
_C22488,-0.0
_C22489,-0.0
_C22490,-0.0
_C22491,-0.0
_C22492,-0.0
_C22493,-0.0
_C22494,-1.0
_C22495,-1.0
_C22496,-0.0
_C22497,-0.0
_C22498,-0.0
_C22499,-0.0
_C22500,-0.0
_C22501,-0.0
_C22502,-0.0
_C22503,-0.0
_C22504,-0.0
_C22505,-0.0
_C22506,-0.0
_C22507,-0.0
_C22508,-1.0
_C22509,-1.0
_C22510,-0.0
_C22511,-0.0
_C22512,-0.0
_C22513,-0.0
_C22514,-0.0
_C22515,-0.0
_C22516,-0.0
_C22517,-0.0
_C22518,-0.0
_C22519,-0.0
_C22520,-0.0
_C22521,-0.0
_C22522,-1.0
_C22523,-1.0
_C22524,-0.0
_C22525,-0.0
_C22526,-0.0
_C22527,-0.0
_C22528,-0.0
_C22529,-0.0
_C22530,-0.0
_C22531,-0.0
_C22532,-0.0
_C22533,-0.0
_C22534,-0.0
_C22535,-0.0
_C22536,-1.0
_C22537,-1.0
_C22538,-0.0
_C22539,-0.0
_C22540,-0.0
_C22541,-0.0
_C22542,-0.0
_C22543,-0.0
_C22544,-0.0
_C22545,-0.0
_C22546,-0.0
_C22547,-0.0
_C22548,-0.0
_C22549,-0.0
_C22550,-1.0
_C22551,-1.0
_C22552,-0.0
_C22553,-0.0
_C22554,-0.0
_C22555,-0.0
_C22556,-0.0
_C22557,-0.0
_C22558,-0.0
_C22559,-0.0
_C22560,-0.0
_C22561,-0.0
_C22562,-0.0
_C22563,-0.0
_C22564,-1.0
_C22565,-1.0
_C22566,-0.0
_C22567,-0.0
_C22568,-0.0
_C22569,-0.0
_C22570,-0.0
_C22571,-0.0
_C22572,-0.0
_C22573,-0.0
_C22574,-0.0
_C22575,-0.0
_C22576,-0.0
_C22577,-0.0
_C22578,-1.0
_C22579,-1.0
_C22580,-0.0
_C22581,-0.0
_C22582,-0.0
_C22583,-0.0
_C22584,-0.0
_C22585,-0.0
_C22586,-0.0
_C22587,-0.0
_C22588,-0.0
_C22589,-0.0
_C22590,-0.0
_C22591,-0.0
_C22592,-1.0
_C22593,-1.0
_C22594,-0.0
_C22595,-0.0
_C22596,-0.0
_C22597,-0.0
_C22598,-0.0
_C22599,-0.0
_C22600,-0.0
_C22601,-0.0
_C22602,-0.0
_C22603,-0.0
_C22604,-0.0
_C22605,-0.0
_C22606,-1.0
_C22607,-1.0
_C22608,-0.0
_C22609,-0.0
_C22610,-0.0
_C22611,-0.0
_C22612,-0.0
_C22613,-0.0
_C22614,-0.0
_C22615,-0.0
_C22616,-0.0
_C22617,-0.0
_C22618,-0.0
_C22619,-0.0
_C22620,-1.0
_C22621,-1.0
_C22622,-0.0
_C22623,-0.0
_C22624,-0.0
_C22625,-0.0
_C22626,-0.0
_C22627,-0.0
_C22628,-0.0
_C22629,-0.0
_C22630,-0.0
_C22631,-0.0
_C22632,-0.0
_C22633,-0.0
_C22634,-1.0
_C22635,-1.0
_C22636,-0.0
_C22637,-0.0
_C22638,-0.0
_C22639,-0.0
_C22640,-0.0
_C22641,-0.0
_C22642,-0.0
_C22643,-0.0
_C22644,-0.0
_C22645,-0.0
_C22646,-0.0
_C22647,-0.0
_C22648,-1.0
_C22649,-1.0
_C22650,-0.0
_C22651,-0.0
_C22652,-0.0
_C22653,-0.0
_C22654,-0.0
_C22655,-0.0
_C22656,-0.0
_C22657,-0.0
_C22658,-0.0
_C22659,-0.0
_C22660,-0.0
_C22661,-0.0
_C22662,-1.0
_C22663,-1.0
_C22664,-0.0
_C22665,-0.0
_C22666,-0.0
_C22667,-0.0
_C22668,-0.0
_C22669,-0.0
_C22670,-0.0
_C22671,-0.0
_C22672,-0.0
_C22673,-0.0
_C22674,-0.0
_C22675,-0.0
_C22676,-1.0
_C22677,-1.0
_C22678,-0.0
_C22679,-0.0
_C22680,-0.0
_C22681,-0.0
_C22682,-0.0
_C22683,-0.0
_C22684,-0.0
_C22685,-0.0
_C22686,-0.0
_C22687,-0.0
_C22688,-0.0
_C22689,-0.0
_C22690,-1.0
_C22691,-1.0
_C22692,-0.0
_C22693,-0.0
_C22694,-0.0
_C22695,-0.0
_C22696,-0.0
_C22697,-0.0
_C22698,-0.0
_C22699,-0.0
_C22700,-0.0
_C22701,-0.0
_C22702,-0.0
_C22703,-0.0
_C22704,-1.0
_C22705,-1.0
_C22706,-0.0
_C22707,-0.0
_C22708,-0.0
_C22709,-0.0
_C22710,-0.0
_C22711,-0.0
_C22712,-0.0
_C22713,-0.0
_C22714,-0.0
_C22715,-0.0
_C22716,-0.0
_C22717,-0.0
_C22718,-1.0
_C22719,-1.0
_C22720,-0.0
_C22721,-0.0
_C22722,-0.0
_C22723,-0.0
_C22724,-0.0
_C22725,-0.0
_C22726,-0.0
_C22727,-0.0
_C22728,-0.0
_C22729,-0.0
_C22730,-0.0
_C22731,-0.0
_C22732,-1.0
_C22733,-1.0
_C22734,-0.0
_C22735,-0.0
_C22736,-0.0
_C22737,-0.0
_C22738,-0.0
_C22739,-0.0
_C22740,-0.0
_C22741,-0.0
_C22742,-0.0
_C22743,-0.0
_C22744,-0.0
_C22745,-0.0
_C22746,-1.0
_C22747,-1.0
_C22748,-0.0
_C22749,-0.0
_C22750,-0.0
_C22751,-0.0
_C22752,-0.0
_C22753,-0.0
_C22754,-0.0
_C22755,-0.0
_C22756,-0.0
_C22757,-0.0
_C22758,-0.0
_C22759,-0.0
_C22760,-1.0
_C22761,-1.0
_C22762,-0.0
_C22763,-0.0
_C22764,-0.0
_C22765,-0.0
_C22766,-0.0
_C22767,-0.0
_C22768,-0.0
_C22769,-0.0
_C22770,-0.0
_C22771,-0.0
_C22772,-0.0
_C22773,-0.0
_C22774,-1.0
_C22775,-1.0
_C22776,-0.0
_C22777,-0.0
_C22778,-0.0
_C22779,-0.0
_C22780,-0.0
_C22781,-0.0
_C22782,-0.0
_C22783,-0.0
_C22784,-0.0
_C22785,-0.0
_C22786,-0.0
_C22787,-0.0
_C22788,-1.0
_C22789,-1.0
_C22790,-0.0
_C22791,-0.0
_C22792,-0.0
_C22793,-0.0
_C22794,-0.0
_C22795,-0.0
_C22796,-0.0
_C22797,-0.0
_C22798,-0.0
_C22799,-0.0
_C22800,-0.0
_C22801,-0.0
_C22802,-1.0
_C22803,-1.0
_C22804,-0.0
_C22805,-0.0
_C22806,-0.0
_C22807,-0.0
_C22808,-0.0
_C22809,-0.0
_C22810,-0.0
_C22811,-0.0
_C22812,-0.0
_C22813,-0.0
_C22814,-0.0
_C22815,-0.0
_C22816,-1.0
_C22817,-1.0
_C22818,-0.0
_C22819,-0.0
_C22820,-0.0
_C22821,-0.0
_C22822,-0.0
_C22823,-0.0
_C22824,-0.0
_C22825,-0.0
_C22826,-0.0
_C22827,-0.0
_C22828,-0.0
_C22829,-0.0
_C22830,-1.0
_C22831,-1.0
_C22832,-0.0
_C22833,-0.0
_C22834,-0.0
_C22835,-0.0
_C22836,-0.0
_C22837,-0.0
_C22838,-0.0
_C22839,-0.0
_C22840,-0.0
_C22841,-0.0
_C22842,-0.0
_C22843,-0.0
_C22844,-1.0
_C22845,-1.0
_C22846,-0.0
_C22847,-0.0
_C22848,-0.0
_C22849,-0.0
_C22850,-0.0
_C22851,-0.0
_C22852,-0.0
_C22853,-0.0
_C22854,-0.0
_C22855,-0.0
_C22856,-0.0
_C22857,-0.0
_C22858,-1.0
_C22859,-1.0
_C22860,-0.0
_C22861,-0.0
_C22862,-0.0
_C22863,-0.0
_C22864,-0.0
_C22865,-0.0
_C22866,-0.0
_C22867,-0.0
_C22868,-0.0
_C22869,-0.0
_C22870,-0.0
_C22871,-0.0
_C22872,-1.0
_C22873,-1.0
_C22874,-0.0
_C22875,-0.0
_C22876,-0.0
_C22877,-0.0
_C22878,-0.0
_C22879,-0.0
_C22880,-0.0
_C22881,-0.0
_C22882,-0.0
_C22883,-0.0
_C22884,-0.0
_C22885,-0.0
_C22886,-1.0
_C22887,-1.0
_C22888,-0.0
_C22889,-0.0
_C22890,-0.0
_C22891,-0.0
_C22892,-0.0
_C22893,-0.0
_C22894,-0.0
_C22895,-0.0
_C22896,-0.0
_C22897,-0.0
_C22898,-0.0
_C22899,-0.0
_C22900,-1.0
_C22901,-1.0
_C22902,-0.0
_C22903,-0.0
_C22904,-0.0
_C22905,-0.0
_C22906,-0.0
_C22907,-0.0
_C22908,-0.0
_C22909,-0.0
_C22910,-0.0
_C22911,-0.0
_C22912,-0.0
_C22913,-0.0
_C22914,-1.0
_C22915,-1.0
_C22916,-0.0
_C22917,-0.0
_C22918,-0.0
_C22919,-0.0
_C22920,-0.0
_C22921,-0.0
_C22922,-0.0
_C22923,-0.0
_C22924,-0.0
_C22925,-0.0
_C22926,-0.0
_C22927,-0.0
_C22928,-1.0
_C22929,-1.0
_C22930,-0.0
_C22931,-0.0
_C22932,-0.0
_C22933,-0.0
_C22934,-0.0
_C22935,-0.0
_C22936,-0.0
_C22937,-0.0
_C22938,-0.0
_C22939,-0.0
_C22940,-0.0
_C22941,-0.0
_C22942,-1.0
_C22943,-1.0
_C22944,-0.0
_C22945,-0.0
_C22946,-0.0
_C22947,-0.0
_C22948,-0.0
_C22949,-0.0
_C22950,-0.0
_C22951,-0.0
_C22952,-0.0
_C22953,-0.0
_C22954,-0.0
_C22955,-0.0
_C22956,-1.0
_C22957,-1.0
_C22958,-0.0
_C22959,-0.0
_C22960,-0.0
_C22961,-0.0
_C22962,-0.0
_C22963,-0.0
_C22964,-0.0
_C22965,-0.0
_C22966,-0.0
_C22967,-0.0
_C22968,-0.0
_C22969,-0.0
_C22970,-1.0
_C22971,-1.0
_C22972,-0.0
_C22973,-0.0
_C22974,-0.0
_C22975,-0.0
_C22976,-0.0
_C22977,-0.0
_C22978,-0.0
_C22979,-0.0
_C22980,-0.0
_C22981,-0.0
_C22982,-0.0
_C22983,-0.0
_C22984,-1.0
_C22985,-1.0
_C22986,-0.0
_C22987,-0.0
_C22988,-0.0
_C22989,-0.0
_C22990,-0.0
_C22991,-0.0
_C22992,-0.0
_C22993,-0.0
_C22994,-0.0
_C22995,-0.0
_C22996,-0.0
_C22997,-0.0
_C22998,-1.0
_C22999,-1.0
_C23000,-0.0
_C23001,-0.0
_C23002,-0.0
_C23003,-0.0
_C23004,-0.0
_C23005,-0.0
_C23006,-0.0
_C23007,-0.0
_C23008,-0.0
_C23009,-0.0
_C23010,-0.0
_C23011,-0.0
_C23012,-1.0
_C23013,-1.0
_C23014,-0.0
_C23015,-0.0
_C23016,-0.0
_C23017,-0.0
_C23018,-0.0
_C23019,-0.0
_C23020,-0.0
_C23021,-0.0
_C23022,-0.0
_C23023,-0.0
_C23024,-0.0
_C23025,-0.0
_C23026,-1.0
_C23027,-1.0
_C23028,-0.0
_C23029,-0.0
_C23030,-0.0
_C23031,-0.0
_C23032,-0.0
_C23033,-0.0
_C23034,-0.0
_C23035,-0.0
_C23036,-0.0
_C23037,-0.0
_C23038,-0.0
_C23039,-0.0
_C23040,-1.0
_C23041,-1.0
_C23042,-0.0
_C23043,-0.0
_C23044,-0.0
_C23045,-0.0
_C23046,-0.0
_C23047,-0.0
_C23048,-0.0
_C23049,-0.0
_C23050,-0.0
_C23051,-0.0
_C23052,-0.0
_C23053,-0.0
_C23054,-1.0
_C23055,-1.0
_C23056,-0.0
_C23057,-0.0
_C23058,-0.0
_C23059,-0.0
_C23060,-0.0
_C23061,-0.0
_C23062,-0.0
_C23063,-0.0
_C23064,-0.0
_C23065,-0.0
_C23066,-0.0
_C23067,-0.0
_C23068,-1.0
_C23069,-1.0
_C23070,-0.0
_C23071,-0.0
_C23072,-0.0
_C23073,-0.0
_C23074,-0.0
_C23075,-0.0
_C23076,-0.0
_C23077,-0.0
_C23078,-0.0
_C23079,-0.0
_C23080,-0.0
_C23081,-0.0
_C23082,-1.0
_C23083,-1.0
_C23084,-0.0
_C23085,-0.0
_C23086,-0.0
_C23087,-0.0
_C23088,-0.0
_C23089,-0.0
_C23090,-0.0
_C23091,-0.0
_C23092,-0.0
_C23093,-0.0
_C23094,-0.0
_C23095,-0.0
_C23096,-1.0
_C23097,-1.0
_C23098,-0.0
_C23099,-0.0
_C23100,-0.0
_C23101,-0.0
_C23102,-0.0
_C23103,-0.0
_C23104,-0.0
_C23105,-0.0
_C23106,-0.0
_C23107,-0.0
_C23108,-0.0
_C23109,-0.0
_C23110,-1.0
_C23111,-1.0
_C23112,-0.0
_C23113,-0.0
_C23114,-0.0
_C23115,-0.0
_C23116,-0.0
_C23117,-0.0
_C23118,-0.0
_C23119,-0.0
_C23120,-0.0
_C23121,-0.0
_C23122,-0.0
_C23123,-0.0
_C23124,-1.0
_C23125,-1.0
_C23126,-0.0
_C23127,-0.0
_C23128,-0.0
_C23129,-0.0
_C23130,-0.0
_C23131,-0.0
_C23132,-0.0
_C23133,-0.0
_C23134,-0.0
_C23135,-0.0
_C23136,-0.0
_C23137,-0.0
_C23138,-1.0
_C23139,-1.0
_C23140,-0.0
_C23141,-0.0
_C23142,-0.0
_C23143,-0.0
_C23144,-0.0
_C23145,-0.0
_C23146,-0.0
_C23147,-0.0
_C23148,-0.0
_C23149,-0.0
_C23150,-0.0
_C23151,-0.0
_C23152,-1.0
_C23153,-1.0
_C23154,-0.0
_C23155,-0.0
_C23156,-0.0
_C23157,-0.0
_C23158,-0.0
_C23159,-0.0
_C23160,-0.0
_C23161,-0.0
_C23162,-0.0
_C23163,-0.0
_C23164,-0.0
_C23165,-0.0
_C23166,-1.0
_C23167,-1.0
_C23168,-0.0
_C23169,-0.0
_C23170,-0.0
_C23171,-0.0
_C23172,-0.0
_C23173,-0.0
_C23174,-0.0
_C23175,-0.0
_C23176,-0.0
_C23177,-0.0
_C23178,-0.0
_C23179,-0.0
_C23180,-1.0
_C23181,-1.0
_C23182,-0.0
_C23183,-0.0
_C23184,-0.0
_C23185,-0.0
_C23186,-0.0
_C23187,-0.0
_C23188,-0.0
_C23189,-0.0
_C23190,-0.0
_C23191,-0.0
_C23192,-0.0
_C23193,-0.0
_C23194,-1.0
_C23195,-1.0
_C23196,-0.0
_C23197,-0.0
_C23198,-0.0
_C23199,-0.0
_C23200,-0.0
_C23201,-0.0
_C23202,-0.0
_C23203,-0.0
_C23204,-0.0
_C23205,-0.0
_C23206,-0.0
_C23207,-0.0
_C23208,-1.0
_C23209,-1.0
_C23210,-0.0
_C23211,-0.0
_C23212,-0.0
_C23213,-0.0
_C23214,-0.0
_C23215,-0.0
_C23216,-0.0
_C23217,-0.0
_C23218,-0.0
_C23219,-0.0
_C23220,-0.0
_C23221,-0.0
_C23222,-1.0
_C23223,-1.0
_C23224,-0.0
_C23225,-0.0
_C23226,-0.0
_C23227,-0.0
_C23228,-0.0
_C23229,-0.0
_C23230,-0.0
_C23231,-0.0
_C23232,-0.0
_C23233,-0.0
_C23234,-0.0
_C23235,-0.0
_C23236,-1.0
_C23237,-1.0
_C23238,-0.0
_C23239,-0.0
_C23240,-0.0
_C23241,-0.0
_C23242,-0.0
_C23243,-0.0
_C23244,-0.0
_C23245,-0.0
_C23246,-0.0
_C23247,-0.0
_C23248,-0.0
_C23249,-0.0
_C23250,-1.0
_C23251,-1.0
_C23252,-0.0
_C23253,-0.0
_C23254,-0.0
_C23255,-0.0
_C23256,-0.0
_C23257,-0.0
_C23258,-0.0
_C23259,-0.0
_C23260,-0.0
_C23261,-0.0
_C23262,-0.0
_C23263,-0.0
_C23264,-1.0
_C23265,-1.0
_C23266,-0.0
_C23267,-0.0
_C23268,-0.0
_C23269,-0.0
_C23270,-0.0
_C23271,-0.0
_C23272,-0.0
_C23273,-0.0
_C23274,-0.0
_C23275,-0.0
_C23276,-0.0
_C23277,-0.0
_C23278,-1.0
_C23279,-1.0
_C23280,-0.0
_C23281,-0.0
_C23282,-0.0
_C23283,-0.0
_C23284,-0.0
_C23285,-0.0
_C23286,-0.0
_C23287,-0.0
_C23288,-0.0
_C23289,-0.0
_C23290,-0.0
_C23291,-0.0
_C23292,-1.0
_C23293,-1.0
_C23294,-0.0
_C23295,-0.0
_C23296,-0.0
_C23297,-0.0
_C23298,-0.0
_C23299,-0.0
_C23300,-0.0
_C23301,-0.0
_C23302,-0.0
_C23303,-0.0
_C23304,-0.0
_C23305,-0.0
_C23306,-1.0
_C23307,-1.0
_C23308,-0.0
_C23309,-0.0
_C23310,-0.0
_C23311,-0.0
_C23312,-0.0
_C23313,-0.0
_C23314,-0.0
_C23315,-0.0
_C23316,-0.0
_C23317,-0.0
_C23318,-0.0
_C23319,-0.0
_C23320,-1.0
_C23321,-1.0
_C23322,-0.0
_C23323,-0.0
_C23324,-0.0
_C23325,-0.0
_C23326,-0.0
_C23327,-0.0
_C23328,-0.0
_C23329,-0.0
_C23330,-0.0
_C23331,-0.0
_C23332,-0.0
_C23333,-0.0
_C23334,-1.0
_C23335,-1.0
_C23336,-0.0
_C23337,-0.0
_C23338,-0.0
_C23339,-0.0
_C23340,-0.0
_C23341,-0.0
_C23342,-0.0
_C23343,-0.0
_C23344,-0.0
_C23345,-0.0
_C23346,-0.0
_C23347,-0.0
_C23348,-1.0
_C23349,-1.0
_C23350,-0.0
_C23351,-0.0
_C23352,-0.0
_C23353,-0.0
_C23354,-0.0
_C23355,-0.0
_C23356,-0.0
_C23357,-0.0
_C23358,-0.0
_C23359,-0.0
_C23360,-0.0
_C23361,-0.0
_C23362,-1.0
_C23363,-1.0
_C23364,-0.0
_C23365,-0.0
_C23366,-0.0
_C23367,-0.0
_C23368,-0.0
_C23369,-0.0
_C23370,-0.0
_C23371,-0.0
_C23372,-0.0
_C23373,-0.0
_C23374,-0.0
_C23375,-0.0
_C23376,-1.0
_C23377,-1.0
_C23378,-0.0
_C23379,-0.0
_C23380,-0.0
_C23381,-0.0
_C23382,-0.0
_C23383,-0.0
_C23384,-0.0
_C23385,-0.0
_C23386,-0.0
_C23387,-0.0
_C23388,-0.0
_C23389,-0.0
_C23390,-1.0
_C23391,-1.0
_C23392,-0.0
_C23393,-0.0
_C23394,-0.0
_C23395,-0.0
_C23396,-0.0
_C23397,-0.0
_C23398,-0.0
_C23399,-0.0
_C23400,-0.0
_C23401,-0.0
_C23402,-0.0
_C23403,-0.0
_C23404,-1.0
_C23405,-1.0
_C23406,-0.0
_C23407,-0.0
_C23408,-0.0
_C23409,-0.0
_C23410,-0.0
_C23411,-0.0
_C23412,-0.0
_C23413,-0.0
_C23414,-0.0
_C23415,-0.0
_C23416,-0.0
_C23417,-0.0
_C23418,-1.0
_C23419,-1.0
_C23420,-0.0
_C23421,-0.0
_C23422,-0.0
_C23423,-0.0
_C23424,-0.0
_C23425,-0.0
_C23426,-0.0
_C23427,-0.0
_C23428,-0.0
_C23429,-0.0
_C23430,-0.0
_C23431,-0.0
_C23432,-1.0
_C23433,-1.0
_C23434,-0.0
_C23435,-0.0
_C23436,-0.0
_C23437,-0.0
_C23438,-0.0
_C23439,-0.0
_C23440,-0.0
_C23441,-0.0
_C23442,-0.0
_C23443,-0.0
_C23444,-0.0
_C23445,-0.0
_C23446,-1.0
_C23447,-1.0
_C23448,-0.0
_C23449,-0.0
_C23450,-0.0
_C23451,-0.0
_C23452,-0.0
_C23453,-0.0
_C23454,-0.0
_C23455,-0.0
_C23456,-0.0
_C23457,-0.0
_C23458,-0.0
_C23459,-0.0
_C23460,-1.0
_C23461,-1.0
_C23462,-0.0
_C23463,-0.0
_C23464,-0.0
_C23465,-0.0
_C23466,-0.0
_C23467,-0.0
_C23468,-0.0
_C23469,-0.0
_C23470,-0.0
_C23471,-0.0
_C23472,-0.0
_C23473,-0.0
_C23474,-1.0
_C23475,-1.0
_C23476,-0.0
_C23477,-0.0
_C23478,-0.0
_C23479,-0.0
_C23480,-0.0
_C23481,-0.0
_C23482,-0.0
_C23483,-0.0
_C23484,-0.0
_C23485,-0.0
_C23486,-0.0
_C23487,-0.0
_C23488,-1.0
_C23489,-1.0
_C23490,-0.0
_C23491,-0.0
_C23492,-0.0
_C23493,-0.0
_C23494,-0.0
_C23495,-0.0
_C23496,-0.0
_C23497,-0.0
_C23498,-0.0
_C23499,-0.0
_C23500,-0.0
_C23501,-0.0
_C23502,-1.0
_C23503,-1.0
_C23504,-0.0
_C23505,-0.0
_C23506,-0.0
_C23507,-0.0
_C23508,-0.0
_C23509,-0.0
_C23510,-0.0
_C23511,-0.0
_C23512,-0.0
_C23513,-0.0
_C23514,-0.0
_C23515,-0.0
_C23516,-1.0
_C23517,-1.0
_C23518,-0.0
_C23519,-0.0
_C23520,-0.0
_C23521,-0.0
_C23522,-0.0
_C23523,-0.0
_C23524,-0.0
_C23525,-0.0
_C23526,-0.0
_C23527,-0.0
_C23528,-0.0
_C23529,-0.0
_C23530,-1.0
_C23531,-1.0
_C23532,-0.0
_C23533,-0.0
_C23534,-0.0
_C23535,-0.0
_C23536,-0.0
_C23537,-0.0
_C23538,-0.0
_C23539,-0.0
_C23540,-0.0
_C23541,-0.0
_C23542,-0.0
_C23543,-0.0
_C23544,-1.0
_C23545,-1.0
_C23546,-0.0
_C23547,-0.0
_C23548,-0.0
_C23549,-0.0
_C23550,-0.0
_C23551,-0.0
_C23552,-0.0
_C23553,-0.0
_C23554,-0.0
_C23555,-0.0
_C23556,-0.0
_C23557,-0.0
_C23558,-1.0
_C23559,-1.0
_C23560,-0.0
_C23561,-0.0
_C23562,-0.0
_C23563,-0.0
_C23564,-0.0
_C23565,-0.0
_C23566,-0.0
_C23567,-0.0
_C23568,-0.0
_C23569,-0.0
_C23570,-0.0
_C23571,-0.0
_C23572,-1.0
_C23573,-1.0
_C23574,-0.0
_C23575,-0.0
_C23576,-0.0
_C23577,-0.0
_C23578,-0.0
_C23579,-0.0
_C23580,-0.0
_C23581,-0.0
_C23582,-0.0
_C23583,-0.0
_C23584,-0.0
_C23585,-0.0
_C23586,-1.0
_C23587,-1.0
_C23588,-0.0
_C23589,-0.0
_C23590,-0.0
_C23591,-0.0
_C23592,-0.0
_C23593,-0.0
_C23594,-0.0
_C23595,-0.0
_C23596,-0.0
_C23597,-0.0
_C23598,-0.0
_C23599,-0.0
_C23600,-1.0
_C23601,-1.0
_C23602,-0.0
_C23603,-0.0
_C23604,-0.0
_C23605,-0.0
_C23606,-0.0
_C23607,-0.0
_C23608,-0.0
_C23609,-0.0
_C23610,-0.0
_C23611,-0.0
_C23612,-0.0
_C23613,-0.0
_C23614,-1.0
_C23615,-1.0
_C23616,-0.0
_C23617,-0.0
_C23618,-0.0
_C23619,-0.0
_C23620,-0.0
_C23621,-0.0
_C23622,-0.0
_C23623,-0.0
_C23624,-0.0
_C23625,-0.0
_C23626,-0.0
_C23627,-0.0
_C23628,-1.0
_C23629,-1.0
_C23630,-0.0
_C23631,-0.0
_C23632,-0.0
_C23633,-0.0
_C23634,-0.0
_C23635,-0.0
_C23636,-0.0
_C23637,-0.0
_C23638,-0.0
_C23639,-0.0
_C23640,-0.0
_C23641,-0.0
_C23642,-1.0
_C23643,-1.0
_C23644,-0.0
_C23645,-0.0
_C23646,-0.0
_C23647,-0.0
_C23648,-0.0
_C23649,-0.0
_C23650,-0.0
_C23651,-0.0
_C23652,-0.0
_C23653,-0.0
_C23654,-0.0
_C23655,-0.0
_C23656,-1.0
_C23657,-1.0
_C23658,-0.0
_C23659,-0.0
_C23660,-0.0
_C23661,-0.0
_C23662,-0.0
_C23663,-0.0
_C23664,-0.0
_C23665,-0.0
_C23666,-0.0
_C23667,-0.0
_C23668,-0.0
_C23669,-0.0
_C23670,-1.0
_C23671,-1.0
_C23672,-0.0
_C23673,-0.0
_C23674,-0.0
_C23675,-0.0
_C23676,-0.0
_C23677,-0.0
_C23678,-0.0
_C23679,-0.0
_C23680,-0.0
_C23681,-0.0
_C23682,-0.0
_C23683,-0.0
_C23684,-1.0
_C23685,-1.0
_C23686,-0.0
_C23687,-0.0
_C23688,-0.0
_C23689,-0.0
_C23690,-0.0
_C23691,-0.0
_C23692,-0.0
_C23693,-0.0
_C23694,-0.0
_C23695,-0.0
_C23696,-0.0
_C23697,-0.0
_C23698,-1.0
_C23699,-1.0
_C23700,-0.0
_C23701,-0.0
_C23702,-0.0
_C23703,-0.0
_C23704,-0.0
_C23705,-0.0
_C23706,-0.0
_C23707,-0.0
_C23708,-0.0
_C23709,-0.0
_C23710,-0.0
_C23711,-0.0
_C23712,-1.0
_C23713,-1.0
_C23714,-0.0
_C23715,-0.0
_C23716,-0.0
_C23717,-0.0
_C23718,-0.0
_C23719,-0.0
_C23720,-0.0
_C23721,-0.0
_C23722,-0.0
_C23723,-0.0
_C23724,-0.0
_C23725,-0.0
_C23726,-1.0
_C23727,-1.0
_C23728,-0.0
_C23729,-0.0
_C23730,-0.0
_C23731,-0.0
_C23732,-0.0
_C23733,-0.0
_C23734,-0.0
_C23735,-0.0
_C23736,-0.0
_C23737,-0.0
_C23738,-0.0
_C23739,-0.0
_C23740,-1.0
_C23741,-1.0
_C23742,-0.0
_C23743,-0.0
_C23744,-0.0
_C23745,-0.0
_C23746,-0.0
_C23747,-0.0
_C23748,-0.0
_C23749,-0.0
_C23750,-0.0
_C23751,-0.0
_C23752,-0.0
_C23753,-0.0
_C23754,-1.0
_C23755,-1.0
_C23756,-0.0
_C23757,-0.0
_C23758,-0.0
_C23759,-0.0
_C23760,-0.0
_C23761,-0.0
_C23762,-0.0
_C23763,-0.0
_C23764,-0.0
_C23765,-0.0
_C23766,-0.0
_C23767,-0.0
_C23768,-1.0
_C23769,-1.0
_C23770,-0.0
_C23771,-0.0
_C23772,-0.0
_C23773,-0.0
_C23774,-0.0
_C23775,-0.0
_C23776,-0.0
_C23777,-0.0
_C23778,-0.0
_C23779,-0.0
_C23780,-0.0
_C23781,-0.0
_C23782,-1.0
_C23783,-1.0
_C23784,-0.0
_C23785,-0.0
_C23786,-0.0
_C23787,-0.0
_C23788,-0.0
_C23789,-0.0
_C23790,-0.0
_C23791,-0.0
_C23792,-0.0
_C23793,-0.0
_C23794,-0.0
_C23795,-0.0
_C23796,-1.0
_C23797,-1.0
_C23798,-0.0
_C23799,-0.0
_C23800,-0.0
_C23801,-0.0
_C23802,-0.0
_C23803,-0.0
_C23804,-0.0
_C23805,-0.0
_C23806,-0.0
_C23807,-0.0
_C23808,-0.0
_C23809,-0.0
_C23810,-1.0
_C23811,-1.0
_C23812,-0.0
_C23813,-0.0
_C23814,-0.0
_C23815,-0.0
_C23816,-0.0
_C23817,-0.0
_C23818,-0.0
_C23819,-0.0
_C23820,-0.0
_C23821,-0.0
_C23822,-0.0
_C23823,-0.0
_C23824,-1.0
_C23825,-1.0
_C23826,-0.0
_C23827,-0.0
_C23828,-0.0
_C23829,-0.0
_C23830,-0.0
_C23831,-0.0
_C23832,-0.0
_C23833,-0.0
_C23834,-0.0
_C23835,-0.0
_C23836,-0.0
_C23837,-0.0
_C23838,-1.0
_C23839,-1.0
_C23840,-0.0
_C23841,-0.0
_C23842,-0.0
_C23843,-0.0
_C23844,-0.0
_C23845,-0.0
_C23846,-0.0
_C23847,-0.0
_C23848,-0.0
_C23849,-0.0
_C23850,-0.0
_C23851,-0.0
_C23852,-1.0
_C23853,-1.0
_C23854,-0.0
_C23855,-0.0
_C23856,-0.0
_C23857,-0.0
_C23858,-0.0
_C23859,-0.0
_C23860,-0.0
_C23861,-0.0
_C23862,-0.0
_C23863,-0.0
_C23864,-0.0
_C23865,-0.0
_C23866,-1.0
_C23867,-1.0
_C23868,-0.0
_C23869,-0.0
_C23870,-0.0
_C23871,-0.0
_C23872,-0.0
_C23873,-0.0
_C23874,-0.0
_C23875,-0.0
_C23876,-0.0
_C23877,-0.0
_C23878,-0.0
_C23879,-0.0
_C23880,-1.0
_C23881,-1.0
_C23882,-0.0
_C23883,-0.0
_C23884,-0.0
_C23885,-0.0
_C23886,-0.0
_C23887,-0.0
_C23888,-0.0
_C23889,-0.0
_C23890,-0.0
_C23891,-0.0
_C23892,-0.0
_C23893,-0.0
_C23894,-1.0
_C23895,-1.0
_C23896,-0.0
_C23897,-0.0
_C23898,-0.0
_C23899,-0.0
_C23900,-0.0
_C23901,-0.0
_C23902,-0.0
_C23903,-0.0
_C23904,-0.0
_C23905,-0.0
_C23906,-0.0
_C23907,-0.0
_C23908,-1.0
_C23909,-1.0
_C23910,-0.0
_C23911,-0.0
_C23912,-0.0
_C23913,-0.0
_C23914,-0.0
_C23915,-0.0
_C23916,-0.0
_C23917,-0.0
_C23918,-0.0
_C23919,-0.0
_C23920,-0.0
_C23921,-0.0
_C23922,-1.0
_C23923,-1.0
_C23924,-0.0
_C23925,-0.0
_C23926,-0.0
_C23927,-0.0
_C23928,-0.0
_C23929,-0.0
_C23930,-0.0
_C23931,-0.0
_C23932,-0.0
_C23933,-0.0
_C23934,-0.0
_C23935,-0.0
_C23936,-1.0
_C23937,-1.0
_C23938,-0.0
_C23939,-0.0
_C23940,-0.0
_C23941,-0.0
_C23942,-0.0
_C23943,-0.0
_C23944,-0.0
_C23945,-0.0
_C23946,-0.0
_C23947,-0.0
_C23948,-0.0
_C23949,-0.0
_C23950,-1.0
_C23951,-1.0
_C23952,-0.0
_C23953,-0.0
_C23954,-0.0
_C23955,-0.0
_C23956,-0.0
_C23957,-0.0
_C23958,-0.0
_C23959,-0.0
_C23960,-0.0
_C23961,-0.0
_C23962,-0.0
_C23963,-0.0
_C23964,-1.0
_C23965,-1.0
_C23966,-0.0
_C23967,-0.0
_C23968,-0.0
_C23969,-0.0
_C23970,-0.0
_C23971,-0.0
_C23972,-0.0
_C23973,-0.0
_C23974,-0.0
_C23975,-0.0
_C23976,-0.0
_C23977,-0.0
_C23978,-1.0
_C23979,-1.0
_C23980,-0.0
_C23981,-0.0
_C23982,-0.0
_C23983,-0.0
_C23984,-0.0
_C23985,-0.0
_C23986,-0.0
_C23987,-0.0
_C23988,-0.0
_C23989,-0.0
_C23990,-0.0
_C23991,-0.0
_C23992,-1.0
_C23993,-1.0
_C23994,-0.0
_C23995,-0.0
_C23996,-0.0
_C23997,-0.0
_C23998,-0.0
_C23999,-0.0
_C24000,-0.0
_C24001,-0.0
_C24002,-0.0
_C24003,-0.0
_C24004,-0.0
_C24005,-0.0
_C24006,-1.0
_C24007,-1.0
_C24008,-0.0
_C24009,-0.0
_C24010,-0.0
_C24011,-0.0
_C24012,-0.0
_C24013,-0.0
_C24014,-0.0
_C24015,-0.0
_C24016,-0.0
_C24017,-0.0
_C24018,-0.0
_C24019,-0.0
_C24020,-1.0
_C24021,-1.0
_C24022,-0.0
_C24023,-0.0
_C24024,-0.0
_C24025,-0.0
_C24026,-0.0
_C24027,-0.0
_C24028,-0.0
_C24029,-0.0
_C24030,-0.0
_C24031,-0.0
_C24032,-0.0
_C24033,-0.0
_C24034,-1.0
_C24035,-1.0
_C24036,-0.0
_C24037,-0.0
_C24038,-0.0
_C24039,-0.0
_C24040,-0.0
_C24041,-0.0
_C24042,-0.0
_C24043,-0.0
_C24044,-0.0
_C24045,-0.0
_C24046,-0.0
_C24047,-0.0
_C24048,-1.0
_C24049,-1.0
_C24050,-0.0
_C24051,-0.0
_C24052,-0.0
_C24053,-0.0
_C24054,-0.0
_C24055,-0.0
_C24056,-0.0
_C24057,-0.0
_C24058,-0.0
_C24059,-0.0
_C24060,-0.0
_C24061,-0.0
_C24062,-1.0
_C24063,-1.0
_C24064,-0.0
_C24065,-0.0
_C24066,-0.0
_C24067,-0.0
_C24068,-0.0
_C24069,-0.0
_C24070,-0.0
_C24071,-0.0
_C24072,-0.0
_C24073,-0.0
_C24074,-0.0
_C24075,-0.0
_C24076,-1.0
_C24077,-1.0
_C24078,-0.0
_C24079,-0.0
_C24080,-0.0
_C24081,-0.0
_C24082,-0.0
_C24083,-0.0
_C24084,-0.0
_C24085,-0.0
_C24086,-0.0
_C24087,-0.0
_C24088,-0.0
_C24089,-0.0
_C24090,-1.0
_C24091,-1.0
_C24092,-0.0
_C24093,-0.0
_C24094,-0.0
_C24095,-0.0
_C24096,-0.0
_C24097,-0.0
_C24098,-0.0
_C24099,-0.0
_C24100,-0.0
_C24101,-0.0
_C24102,-0.0
_C24103,-0.0
_C24104,-1.0
_C24105,-1.0
_C24106,-0.0
_C24107,-0.0
_C24108,-0.0
_C24109,-0.0
_C24110,-0.0
_C24111,-0.0
_C24112,-0.0
_C24113,-0.0
_C24114,-0.0
_C24115,-0.0
_C24116,-0.0
_C24117,-0.0
_C24118,-1.0
_C24119,-1.0
_C24120,-0.0
_C24121,-0.0
_C24122,-0.0
_C24123,-0.0
_C24124,-0.0
_C24125,-0.0
_C24126,-0.0
_C24127,-0.0
_C24128,-0.0
_C24129,-0.0
_C24130,-0.0
_C24131,-0.0
_C24132,-1.0
_C24133,-1.0
_C24134,-0.0
_C24135,-0.0
_C24136,-0.0
_C24137,-0.0
_C24138,-0.0
_C24139,-0.0
_C24140,-0.0
_C24141,-0.0
_C24142,-0.0
_C24143,-0.0
_C24144,-0.0
_C24145,-0.0
_C24146,-1.0
_C24147,-1.0
_C24148,-0.0
_C24149,-0.0
_C24150,-0.0
_C24151,-0.0
_C24152,-0.0
_C24153,-0.0
_C24154,-0.0
_C24155,-0.0
_C24156,-0.0
_C24157,-0.0
_C24158,-0.0
_C24159,-0.0
_C24160,-1.0
_C24161,-1.0
_C24162,-0.0
_C24163,-0.0
_C24164,-0.0
_C24165,-0.0
_C24166,-0.0
_C24167,-0.0
_C24168,-0.0
_C24169,-0.0
_C24170,-0.0
_C24171,-0.0
_C24172,-0.0
_C24173,-0.0
_C24174,-1.0
_C24175,-1.0
_C24176,-0.0
_C24177,-0.0
_C24178,-0.0
_C24179,-0.0
_C24180,-0.0
_C24181,-0.0
_C24182,-0.0
_C24183,-0.0
_C24184,-0.0
_C24185,-0.0
_C24186,-0.0
_C24187,-0.0
_C24188,-1.0
_C24189,-1.0
_C24190,-0.0
_C24191,-0.0
_C24192,-0.0
_C24193,-0.0
_C24194,-0.0
_C24195,-0.0
_C24196,-0.0
_C24197,-0.0
_C24198,-0.0
_C24199,-0.0
_C24200,-0.0
_C24201,-0.0
_C24202,-1.0
_C24203,-1.0
_C24204,-0.0
_C24205,-0.0
_C24206,-0.0
_C24207,-0.0
_C24208,-0.0
_C24209,-0.0
_C24210,-0.0
_C24211,-0.0
_C24212,-0.0
_C24213,-0.0
_C24214,-0.0
_C24215,-0.0
_C24216,-1.0
_C24217,-1.0
_C24218,-0.0
_C24219,-0.0
_C24220,-0.0
_C24221,-0.0
_C24222,-0.0
_C24223,-0.0
_C24224,-0.0
_C24225,-0.0
_C24226,-0.0
_C24227,-0.0
_C24228,-0.0
_C24229,-0.0
_C24230,-1.0
_C24231,-1.0
_C24232,-0.0
_C24233,-0.0
_C24234,-0.0
_C24235,-0.0
_C24236,-0.0
_C24237,-0.0
_C24238,-0.0
_C24239,-0.0
_C24240,-0.0
_C24241,-0.0
_C24242,-0.0
_C24243,-0.0
_C24244,-1.0
_C24245,-1.0
_C24246,-0.0
_C24247,-0.0
_C24248,-0.0
_C24249,-0.0
_C24250,-0.0
_C24251,-0.0
_C24252,-0.0
_C24253,-0.0
_C24254,-0.0
_C24255,-0.0
_C24256,-0.0
_C24257,-0.0
_C24258,-1.0
_C24259,-1.0
_C24260,-0.0
_C24261,-0.0
_C24262,-0.0
_C24263,-0.0
_C24264,-0.0
_C24265,-0.0
_C24266,-0.0
_C24267,-0.0
_C24268,-0.0
_C24269,-0.0
_C24270,-0.0
_C24271,-0.0
_C24272,-1.0
_C24273,-1.0
_C24274,-0.0
_C24275,-0.0
_C24276,-0.0
_C24277,-0.0
_C24278,-0.0
_C24279,-0.0
_C24280,-0.0
_C24281,-0.0
_C24282,-0.0
_C24283,-0.0
_C24284,-0.0
_C24285,-0.0
_C24286,-1.0
_C24287,-1.0
_C24288,-0.0
_C24289,-0.0
_C24290,-0.0
_C24291,-0.0
_C24292,-0.0
_C24293,-0.0
_C24294,-0.0
_C24295,-0.0
_C24296,-0.0
_C24297,-0.0
_C24298,-0.0
_C24299,-0.0
_C24300,-1.0
_C24301,-1.0
_C24302,-0.0
_C24303,-0.0
_C24304,-0.0
_C24305,-0.0
_C24306,-0.0
_C24307,-0.0
_C24308,-0.0
_C24309,-0.0
_C24310,-0.0
_C24311,-0.0
_C24312,-0.0
_C24313,-0.0
_C24314,-1.0
_C24315,-1.0
_C24316,-0.0
_C24317,-0.0
_C24318,-0.0
_C24319,-0.0
_C24320,-0.0
_C24321,-0.0
_C24322,-0.0
_C24323,-0.0
_C24324,-0.0
_C24325,-0.0
_C24326,-0.0
_C24327,-0.0
_C24328,-1.0
_C24329,-1.0
_C24330,-0.0
_C24331,-0.0
_C24332,-0.0
_C24333,-0.0
_C24334,-0.0
_C24335,-0.0
_C24336,-0.0
_C24337,-0.0
_C24338,-0.0
_C24339,-0.0
_C24340,-0.0
_C24341,-0.0
_C24342,-1.0
_C24343,-1.0
_C24344,-0.0
_C24345,-0.0
_C24346,-0.0
_C24347,-0.0
_C24348,-0.0
_C24349,-0.0
_C24350,-0.0
_C24351,-0.0
_C24352,-0.0
_C24353,-0.0
_C24354,-0.0
_C24355,-0.0
_C24356,-1.0
_C24357,-1.0
_C24358,-0.0
_C24359,-0.0
_C24360,-0.0
_C24361,-0.0
_C24362,-0.0
_C24363,-0.0
_C24364,-0.0
_C24365,-0.0
_C24366,-0.0
_C24367,-0.0
_C24368,-0.0
_C24369,-0.0
_C24370,-1.0
_C24371,-1.0
_C24372,-0.0
_C24373,-0.0
_C24374,-0.0
_C24375,-0.0
_C24376,-0.0
_C24377,-0.0
_C24378,-0.0
_C24379,-0.0
_C24380,-0.0
_C24381,-0.0
_C24382,-0.0
_C24383,-0.0
_C24384,-1.0
_C24385,-1.0
_C24386,-0.0
_C24387,-0.0
_C24388,-0.0
_C24389,-0.0
_C24390,-0.0
_C24391,-0.0
_C24392,-0.0
_C24393,-0.0
_C24394,-0.0
_C24395,-0.0
_C24396,-0.0
_C24397,-0.0
_C24398,-1.0
_C24399,-1.0
_C24400,-0.0
_C24401,-0.0
_C24402,-0.0
_C24403,-0.0
_C24404,-0.0
_C24405,-0.0
_C24406,-0.0
_C24407,-0.0
_C24408,-0.0
_C24409,-0.0
_C24410,-0.0
_C24411,-0.0
_C24412,-1.0
_C24413,-1.0
_C24414,-0.0
_C24415,-0.0
_C24416,-0.0
_C24417,-0.0
_C24418,-0.0
_C24419,-0.0
_C24420,-0.0
_C24421,-0.0
_C24422,-0.0
_C24423,-0.0
_C24424,-0.0
_C24425,-0.0
_C24426,-1.0
_C24427,-1.0
_C24428,-0.0
_C24429,-0.0
_C24430,-0.0
_C24431,-0.0
_C24432,-0.0
_C24433,-0.0
_C24434,-0.0
_C24435,-0.0
_C24436,-0.0
_C24437,-0.0
_C24438,-0.0
_C24439,-0.0
_C24440,-1.0
_C24441,-1.0
_C24442,-0.0
_C24443,-0.0
_C24444,-0.0
_C24445,-0.0
_C24446,-0.0
_C24447,-0.0
_C24448,-0.0
_C24449,-0.0
_C24450,-0.0
_C24451,-0.0
_C24452,-0.0
_C24453,-0.0
_C24454,-1.0
_C24455,-1.0
_C24456,-0.0
_C24457,-0.0
_C24458,-0.0
_C24459,-0.0
_C24460,-0.0
_C24461,-0.0
_C24462,-0.0
_C24463,-0.0
_C24464,-0.0
_C24465,-0.0
_C24466,-0.0
_C24467,-0.0
_C24468,-1.0
_C24469,-1.0
_C24470,-0.0
_C24471,-0.0
_C24472,-0.0
_C24473,-0.0
_C24474,-0.0
_C24475,-0.0
_C24476,-0.0
_C24477,-0.0
_C24478,-0.0
_C24479,-0.0
_C24480,-0.0
_C24481,-0.0
_C24482,-1.0
_C24483,-1.0
_C24484,-0.0
_C24485,-0.0
_C24486,-0.0
_C24487,-0.0
_C24488,-0.0
_C24489,-0.0
_C24490,-0.0
_C24491,-0.0
_C24492,-0.0
_C24493,-0.0
_C24494,-0.0
_C24495,-0.0
_C24496,-1.0
_C24497,-1.0
_C24498,-0.0
_C24499,-0.0
_C24500,-0.0
_C24501,-0.0
_C24502,-0.0
_C24503,-0.0
_C24504,-0.0
_C24505,-0.0
_C24506,-0.0
_C24507,-0.0
_C24508,-0.0
_C24509,-0.0
_C24510,-1.0
_C24511,-1.0
_C24512,-0.0
_C24513,-0.0
_C24514,-0.0
_C24515,-0.0
_C24516,-0.0
_C24517,-0.0
_C24518,-0.0
_C24519,-0.0
_C24520,-0.0
_C24521,-0.0
_C24522,-0.0
_C24523,-0.0
_C24524,-1.0
_C24525,-1.0
_C24526,-0.0
_C24527,-0.0
_C24528,-0.0
_C24529,-0.0
_C24530,-0.0
_C24531,-0.0
_C24532,-0.0
_C24533,-0.0
_C24534,-0.0
_C24535,-0.0
_C24536,-0.0
_C24537,-0.0
_C24538,-1.0
_C24539,-1.0
_C24540,-0.0
_C24541,-0.0
_C24542,-0.0
_C24543,-0.0
_C24544,-0.0
_C24545,-0.0
_C24546,-0.0
_C24547,-0.0
_C24548,-0.0
_C24549,-0.0
_C24550,-0.0
_C24551,-0.0
_C24552,-1.0
_C24553,-1.0
_C24554,-0.0
_C24555,-0.0
_C24556,-0.0
_C24557,-0.0
_C24558,-0.0
_C24559,-0.0
_C24560,-0.0
_C24561,-0.0
_C24562,-0.0
_C24563,-0.0
_C24564,-0.0
_C24565,-0.0
_C24566,-1.0
_C24567,-1.0
_C24568,-0.0
_C24569,-0.0
_C24570,-0.0
_C24571,-0.0
_C24572,-0.0
_C24573,-0.0
_C24574,-0.0
_C24575,-0.0
_C24576,-0.0
_C24577,-0.0
_C24578,-0.0
_C24579,-0.0
_C24580,-1.0
_C24581,-1.0
_C24582,-0.0
_C24583,-0.0
_C24584,-0.0
_C24585,-0.0
_C24586,-0.0
_C24587,-0.0
_C24588,-0.0
_C24589,-0.0
_C24590,-0.0
_C24591,-0.0
_C24592,-0.0
_C24593,-0.0
_C24594,-1.0
_C24595,-1.0
_C24596,-0.0
_C24597,-0.0
_C24598,-0.0
_C24599,-0.0
_C24600,-0.0
_C24601,-0.0
_C24602,-0.0
_C24603,-0.0
_C24604,-0.0
_C24605,-0.0
_C24606,-0.0
_C24607,-0.0
_C24608,-1.0
_C24609,-1.0
_C24610,-0.0
_C24611,-0.0
_C24612,-0.0
_C24613,-0.0
_C24614,-0.0
_C24615,-0.0
_C24616,-0.0
_C24617,-0.0
_C24618,-0.0
_C24619,-0.0
_C24620,-0.0
_C24621,-0.0
_C24622,-1.0
_C24623,-1.0
_C24624,-0.0
_C24625,-0.0
_C24626,-0.0
_C24627,-0.0
_C24628,-0.0
_C24629,-0.0
_C24630,-0.0
_C24631,-0.0
_C24632,-0.0
_C24633,-0.0
_C24634,-0.0
_C24635,-0.0
_C24636,-1.0
_C24637,-1.0
_C24638,-0.0
_C24639,-0.0
_C24640,-0.0
_C24641,-0.0
_C24642,-0.0
_C24643,-0.0
_C24644,-0.0
_C24645,-0.0
_C24646,-0.0
_C24647,-0.0
_C24648,-0.0
_C24649,-0.0
_C24650,-1.0
_C24651,-1.0
_C24652,-0.0
_C24653,-0.0
_C24654,-0.0
_C24655,-0.0
_C24656,-0.0
_C24657,-0.0
_C24658,-0.0
_C24659,-0.0
_C24660,-0.0
_C24661,-0.0
_C24662,-0.0
_C24663,-0.0
_C24664,-1.0
_C24665,-1.0
_C24666,-0.0
_C24667,-0.0
_C24668,-0.0
_C24669,-0.0
_C24670,-0.0
_C24671,-0.0
_C24672,-0.0
_C24673,-0.0
_C24674,-0.0
_C24675,-0.0
_C24676,-0.0
_C24677,-0.0
_C24678,-1.0
_C24679,-1.0
_C24680,-0.0
_C24681,-0.0
_C24682,-0.0
_C24683,-0.0
_C24684,-0.0
_C24685,-0.0
_C24686,-0.0
_C24687,-0.0
_C24688,-0.0
_C24689,-0.0
_C24690,-0.0
_C24691,-0.0
_C24692,-1.0
_C24693,-1.0
_C24694,-0.0
_C24695,-0.0
_C24696,-0.0
_C24697,-0.0
_C24698,-0.0
_C24699,-0.0
_C24700,-0.0
_C24701,-0.0
_C24702,-0.0
_C24703,-0.0
_C24704,-0.0
_C24705,-0.0
_C24706,-1.0
_C24707,-1.0
_C24708,-0.0
_C24709,-0.0
_C24710,-0.0
_C24711,-0.0
_C24712,-0.0
_C24713,-0.0
_C24714,-0.0
_C24715,-0.0
_C24716,-0.0
_C24717,-0.0
_C24718,-0.0
_C24719,-0.0
_C24720,-1.0
_C24721,-1.0
_C24722,-0.0
_C24723,-0.0
_C24724,-0.0
_C24725,-0.0
_C24726,-0.0
_C24727,-0.0
_C24728,-0.0
_C24729,-0.0
_C24730,-0.0
_C24731,-0.0
_C24732,-0.0
_C24733,-0.0
_C24734,-1.0
_C24735,-1.0
_C24736,-0.0
_C24737,-0.0
_C24738,-0.0
_C24739,-0.0
_C24740,-0.0
_C24741,-0.0
_C24742,-0.0
_C24743,-0.0
_C24744,-0.0
_C24745,-0.0
_C24746,-0.0
_C24747,-0.0
_C24748,-1.0
_C24749,-1.0
_C24750,-0.0
_C24751,-0.0
_C24752,-0.0
_C24753,-0.0
_C24754,-0.0
_C24755,-0.0
_C24756,-0.0
_C24757,-0.0
_C24758,-0.0
_C24759,-0.0
_C24760,-0.0
_C24761,-0.0
_C24762,-1.0
_C24763,-1.0
_C24764,-0.0
_C24765,-0.0
_C24766,-0.0
_C24767,-0.0
_C24768,-0.0
_C24769,-0.0
_C24770,-0.0
_C24771,-0.0
_C24772,-0.0
_C24773,-0.0
_C24774,-0.0
_C24775,-0.0
_C24776,-1.0
_C24777,-1.0
_C24778,-0.0
_C24779,-0.0
_C24780,-0.0
_C24781,-0.0
_C24782,-0.0
_C24783,-0.0
_C24784,-0.0
_C24785,-0.0
_C24786,-0.0
_C24787,-0.0
_C24788,-0.0
_C24789,-0.0
_C24790,-1.0
_C24791,-1.0
_C24792,-0.0
_C24793,-0.0
_C24794,-0.0
_C24795,-0.0
_C24796,-0.0
_C24797,-0.0
_C24798,-0.0
_C24799,-0.0
_C24800,-0.0
_C24801,-0.0
_C24802,-0.0
_C24803,-0.0
_C24804,-1.0
_C24805,-1.0
_C24806,-0.0
_C24807,-0.0
_C24808,-0.0
_C24809,-0.0
_C24810,-0.0
_C24811,-0.0
_C24812,-0.0
_C24813,-0.0
_C24814,-0.0
_C24815,-0.0
_C24816,-0.0
_C24817,-0.0
_C24818,-1.0
_C24819,-1.0
_C24820,-0.0
_C24821,-0.0
_C24822,-0.0
_C24823,-0.0
_C24824,-0.0
_C24825,-0.0
_C24826,-0.0
_C24827,-0.0
_C24828,-0.0
_C24829,-0.0
_C24830,-0.0
_C24831,-0.0
_C24832,-1.0
_C24833,-1.0
_C24834,-0.0
_C24835,-0.0
_C24836,-0.0
_C24837,-0.0
_C24838,-0.0
_C24839,-0.0
_C24840,-0.0
_C24841,-0.0
_C24842,-0.0
_C24843,-0.0
_C24844,-0.0
_C24845,-0.0
_C24846,-1.0
_C24847,-1.0
_C24848,-0.0
_C24849,-0.0
_C24850,-0.0
_C24851,-0.0
_C24852,-0.0
_C24853,-0.0
_C24854,-0.0
_C24855,-0.0
_C24856,-0.0
_C24857,-0.0
_C24858,-0.0
_C24859,-0.0
_C24860,-1.0
_C24861,-1.0
_C24862,-0.0
_C24863,-0.0
_C24864,-0.0
_C24865,-0.0
_C24866,-0.0
_C24867,-0.0
_C24868,-0.0
_C24869,-0.0
_C24870,-0.0
_C24871,-0.0
_C24872,-0.0
_C24873,-0.0
_C24874,-1.0
_C24875,-1.0
_C24876,-0.0
_C24877,-0.0
_C24878,-0.0
_C24879,-0.0
_C24880,-0.0
_C24881,-0.0
_C24882,-0.0
_C24883,-0.0
_C24884,-0.0
_C24885,-0.0
_C24886,-0.0
_C24887,-0.0
_C24888,-1.0
_C24889,-1.0
_C24890,-0.0
_C24891,-0.0
_C24892,-0.0
_C24893,-0.0
_C24894,-0.0
_C24895,-0.0
_C24896,-0.0
_C24897,-0.0
_C24898,-0.0
_C24899,-0.0
_C24900,-0.0
_C24901,-0.0
_C24902,-1.0
_C24903,-1.0
_C24904,-0.0
_C24905,-0.0
_C24906,-0.0
_C24907,-0.0
_C24908,-0.0
_C24909,-0.0
_C24910,-0.0
_C24911,-0.0
_C24912,-0.0
_C24913,-0.0
_C24914,-0.0
_C24915,-0.0
_C24916,-1.0
_C24917,-1.0
_C24918,-0.0
_C24919,-0.0
_C24920,-0.0
_C24921,-0.0
_C24922,-0.0
_C24923,-0.0
_C24924,-0.0
_C24925,-0.0
_C24926,-0.0
_C24927,-0.0
_C24928,-0.0
_C24929,-0.0
_C24930,-1.0
_C24931,-1.0
_C24932,-0.0
_C24933,-0.0
_C24934,-0.0
_C24935,-0.0
_C24936,-0.0
_C24937,-0.0
_C24938,-0.0
_C24939,-0.0
_C24940,-0.0
_C24941,-0.0
_C24942,-0.0
_C24943,-0.0
_C24944,-1.0
_C24945,-1.0
_C24946,-0.0
_C24947,-0.0
_C24948,-0.0
_C24949,-0.0
_C24950,-0.0
_C24951,-0.0
_C24952,-0.0
_C24953,-0.0
_C24954,-0.0
_C24955,-0.0
_C24956,-0.0
_C24957,-0.0
_C24958,-1.0
_C24959,-1.0
_C24960,-0.0
_C24961,-0.0
_C24962,-0.0
_C24963,-0.0
_C24964,-0.0
_C24965,-0.0
_C24966,-0.0
_C24967,-0.0
_C24968,-0.0
_C24969,-0.0
_C24970,-0.0
_C24971,-0.0
_C24972,-1.0
_C24973,-1.0
_C24974,-0.0
_C24975,-0.0
_C24976,-0.0
_C24977,-0.0
_C24978,-0.0
_C24979,-0.0
_C24980,-0.0
_C24981,-0.0
_C24982,-0.0
_C24983,-0.0
_C24984,-0.0
_C24985,-0.0
_C24986,-1.0
_C24987,-1.0
_C24988,-0.0
_C24989,-0.0
_C24990,-0.0
_C24991,-0.0
_C24992,-0.0
_C24993,-0.0
_C24994,-0.0
_C24995,-0.0
_C24996,-0.0
_C24997,-0.0
_C24998,-0.0
_C24999,-0.0
_C25000,-1.0
_C25001,-1.0
_C25002,-0.0
_C25003,-0.0
_C25004,-0.0
_C25005,-0.0
_C25006,-0.0
_C25007,-0.0
_C25008,-0.0
_C25009,-0.0
_C25010,-0.0
_C25011,-0.0
_C25012,-0.0
_C25013,-0.0
_C25014,-1.0
_C25015,-1.0
_C25016,-0.0
_C25017,-0.0
_C25018,-0.0
_C25019,-0.0
_C25020,-0.0
_C25021,-0.0
_C25022,-0.0
_C25023,-0.0
_C25024,-0.0
_C25025,-0.0
_C25026,-0.0
_C25027,-0.0
_C25028,-1.0
_C25029,-1.0
_C25030,-0.0
_C25031,-0.0
_C25032,-0.0
_C25033,-0.0
_C25034,-0.0
_C25035,-0.0
_C25036,-0.0
_C25037,-0.0
_C25038,-0.0
_C25039,-0.0
_C25040,-0.0
_C25041,-0.0
_C25042,-1.0
_C25043,-1.0
_C25044,-0.0
_C25045,-0.0
_C25046,-0.0
_C25047,-0.0
_C25048,-0.0
_C25049,-0.0
_C25050,-0.0
_C25051,-0.0
_C25052,-0.0
_C25053,-0.0
_C25054,-0.0
_C25055,-0.0
_C25056,-1.0
_C25057,-1.0
_C25058,-0.0
_C25059,-0.0
_C25060,-0.0
_C25061,-0.0
_C25062,-0.0
_C25063,-0.0
_C25064,-0.0
_C25065,-0.0
_C25066,-0.0
_C25067,-0.0
_C25068,-0.0
_C25069,-0.0
_C25070,-1.0
_C25071,-1.0
_C25072,-0.0
_C25073,-0.0
_C25074,-0.0
_C25075,-0.0
_C25076,-0.0
_C25077,-0.0
_C25078,-0.0
_C25079,-0.0
_C25080,-0.0
_C25081,-0.0
_C25082,-0.0
_C25083,-0.0
_C25084,-1.0
_C25085,-1.0
_C25086,-0.0
_C25087,-0.0
_C25088,-0.0
_C25089,-0.0
_C25090,-0.0
_C25091,-0.0
_C25092,-0.0
_C25093,-0.0
_C25094,-0.0
_C25095,-0.0
_C25096,-0.0
_C25097,-0.0
_C25098,-1.0
_C25099,-1.0
_C25100,-0.0
_C25101,-0.0
_C25102,-0.0
_C25103,-0.0
_C25104,-0.0
_C25105,-0.0
_C25106,-0.0
_C25107,-0.0
_C25108,-0.0
_C25109,-0.0
_C25110,-0.0
_C25111,-0.0
_C25112,-1.0
_C25113,-1.0
_C25114,-0.0
_C25115,-0.0
_C25116,-0.0
_C25117,-0.0
_C25118,-0.0
_C25119,-0.0
_C25120,-0.0
_C25121,-0.0
_C25122,-0.0
_C25123,-0.0
_C25124,-0.0
_C25125,-0.0
_C25126,-1.0
_C25127,-1.0
_C25128,-0.0
_C25129,-0.0
_C25130,-0.0
_C25131,-0.0
_C25132,-0.0
_C25133,-0.0
_C25134,-0.0
_C25135,-0.0
_C25136,-0.0
_C25137,-0.0
_C25138,-0.0
_C25139,-0.0
_C25140,-1.0
_C25141,-1.0
_C25142,-0.0
_C25143,-0.0
_C25144,-0.0
_C25145,-0.0
_C25146,-0.0
_C25147,-0.0
_C25148,-0.0
_C25149,-0.0
_C25150,-0.0
_C25151,-0.0
_C25152,-0.0
_C25153,-0.0
_C25154,-1.0
_C25155,-1.0
_C25156,-0.0
_C25157,-0.0
_C25158,-0.0
_C25159,-0.0
_C25160,-0.0
_C25161,-0.0
_C25162,-0.0
_C25163,-0.0
_C25164,-0.0
_C25165,-0.0
_C25166,-0.0
_C25167,-0.0
_C25168,-1.0
_C25169,-1.0
_C25170,-0.0
_C25171,-0.0
_C25172,-0.0
_C25173,-0.0
_C25174,-0.0
_C25175,-0.0
_C25176,-0.0
_C25177,-0.0
_C25178,-0.0
_C25179,-0.0
_C25180,-0.0
_C25181,-0.0
_C25182,-1.0
_C25183,-1.0
_C25184,-0.0
_C25185,-0.0
_C25186,-0.0
_C25187,-0.0
_C25188,-0.0
_C25189,-0.0
_C25190,-0.0
_C25191,-0.0
_C25192,-0.0
_C25193,-0.0
_C25194,-0.0
_C25195,-0.0
_C25196,-1.0
_C25197,-1.0
_C25198,-0.0
_C25199,-0.0
_C25200,-0.0
_C25201,-0.0
_C25202,-0.0
_C25203,-0.0
_C25204,-0.0
_C25205,-0.0
_C25206,-0.0
_C25207,-0.0
_C25208,-0.0
_C25209,-0.0
_C25210,-1.0
_C25211,-1.0
_C25212,-0.0
_C25213,-0.0
_C25214,-0.0
_C25215,-0.0
_C25216,-0.0
_C25217,-0.0
_C25218,-0.0
_C25219,-0.0
_C25220,-0.0
_C25221,-0.0
_C25222,-0.0
_C25223,-0.0
_C25224,-1.0
_C25225,-1.0
_C25226,-0.0
_C25227,-0.0
_C25228,-0.0
_C25229,-0.0
_C25230,-0.0
_C25231,-0.0
_C25232,-0.0
_C25233,-0.0
_C25234,-0.0
_C25235,-0.0
_C25236,-0.0
_C25237,-0.0
_C25238,-1.0
_C25239,-1.0
_C25240,-0.0
_C25241,-0.0
_C25242,-0.0
_C25243,-0.0
_C25244,-0.0
_C25245,-0.0
_C25246,-0.0
_C25247,-0.0
_C25248,-0.0
_C25249,-0.0
_C25250,-0.0
_C25251,-0.0
_C25252,-1.0
_C25253,-1.0
_C25254,-0.0
_C25255,-0.0
_C25256,-0.0
_C25257,-0.0
_C25258,-0.0
_C25259,-0.0
_C25260,-0.0
_C25261,-0.0
_C25262,-0.0
_C25263,-0.0
_C25264,-0.0
_C25265,-0.0
_C25266,-1.0
_C25267,-1.0
_C25268,-0.0
_C25269,-0.0
_C25270,-0.0
_C25271,-0.0
_C25272,-0.0
_C25273,-0.0
_C25274,-0.0
_C25275,-0.0
_C25276,-0.0
_C25277,-0.0
_C25278,-0.0
_C25279,-0.0
_C25280,-1.0
_C25281,-1.0
_C25282,-0.0
_C25283,-0.0
_C25284,-0.0
_C25285,-0.0
_C25286,-0.0
_C25287,-0.0
_C25288,-0.0
_C25289,-0.0
_C25290,-0.0
_C25291,-0.0
_C25292,-0.0
_C25293,-0.0
_C25294,-1.0
_C25295,-1.0
_C25296,-0.0
_C25297,-0.0
_C25298,-0.0
_C25299,-0.0
_C25300,-0.0
_C25301,-0.0
_C25302,-0.0
_C25303,-0.0
_C25304,-0.0
_C25305,-0.0
_C25306,-0.0
_C25307,-0.0
_C25308,-1.0
_C25309,-1.0
_C25310,-0.0
_C25311,-0.0
_C25312,-0.0
_C25313,-0.0
_C25314,-0.0
_C25315,-0.0
_C25316,-0.0
_C25317,-0.0
_C25318,-0.0
_C25319,-0.0
_C25320,-0.0
_C25321,-0.0
_C25322,-1.0
_C25323,-1.0
_C25324,-0.0
_C25325,-0.0
_C25326,-0.0
_C25327,-0.0
_C25328,-0.0
_C25329,-0.0
_C25330,-0.0
_C25331,-0.0
_C25332,-0.0
_C25333,-0.0
_C25334,-0.0
_C25335,-0.0
_C25336,-1.0
_C25337,-1.0
_C25338,-0.0
_C25339,-0.0
_C25340,-0.0
_C25341,-0.0
_C25342,-0.0
_C25343,-0.0
_C25344,-0.0
_C25345,-0.0
_C25346,-0.0
_C25347,-0.0
_C25348,-0.0
_C25349,-0.0
_C25350,-1.0
_C25351,-1.0
_C25352,-0.0
_C25353,-0.0
_C25354,-0.0
_C25355,-0.0
_C25356,-0.0
_C25357,-0.0
_C25358,-0.0
_C25359,-0.0
_C25360,-0.0
_C25361,-0.0
_C25362,-0.0
_C25363,-0.0
_C25364,-1.0
_C25365,-1.0
_C25366,-0.0
_C25367,-0.0
_C25368,-0.0
_C25369,-0.0
_C25370,-0.0
_C25371,-0.0
_C25372,-0.0
_C25373,-0.0
_C25374,-0.0
_C25375,-0.0
_C25376,-0.0
_C25377,-0.0
_C25378,-1.0
_C25379,-1.0
_C25380,-0.0
_C25381,-0.0
_C25382,-0.0
_C25383,-0.0
_C25384,-0.0
_C25385,-0.0
_C25386,-0.0
_C25387,-0.0
_C25388,-0.0
_C25389,-0.0
_C25390,-0.0
_C25391,-0.0
_C25392,-1.0
_C25393,-1.0
_C25394,-0.0
_C25395,-0.0
_C25396,-0.0
_C25397,-0.0
_C25398,-0.0
_C25399,-0.0
_C25400,-0.0
_C25401,-0.0
_C25402,-0.0
_C25403,-0.0
_C25404,-0.0
_C25405,-0.0
_C25406,-1.0
_C25407,-1.0
_C25408,-0.0
_C25409,-0.0
_C25410,-0.0
_C25411,-0.0
_C25412,-0.0
_C25413,-0.0
_C25414,-0.0
_C25415,-0.0
_C25416,-0.0
_C25417,-0.0
_C25418,-0.0
_C25419,-0.0
_C25420,-1.0
_C25421,-1.0
_C25422,-0.0
_C25423,-0.0
_C25424,-0.0
_C25425,-0.0
_C25426,-0.0
_C25427,-0.0
_C25428,-0.0
_C25429,-0.0
_C25430,-0.0
_C25431,-0.0
_C25432,-0.0
_C25433,-0.0
_C25434,-1.0
_C25435,-1.0
_C25436,-0.0
_C25437,-0.0
_C25438,-0.0
_C25439,-0.0
_C25440,-0.0
_C25441,-0.0
_C25442,-0.0
_C25443,-0.0
_C25444,-0.0
_C25445,-0.0
_C25446,-0.0
_C25447,-0.0
_C25448,-1.0
_C25449,-1.0
_C25450,-0.0
_C25451,-0.0
_C25452,-0.0
_C25453,-0.0
_C25454,-0.0
_C25455,-0.0
_C25456,-0.0
_C25457,-0.0
_C25458,-0.0
_C25459,-0.0
_C25460,-0.0
_C25461,-0.0
_C25462,-1.0
_C25463,-1.0
_C25464,-0.0
_C25465,-0.0
_C25466,-0.0
_C25467,-0.0
_C25468,-0.0
_C25469,-0.0
_C25470,-0.0
_C25471,-0.0
_C25472,-0.0
_C25473,-0.0
_C25474,-0.0
_C25475,-0.0
_C25476,-1.0
_C25477,-1.0
_C25478,-0.0
_C25479,-0.0
_C25480,-0.0
_C25481,-0.0
_C25482,-0.0
_C25483,-0.0
_C25484,-0.0
_C25485,-0.0
_C25486,-0.0
_C25487,-0.0
_C25488,-0.0
_C25489,-0.0
_C25490,-1.0
_C25491,-1.0
_C25492,-0.0
_C25493,-0.0
_C25494,-0.0
_C25495,-0.0
_C25496,-0.0
_C25497,-0.0
_C25498,-0.0
_C25499,-0.0
_C25500,-0.0
_C25501,-0.0
_C25502,-0.0
_C25503,-0.0
_C25504,-1.0
_C25505,-1.0
_C25506,-0.0
_C25507,-0.0
_C25508,-0.0
_C25509,-0.0
_C25510,-0.0
_C25511,-0.0
_C25512,-0.0
_C25513,-0.0
_C25514,-0.0
_C25515,-0.0
_C25516,-0.0
_C25517,-0.0
_C25518,-1.0
_C25519,-1.0
_C25520,-0.0
_C25521,-0.0
_C25522,-0.0
_C25523,-0.0
_C25524,-0.0
_C25525,-0.0
_C25526,-0.0
_C25527,-0.0
_C25528,-0.0
_C25529,-0.0
_C25530,-0.0
_C25531,-0.0
_C25532,-1.0
_C25533,-1.0
_C25534,-0.0
_C25535,-0.0
_C25536,-0.0
_C25537,-0.0
_C25538,-0.0
_C25539,-0.0
_C25540,-0.0
_C25541,-0.0
_C25542,-0.0
_C25543,-0.0
_C25544,-0.0
_C25545,-0.0
_C25546,-1.0
_C25547,-1.0
_C25548,-0.0
_C25549,-0.0
_C25550,-0.0
_C25551,-0.0
_C25552,-0.0
_C25553,-0.0
_C25554,-0.0
_C25555,-0.0
_C25556,-0.0
_C25557,-0.0
_C25558,-0.0
_C25559,-0.0
_C25560,-1.0
_C25561,-1.0
_C25562,-0.0
_C25563,-0.0
_C25564,-0.0
_C25565,-0.0
_C25566,-0.0
_C25567,-0.0
_C25568,-0.0
_C25569,-0.0
_C25570,-0.0
_C25571,-0.0
_C25572,-0.0
_C25573,-0.0
_C25574,-1.0
_C25575,-1.0
_C25576,-0.0
_C25577,-0.0
_C25578,-0.0
_C25579,-0.0
_C25580,-0.0
_C25581,-0.0
_C25582,-0.0
_C25583,-0.0
_C25584,-0.0
_C25585,-0.0
_C25586,-0.0
_C25587,-0.0
_C25588,-1.0
_C25589,-1.0
_C25590,-0.0
_C25591,-0.0
_C25592,-0.0
_C25593,-0.0
_C25594,-0.0
_C25595,-0.0
_C25596,-0.0
_C25597,-0.0
_C25598,-0.0
_C25599,-0.0
_C25600,-0.0
_C25601,-0.0
_C25602,-1.0
_C25603,-1.0
_C25604,-0.0
_C25605,-0.0
_C25606,-0.0
_C25607,-0.0
_C25608,-0.0
_C25609,-0.0
_C25610,-0.0
_C25611,-0.0
_C25612,-0.0
_C25613,-0.0
_C25614,-0.0
_C25615,-0.0
_C25616,-1.0
_C25617,-1.0
_C25618,-0.0
_C25619,-0.0
_C25620,-0.0
_C25621,-0.0
_C25622,-0.0
_C25623,-0.0
_C25624,-0.0
_C25625,-0.0
_C25626,-0.0
_C25627,-0.0
_C25628,-0.0
_C25629,-0.0
_C25630,-1.0
_C25631,-1.0
_C25632,-0.0
_C25633,-0.0
_C25634,-0.0
_C25635,-0.0
_C25636,-0.0
_C25637,-0.0
_C25638,-0.0
_C25639,-0.0
_C25640,-0.0
_C25641,-0.0
_C25642,-0.0
_C25643,-0.0
_C25644,-1.0
_C25645,-1.0
_C25646,-0.0
_C25647,-0.0
_C25648,-0.0
_C25649,-0.0
_C25650,-0.0
_C25651,-0.0
_C25652,-0.0
_C25653,-0.0
_C25654,-0.0
_C25655,-0.0
_C25656,-0.0
_C25657,-0.0
_C25658,-1.0
_C25659,-1.0
_C25660,-0.0
_C25661,-0.0
_C25662,-0.0
_C25663,-0.0
_C25664,-0.0
_C25665,-0.0
_C25666,-0.0
_C25667,-0.0
_C25668,-0.0
_C25669,-0.0
_C25670,-0.0
_C25671,-0.0
_C25672,-1.0
_C25673,-1.0
_C25674,-0.0
_C25675,-0.0
_C25676,-0.0
_C25677,-0.0
_C25678,-0.0
_C25679,-0.0
_C25680,-0.0
_C25681,-0.0
_C25682,-0.0
_C25683,-0.0
_C25684,-0.0
_C25685,-0.0
_C25686,-1.0
_C25687,-1.0
_C25688,-0.0
_C25689,-0.0
_C25690,-0.0
_C25691,-0.0
_C25692,-0.0
_C25693,-0.0
_C25694,-0.0
_C25695,-0.0
_C25696,-0.0
_C25697,-0.0
_C25698,-0.0
_C25699,-0.0
_C25700,-1.0
_C25701,-1.0
_C25702,-0.0
_C25703,-0.0
_C25704,-0.0
_C25705,-0.0
_C25706,-0.0
_C25707,-0.0
_C25708,-0.0
_C25709,-0.0
_C25710,-0.0
_C25711,-0.0
_C25712,-0.0
_C25713,-0.0
_C25714,-1.0
_C25715,-1.0
_C25716,-0.0
_C25717,-0.0
_C25718,-0.0
_C25719,-0.0
_C25720,-0.0
_C25721,-0.0
_C25722,-0.0
_C25723,-0.0
_C25724,-0.0
_C25725,-0.0
_C25726,-0.0
_C25727,-0.0
_C25728,-1.0
_C25729,-1.0
_C25730,-0.0
_C25731,-0.0
_C25732,-0.0
_C25733,-0.0
_C25734,-0.0
_C25735,-0.0
_C25736,-0.0
_C25737,-0.0
_C25738,-0.0
_C25739,-0.0
_C25740,-0.0
_C25741,-0.0
_C25742,-1.0
_C25743,-1.0
_C25744,-0.0
_C25745,-0.0
_C25746,-0.0
_C25747,-0.0
_C25748,-0.0
_C25749,-0.0
_C25750,-0.0
_C25751,-0.0
_C25752,-0.0
_C25753,-0.0
_C25754,-0.0
_C25755,-0.0
_C25756,-1.0
_C25757,-1.0
_C25758,-0.0
_C25759,-0.0
_C25760,-0.0
_C25761,-0.0
_C25762,-0.0
_C25763,-0.0
_C25764,-0.0
_C25765,-0.0
_C25766,-0.0
_C25767,-0.0
_C25768,-0.0
_C25769,-0.0
_C25770,-1.0
_C25771,-1.0
_C25772,-0.0
_C25773,-0.0
_C25774,-0.0
_C25775,-0.0
_C25776,-0.0
_C25777,-0.0
_C25778,-0.0
_C25779,-0.0
_C25780,-0.0
_C25781,-0.0
_C25782,-0.0
_C25783,-0.0
_C25784,-1.0
_C25785,-1.0
_C25786,-0.0
_C25787,-0.0
_C25788,-0.0
_C25789,-0.0
_C25790,-0.0
_C25791,-0.0
_C25792,-0.0
_C25793,-0.0
_C25794,-0.0
_C25795,-0.0
_C25796,-0.0
_C25797,-0.0
_C25798,-1.0
_C25799,-1.0
_C25800,-0.0
_C25801,-0.0
_C25802,-0.0
_C25803,-0.0
_C25804,-0.0
_C25805,-0.0
_C25806,-0.0
_C25807,-0.0
_C25808,-0.0
_C25809,-0.0
_C25810,-0.0
_C25811,-0.0
_C25812,-1.0
_C25813,-1.0
_C25814,-0.0
_C25815,-0.0
_C25816,-0.0
_C25817,-0.0
_C25818,-0.0
_C25819,-0.0
_C25820,-0.0
_C25821,-0.0
_C25822,-0.0
_C25823,-0.0
_C25824,-0.0
_C25825,-0.0
_C25826,-1.0
_C25827,-1.0
_C25828,-0.0
_C25829,-0.0
_C25830,-0.0
_C25831,-0.0
_C25832,-0.0
_C25833,-0.0
_C25834,-0.0
_C25835,-0.0
_C25836,-0.0
_C25837,-0.0
_C25838,-0.0
_C25839,-0.0
_C25840,-1.0
_C25841,-1.0
_C25842,-0.0
_C25843,-0.0
_C25844,-0.0
_C25845,-0.0
_C25846,-0.0
_C25847,-0.0
_C25848,-0.0
_C25849,-0.0
_C25850,-0.0
_C25851,-0.0
_C25852,-0.0
_C25853,-0.0
_C25854,-1.0
_C25855,-1.0
_C25856,-0.0
_C25857,-0.0
_C25858,-0.0
_C25859,-0.0
_C25860,-0.0
_C25861,-0.0
_C25862,-0.0
_C25863,-0.0
_C25864,-0.0
_C25865,-0.0
_C25866,-0.0
_C25867,-0.0
_C25868,-1.0
_C25869,-1.0
_C25870,-0.0
_C25871,-0.0
_C25872,-0.0
_C25873,-0.0
_C25874,-0.0
_C25875,-0.0
_C25876,-0.0
_C25877,-0.0
_C25878,-0.0
_C25879,-0.0
_C25880,-0.0
_C25881,-0.0
_C25882,-1.0
_C25883,-1.0
_C25884,-0.0
_C25885,-0.0
_C25886,-0.0
_C25887,-0.0
_C25888,-0.0
_C25889,-0.0
_C25890,-0.0
_C25891,-0.0
_C25892,-0.0
_C25893,-0.0
_C25894,-0.0
_C25895,-0.0
_C25896,-1.0
_C25897,-1.0
_C25898,-0.0
_C25899,-0.0
_C25900,-0.0
_C25901,-0.0
_C25902,-0.0
_C25903,-0.0
_C25904,-0.0
_C25905,-0.0
_C25906,-0.0
_C25907,-0.0
_C25908,-0.0
_C25909,-0.0
_C25910,-1.0
_C25911,-1.0
_C25912,-0.0
_C25913,-0.0
_C25914,-0.0
_C25915,-0.0
_C25916,-0.0
_C25917,-0.0
_C25918,-0.0
_C25919,-0.0
_C25920,-0.0
_C25921,-0.0
_C25922,-0.0
_C25923,-0.0
_C25924,-1.0
_C25925,-1.0
_C25926,-0.0
_C25927,-0.0
_C25928,-0.0
_C25929,-0.0
_C25930,-0.0
_C25931,-0.0
_C25932,-0.0
_C25933,-0.0
_C25934,-0.0
_C25935,-0.0
_C25936,-0.0
_C25937,-0.0
_C25938,-1.0
_C25939,-1.0
_C25940,-0.0
_C25941,-0.0
_C25942,-0.0
_C25943,-0.0
_C25944,-0.0
_C25945,-0.0
_C25946,-0.0
_C25947,-0.0
_C25948,-0.0
_C25949,-0.0
_C25950,-0.0
_C25951,-0.0
_C25952,-1.0
_C25953,-1.0
_C25954,-0.0
_C25955,-0.0
_C25956,-0.0
_C25957,-0.0
_C25958,-0.0
_C25959,-0.0
_C25960,-0.0
_C25961,-0.0
_C25962,-0.0
_C25963,-0.0
_C25964,-0.0
_C25965,-0.0
_C25966,-1.0
_C25967,-1.0
_C25968,-0.0
_C25969,-0.0
_C25970,-0.0
_C25971,-0.0
_C25972,-0.0
_C25973,-0.0
_C25974,-0.0
_C25975,-0.0
_C25976,-0.0
_C25977,-0.0
_C25978,-0.0
_C25979,-0.0
_C25980,-1.0
_C25981,-1.0
_C25982,-0.0
_C25983,-0.0
_C25984,-0.0
_C25985,-0.0
_C25986,-0.0
_C25987,-0.0
_C25988,-0.0
_C25989,-0.0
_C25990,-0.0
_C25991,-0.0
_C25992,-0.0
_C25993,-0.0
_C25994,-1.0
_C25995,-1.0
_C25996,-0.0
_C25997,-0.0
_C25998,-0.0
_C25999,-0.0
_C26000,-0.0
_C26001,-0.0
_C26002,-0.0
_C26003,-0.0
_C26004,-0.0
_C26005,-0.0
_C26006,-0.0
_C26007,-0.0
_C26008,-1.0
_C26009,-1.0
_C26010,-0.0
_C26011,-0.0
_C26012,-0.0
_C26013,-0.0
_C26014,-0.0
_C26015,-0.0
_C26016,-0.0
_C26017,-0.0
_C26018,-0.0
_C26019,-0.0
_C26020,-0.0
_C26021,-0.0
_C26022,-1.0
_C26023,-1.0
_C26024,-0.0
_C26025,-0.0
_C26026,-0.0
_C26027,-0.0
_C26028,-0.0
_C26029,-0.0
_C26030,-0.0
_C26031,-0.0
_C26032,-0.0
_C26033,-0.0
_C26034,-0.0
_C26035,-0.0
_C26036,-1.0
_C26037,-1.0
_C26038,-0.0
_C26039,-0.0
_C26040,-0.0
_C26041,-0.0
_C26042,-0.0
_C26043,-0.0
_C26044,-0.0
_C26045,-0.0
_C26046,-0.0
_C26047,-0.0
_C26048,-0.0
_C26049,-0.0
_C26050,-1.0
_C26051,-1.0
_C26052,-0.0
_C26053,-0.0
_C26054,-0.0
_C26055,-0.0
_C26056,-0.0
_C26057,-0.0
_C26058,-0.0
_C26059,-0.0
_C26060,-0.0
_C26061,-0.0
_C26062,-0.0
_C26063,-0.0
_C26064,-1.0
_C26065,-1.0
_C26066,-0.0
_C26067,-0.0
_C26068,-0.0
_C26069,-0.0
_C26070,-0.0
_C26071,-0.0
_C26072,-0.0
_C26073,-0.0
_C26074,-0.0
_C26075,-0.0
_C26076,-0.0
_C26077,-0.0
_C26078,-1.0
_C26079,-1.0
_C26080,-0.0
_C26081,-0.0
_C26082,-0.0
_C26083,-0.0
_C26084,-0.0
_C26085,-0.0
_C26086,-0.0
_C26087,-0.0
_C26088,-0.0
_C26089,-0.0
_C26090,-0.0
_C26091,-0.0
_C26092,-1.0
_C26093,-1.0
_C26094,-0.0
_C26095,-0.0
_C26096,-0.0
_C26097,-0.0
_C26098,-0.0
_C26099,-0.0
_C26100,-0.0
_C26101,-0.0
_C26102,-0.0
_C26103,-0.0
_C26104,-0.0
_C26105,-0.0
_C26106,-1.0
_C26107,-1.0
_C26108,-0.0
_C26109,-0.0
_C26110,-0.0
_C26111,-0.0
_C26112,-0.0
_C26113,-0.0
_C26114,-0.0
_C26115,-0.0
_C26116,-0.0
_C26117,-0.0
_C26118,-0.0
_C26119,-0.0
_C26120,-1.0
_C26121,-1.0
_C26122,-0.0
_C26123,-0.0
_C26124,-0.0
_C26125,-0.0
_C26126,-0.0
_C26127,-0.0
_C26128,-0.0
_C26129,-0.0
_C26130,-0.0
_C26131,-0.0
_C26132,-0.0
_C26133,-0.0
_C26134,-1.0
_C26135,-1.0
_C26136,-0.0
_C26137,-0.0
_C26138,-0.0
_C26139,-0.0
_C26140,-0.0
_C26141,-0.0
_C26142,-0.0
_C26143,-0.0
_C26144,-0.0
_C26145,-0.0
_C26146,-0.0
_C26147,-0.0
_C26148,-1.0
_C26149,-1.0
_C26150,-0.0
_C26151,-0.0
_C26152,-0.0
_C26153,-0.0
_C26154,-0.0
_C26155,-0.0
_C26156,-0.0
_C26157,-0.0
_C26158,-0.0
_C26159,-0.0
_C26160,-0.0
_C26161,-0.0
_C26162,-1.0
_C26163,-1.0
_C26164,-0.0
_C26165,-0.0
_C26166,-0.0
_C26167,-0.0
_C26168,-0.0
_C26169,-0.0
_C26170,-0.0
_C26171,-0.0
_C26172,-0.0
_C26173,-0.0
_C26174,-0.0
_C26175,-0.0
_C26176,-1.0
_C26177,-1.0
_C26178,-0.0
_C26179,-0.0
_C26180,-0.0
_C26181,-0.0
_C26182,-0.0
_C26183,-0.0
_C26184,-0.0
_C26185,-0.0
_C26186,-0.0
_C26187,-0.0
_C26188,-0.0
_C26189,-0.0
_C26190,-1.0
_C26191,-1.0
_C26192,-0.0
_C26193,-0.0
_C26194,-0.0
_C26195,-0.0
_C26196,-0.0
_C26197,-0.0
_C26198,-0.0
_C26199,-0.0
_C26200,-0.0
_C26201,-0.0
_C26202,-0.0
_C26203,-0.0
_C26204,-1.0
_C26205,-1.0
_C26206,-0.0
_C26207,-0.0
_C26208,-0.0
_C26209,-0.0
_C26210,-0.0
_C26211,-0.0
_C26212,-0.0
_C26213,-0.0
_C26214,-0.0
_C26215,-0.0
_C26216,-0.0
_C26217,-0.0
_C26218,-1.0
_C26219,-1.0
_C26220,-0.0
_C26221,-0.0
_C26222,-0.0
_C26223,-0.0
_C26224,-0.0
_C26225,-0.0
_C26226,-0.0
_C26227,-0.0
_C26228,-0.0
_C26229,-0.0
_C26230,-0.0
_C26231,-0.0
_C26232,-1.0
_C26233,-1.0
_C26234,-0.0
_C26235,-0.0
_C26236,-0.0
_C26237,-0.0
_C26238,-0.0
_C26239,-0.0
_C26240,-0.0
_C26241,-0.0
_C26242,-0.0
_C26243,-0.0
_C26244,-0.0
_C26245,-0.0
_C26246,-1.0
_C26247,-1.0
_C26248,-0.0
_C26249,-0.0
_C26250,-0.0
_C26251,-0.0
_C26252,-0.0
_C26253,-0.0
_C26254,-0.0
_C26255,-0.0
_C26256,-0.0
_C26257,-0.0
_C26258,-0.0
_C26259,-0.0
_C26260,-1.0
_C26261,-1.0
_C26262,-0.0
_C26263,-0.0
_C26264,-0.0
_C26265,-0.0
_C26266,-0.0
_C26267,-0.0
_C26268,-0.0
_C26269,-0.0
_C26270,-0.0
_C26271,-0.0
_C26272,-0.0
_C26273,-0.0
_C26274,-1.0
_C26275,-1.0
_C26276,-0.0
_C26277,-0.0
_C26278,-0.0
_C26279,-0.0
_C26280,-0.0
_C26281,-0.0
_C26282,-0.0
_C26283,-0.0
_C26284,-0.0
_C26285,-0.0
_C26286,-0.0
_C26287,-0.0
_C26288,-1.0
_C26289,-1.0
_C26290,-0.0
_C26291,-0.0
_C26292,-0.0
_C26293,-0.0
_C26294,-0.0
_C26295,-0.0
_C26296,-0.0
_C26297,-0.0
_C26298,-0.0
_C26299,-0.0
_C26300,-0.0
_C26301,-0.0
_C26302,-1.0
_C26303,-1.0
_C26304,-0.0
_C26305,-0.0
_C26306,-0.0
_C26307,-0.0
_C26308,-0.0
_C26309,-0.0
_C26310,-0.0
_C26311,-0.0
_C26312,-0.0
_C26313,-0.0
_C26314,-0.0
_C26315,-0.0
_C26316,-1.0
_C26317,-1.0
_C26318,-0.0
_C26319,-0.0
_C26320,-0.0
_C26321,-0.0
_C26322,-0.0
_C26323,-0.0
_C26324,-0.0
_C26325,-0.0
_C26326,-0.0
_C26327,-0.0
_C26328,-0.0
_C26329,-0.0
_C26330,-1.0
_C26331,-1.0
_C26332,-0.0
_C26333,-0.0
_C26334,-0.0
_C26335,-0.0
_C26336,-0.0
_C26337,-0.0
_C26338,-0.0
_C26339,-0.0
_C26340,-0.0
_C26341,-0.0
_C26342,-0.0
_C26343,-0.0
_C26344,-1.0
_C26345,-1.0
_C26346,-0.0
_C26347,-0.0
_C26348,-0.0
_C26349,-0.0
_C26350,-0.0
_C26351,-0.0
_C26352,-0.0
_C26353,-0.0
_C26354,-0.0
_C26355,-0.0
_C26356,-0.0
_C26357,-0.0
_C26358,-1.0
_C26359,-1.0
_C26360,-0.0
_C26361,-0.0
_C26362,-0.0
_C26363,-0.0
_C26364,-0.0
_C26365,-0.0
_C26366,-0.0
_C26367,-0.0
_C26368,-0.0
_C26369,-0.0
_C26370,-0.0
_C26371,-0.0
_C26372,-1.0
_C26373,-1.0
_C26374,-0.0
_C26375,-0.0
_C26376,-0.0
_C26377,-0.0
_C26378,-0.0
_C26379,-0.0
_C26380,-0.0
_C26381,-0.0
_C26382,-0.0
_C26383,-0.0
_C26384,-0.0
_C26385,-0.0
_C26386,-1.0
_C26387,-1.0
_C26388,-0.0
_C26389,-0.0
_C26390,-0.0
_C26391,-0.0
_C26392,-0.0
_C26393,-0.0
_C26394,-0.0
_C26395,-0.0
_C26396,-0.0
_C26397,-0.0
_C26398,-0.0
_C26399,-0.0
_C26400,-1.0
_C26401,-1.0
_C26402,-0.0
_C26403,-0.0
_C26404,-0.0
_C26405,-0.0
_C26406,-0.0
_C26407,-0.0
_C26408,-0.0
_C26409,-0.0
_C26410,-0.0
_C26411,-0.0
_C26412,-0.0
_C26413,-0.0
_C26414,-1.0
_C26415,-1.0
_C26416,-0.0
_C26417,-0.0
_C26418,-0.0
_C26419,-0.0
_C26420,-0.0
_C26421,-0.0
_C26422,-0.0
_C26423,-0.0
_C26424,-0.0
_C26425,-0.0
_C26426,-0.0
_C26427,-0.0
_C26428,-1.0
_C26429,-1.0
_C26430,-0.0
_C26431,-0.0
_C26432,-0.0
_C26433,-0.0
_C26434,-0.0
_C26435,-0.0
_C26436,-0.0
_C26437,-0.0
_C26438,-0.0
_C26439,-0.0
_C26440,-0.0
_C26441,-0.0
_C26442,-1.0
_C26443,-1.0
_C26444,-0.0
_C26445,-0.0
_C26446,-0.0
_C26447,-0.0
_C26448,-0.0
_C26449,-0.0
_C26450,-0.0
_C26451,-0.0
_C26452,-0.0
_C26453,-0.0
_C26454,-0.0
_C26455,-0.0
_C26456,-1.0
_C26457,-1.0
_C26458,-0.0
_C26459,-0.0
_C26460,-0.0
_C26461,-0.0
_C26462,-0.0
_C26463,-0.0
_C26464,-0.0
_C26465,-0.0
_C26466,-0.0
_C26467,-0.0
_C26468,-0.0
_C26469,-0.0
_C26470,-1.0
_C26471,-1.0
_C26472,-0.0
_C26473,-0.0
_C26474,-0.0
_C26475,-0.0
_C26476,-0.0
_C26477,-0.0
_C26478,-0.0
_C26479,-0.0
_C26480,-0.0
_C26481,-0.0
_C26482,-0.0
_C26483,-0.0
_C26484,-1.0
_C26485,-1.0
_C26486,-0.0
_C26487,-0.0
_C26488,-0.0
_C26489,-0.0
_C26490,-0.0
_C26491,-0.0
_C26492,-0.0
_C26493,-0.0
_C26494,-0.0
_C26495,-0.0
_C26496,-0.0
_C26497,-0.0
_C26498,-1.0
_C26499,-1.0
_C26500,-0.0
_C26501,-0.0
_C26502,-0.0
_C26503,-0.0
_C26504,-0.0
_C26505,-0.0
_C26506,-0.0
_C26507,-0.0
_C26508,-0.0
_C26509,-0.0
_C26510,-0.0
_C26511,-0.0
_C26512,-1.0
_C26513,-1.0
_C26514,-0.0
_C26515,-0.0
_C26516,-0.0
_C26517,-0.0
_C26518,-0.0
_C26519,-0.0
_C26520,-0.0
_C26521,-0.0
_C26522,-0.0
_C26523,-0.0
_C26524,-0.0
_C26525,-0.0
_C26526,-1.0
_C26527,-1.0
_C26528,-0.0
_C26529,-0.0
_C26530,-0.0
_C26531,-0.0
_C26532,-0.0
_C26533,-0.0
_C26534,-0.0
_C26535,-0.0
_C26536,-0.0
_C26537,-0.0
_C26538,-0.0
_C26539,-0.0
_C26540,-1.0
_C26541,-1.0
_C26542,-0.0
_C26543,-0.0
_C26544,-0.0
_C26545,-0.0
_C26546,-0.0
_C26547,-0.0
_C26548,-0.0
_C26549,-0.0
_C26550,-0.0
_C26551,-0.0
_C26552,-0.0
_C26553,-0.0
_C26554,-1.0
_C26555,-1.0
_C26556,-0.0
_C26557,-0.0
_C26558,-0.0
_C26559,-0.0
_C26560,-0.0
_C26561,-0.0
_C26562,-0.0
_C26563,-0.0
_C26564,-0.0
_C26565,-0.0
_C26566,-0.0
_C26567,-0.0
_C26568,-1.0
_C26569,-1.0
_C26570,-0.0
_C26571,-0.0
_C26572,-0.0
_C26573,-0.0
_C26574,-0.0
_C26575,-0.0
_C26576,-0.0
_C26577,-0.0
_C26578,-0.0
_C26579,-0.0
_C26580,-0.0
_C26581,-0.0
_C26582,-1.0
_C26583,-1.0
_C26584,-0.0
_C26585,-0.0
_C26586,-0.0
_C26587,-0.0
_C26588,-0.0
_C26589,-0.0
_C26590,-0.0
_C26591,-0.0
_C26592,-0.0
_C26593,-0.0
_C26594,-0.0
_C26595,-0.0
_C26596,-1.0
_C26597,-1.0
_C26598,-0.0
_C26599,-0.0
_C26600,-0.0
_C26601,-0.0
_C26602,-0.0
_C26603,-0.0
_C26604,-0.0
_C26605,-0.0
_C26606,-0.0
_C26607,-0.0
_C26608,-0.0
_C26609,-0.0
_C26610,-1.0
_C26611,-1.0
_C26612,-0.0
_C26613,-0.0
_C26614,-0.0
_C26615,-0.0
_C26616,-0.0
_C26617,-0.0
_C26618,-0.0
_C26619,-0.0
_C26620,-0.0
_C26621,-0.0
_C26622,-0.0
_C26623,-0.0
_C26624,-1.0
_C26625,-1.0
_C26626,-0.0
_C26627,-0.0
_C26628,-0.0
_C26629,-0.0
_C26630,-0.0
_C26631,-0.0
_C26632,-0.0
_C26633,-0.0
_C26634,-0.0
_C26635,-0.0
_C26636,-0.0
_C26637,-0.0
_C26638,-1.0
_C26639,-1.0
_C26640,-0.0
_C26641,-0.0
_C26642,-0.0
_C26643,-0.0
_C26644,-0.0
_C26645,-0.0
_C26646,-0.0
_C26647,-0.0
_C26648,-0.0
_C26649,-0.0
_C26650,-0.0
_C26651,-0.0
_C26652,-1.0
_C26653,-1.0
_C26654,-0.0
_C26655,-0.0
_C26656,-0.0
_C26657,-0.0
_C26658,-0.0
_C26659,-0.0
_C26660,-0.0
_C26661,-0.0
_C26662,-0.0
_C26663,-0.0
_C26664,-0.0
_C26665,-0.0
_C26666,-1.0
_C26667,-1.0
_C26668,-0.0
_C26669,-0.0
_C26670,-0.0
_C26671,-0.0
_C26672,-0.0
_C26673,-0.0
_C26674,-0.0
_C26675,-0.0
_C26676,-0.0
_C26677,-0.0
_C26678,-0.0
_C26679,-0.0
_C26680,-1.0
_C26681,-1.0
_C26682,-0.0
_C26683,-0.0
_C26684,-0.0
_C26685,-0.0
_C26686,-0.0
_C26687,-0.0
_C26688,-0.0
_C26689,-0.0
_C26690,-0.0
_C26691,-0.0
_C26692,-0.0
_C26693,-0.0
_C26694,-1.0
_C26695,-1.0
_C26696,-0.0
_C26697,-0.0
_C26698,-0.0
_C26699,-0.0
_C26700,-0.0
_C26701,-0.0
_C26702,-0.0
_C26703,-0.0
_C26704,-0.0
_C26705,-0.0
_C26706,-0.0
_C26707,-0.0
_C26708,-1.0
_C26709,-1.0
_C26710,-0.0
_C26711,-0.0
_C26712,-0.0
_C26713,-0.0
_C26714,-0.0
_C26715,-0.0
_C26716,-0.0
_C26717,-0.0
_C26718,-0.0
_C26719,-0.0
_C26720,-0.0
_C26721,-0.0
_C26722,-1.0
_C26723,-1.0
_C26724,-0.0
_C26725,-0.0
_C26726,-0.0
_C26727,-0.0
_C26728,-0.0
_C26729,-0.0
_C26730,-0.0
_C26731,-0.0
_C26732,-0.0
_C26733,-0.0
_C26734,-0.0
_C26735,-0.0
_C26736,-1.0
_C26737,-1.0
_C26738,-0.0
_C26739,-0.0
_C26740,-0.0
_C26741,-0.0
_C26742,-0.0
_C26743,-0.0
_C26744,-0.0
_C26745,-0.0
_C26746,-0.0
_C26747,-0.0
_C26748,-0.0
_C26749,-0.0
_C26750,-1.0
_C26751,-1.0
_C26752,-0.0
_C26753,-0.0
_C26754,-0.0
_C26755,-0.0
_C26756,-0.0
_C26757,-0.0
_C26758,-0.0
_C26759,-0.0
_C26760,-0.0
_C26761,-0.0
_C26762,-0.0
_C26763,-0.0
_C26764,-1.0
_C26765,-1.0
_C26766,-0.0
_C26767,-0.0
_C26768,-0.0
_C26769,-0.0
_C26770,-0.0
_C26771,-0.0
_C26772,-0.0
_C26773,-0.0
_C26774,-0.0
_C26775,-0.0
_C26776,-0.0
_C26777,-0.0
_C26778,-1.0
_C26779,-1.0
_C26780,-0.0
_C26781,-0.0
_C26782,-0.0
_C26783,-0.0
_C26784,-0.0
_C26785,-0.0
_C26786,-0.0
_C26787,-0.0
_C26788,-0.0
_C26789,-0.0
_C26790,-0.0
_C26791,-0.0
_C26792,-1.0
_C26793,-1.0
_C26794,-0.0
_C26795,-0.0
_C26796,-0.0
_C26797,-0.0
_C26798,-0.0
_C26799,-0.0
_C26800,-0.0
_C26801,-0.0
_C26802,-0.0
_C26803,-0.0
_C26804,-0.0
_C26805,-0.0
_C26806,-1.0
_C26807,-1.0
_C26808,-0.0
_C26809,-0.0
_C26810,-0.0
_C26811,-0.0
_C26812,-0.0
_C26813,-0.0
_C26814,-0.0
_C26815,-0.0
_C26816,-0.0
_C26817,-0.0
_C26818,-0.0
_C26819,-0.0
_C26820,-1.0
_C26821,-1.0
_C26822,-0.0
_C26823,-0.0
_C26824,-0.0
_C26825,-0.0
_C26826,-0.0
_C26827,-0.0
_C26828,-0.0
_C26829,-0.0
_C26830,-0.0
_C26831,-0.0
_C26832,-0.0
_C26833,-0.0
_C26834,-1.0
_C26835,-1.0
_C26836,-0.0
_C26837,-0.0
_C26838,-0.0
_C26839,-0.0
_C26840,-0.0
_C26841,-0.0
_C26842,-0.0
_C26843,-0.0
_C26844,-0.0
_C26845,-0.0
_C26846,-0.0
_C26847,-0.0
_C26848,-1.0
_C26849,-1.0
_C26850,-0.0
_C26851,-0.0
_C26852,-0.0
_C26853,-0.0
_C26854,-0.0
_C26855,-0.0
_C26856,-0.0
_C26857,-0.0
_C26858,-0.0
_C26859,-0.0
_C26860,-0.0
_C26861,-0.0
_C26862,-1.0
_C26863,-1.0
_C26864,-0.0
_C26865,-0.0
_C26866,-0.0
_C26867,-0.0
_C26868,-0.0
_C26869,-0.0
_C26870,-0.0
_C26871,-0.0
_C26872,-0.0
_C26873,-0.0
_C26874,-0.0
_C26875,-0.0
_C26876,-1.0
_C26877,-1.0
_C26878,-0.0
_C26879,-0.0
_C26880,-0.0
_C26881,-0.0
_C26882,-0.0
_C26883,-0.0
_C26884,-0.0
_C26885,-0.0
_C26886,-0.0
_C26887,-0.0
_C26888,-0.0
_C26889,-0.0
_C26890,-1.0
_C26891,-1.0
_C26892,-0.0
_C26893,-0.0
_C26894,-0.0
_C26895,-0.0
_C26896,-0.0
_C26897,-0.0
_C26898,-0.0
_C26899,-0.0
_C26900,-0.0
_C26901,-0.0
_C26902,-0.0
_C26903,-0.0
_C26904,-1.0
_C26905,-1.0
_C26906,-0.0
_C26907,-0.0
_C26908,-0.0
_C26909,-0.0
_C26910,-0.0
_C26911,-0.0
_C26912,-0.0
_C26913,-0.0
_C26914,-0.0
_C26915,-0.0
_C26916,-0.0
_C26917,-0.0
_C26918,-1.0
_C26919,-1.0
_C26920,-0.0
_C26921,-0.0
_C26922,-0.0
_C26923,-0.0
_C26924,-0.0
_C26925,-0.0
_C26926,-0.0
_C26927,-0.0
_C26928,-0.0
_C26929,-0.0
_C26930,-0.0
_C26931,-0.0
_C26932,-1.0
_C26933,-1.0
_C26934,-0.0
_C26935,-0.0
_C26936,-0.0
_C26937,-0.0
_C26938,-0.0
_C26939,-0.0
_C26940,-0.0
_C26941,-0.0
_C26942,-0.0
_C26943,-0.0
_C26944,-0.0
_C26945,-0.0
_C26946,-1.0
_C26947,-1.0
_C26948,-0.0
_C26949,-0.0
_C26950,-0.0
_C26951,-0.0
_C26952,-0.0
_C26953,-0.0
_C26954,-0.0
_C26955,-0.0
_C26956,-0.0
_C26957,-0.0
_C26958,-0.0
_C26959,-0.0
_C26960,-1.0
_C26961,-1.0
_C26962,-0.0
_C26963,-0.0
_C26964,-0.0
_C26965,-0.0
_C26966,-0.0
_C26967,-0.0
_C26968,-0.0
_C26969,-0.0
_C26970,-0.0
_C26971,-0.0
_C26972,-0.0
_C26973,-0.0
_C26974,-1.0
_C26975,-1.0
_C26976,-0.0
_C26977,-0.0
_C26978,-0.0
_C26979,-0.0
_C26980,-0.0
_C26981,-0.0
_C26982,-0.0
_C26983,-0.0
_C26984,-0.0
_C26985,-0.0
_C26986,-0.0
_C26987,-0.0
_C26988,-1.0
_C26989,-1.0
_C26990,-0.0
_C26991,-0.0
_C26992,-0.0
_C26993,-0.0
_C26994,-0.0
_C26995,-0.0
_C26996,-0.0
_C26997,-0.0
_C26998,-0.0
_C26999,-0.0
_C27000,-0.0
_C27001,-0.0
_C27002,-1.0
_C27003,-1.0
_C27004,-0.0
_C27005,-0.0
_C27006,-0.0
_C27007,-0.0
_C27008,-0.0
_C27009,-0.0
_C27010,-0.0
_C27011,-0.0
_C27012,-0.0
_C27013,-0.0
_C27014,-0.0
_C27015,-0.0
_C27016,-1.0
_C27017,-1.0
_C27018,-0.0
_C27019,-0.0
_C27020,-0.0
_C27021,-0.0
_C27022,-0.0
_C27023,-0.0
_C27024,-0.0
_C27025,-0.0
_C27026,-0.0
_C27027,-0.0
_C27028,-0.0
_C27029,-0.0
_C27030,-1.0
_C27031,-1.0
_C27032,-0.0
_C27033,-0.0
_C27034,-0.0
_C27035,-0.0
_C27036,-0.0
_C27037,-0.0
_C27038,-0.0
_C27039,-0.0
_C27040,-0.0
_C27041,-0.0
_C27042,-0.0
_C27043,-0.0
_C27044,-1.0
_C27045,-1.0
_C27046,-0.0
_C27047,-0.0
_C27048,-0.0
_C27049,-0.0
_C27050,-0.0
_C27051,-0.0
_C27052,-0.0
_C27053,-0.0
_C27054,-0.0
_C27055,-0.0
_C27056,-0.0
_C27057,-0.0
_C27058,-1.0
_C27059,-1.0
_C27060,-0.0
_C27061,-0.0
_C27062,-0.0
_C27063,-0.0
_C27064,-0.0
_C27065,-0.0
_C27066,-0.0
_C27067,-0.0
_C27068,-0.0
_C27069,-0.0
_C27070,-0.0
_C27071,-0.0
_C27072,-1.0
_C27073,-1.0
_C27074,-0.0
_C27075,-0.0
_C27076,-0.0
_C27077,-0.0
_C27078,-0.0
_C27079,-0.0
_C27080,-0.0
_C27081,-0.0
_C27082,-0.0
_C27083,-0.0
_C27084,-0.0
_C27085,-0.0
_C27086,-1.0
_C27087,-1.0
_C27088,-0.0
_C27089,-0.0
_C27090,-0.0
_C27091,-0.0
_C27092,-0.0
_C27093,-0.0
_C27094,-0.0
_C27095,-0.0
_C27096,-0.0
_C27097,-0.0
_C27098,-0.0
_C27099,-0.0
_C27100,-1.0
_C27101,-1.0
_C27102,-0.0
_C27103,-0.0
_C27104,-0.0
_C27105,-0.0
_C27106,-0.0
_C27107,-0.0
_C27108,-0.0
_C27109,-0.0
_C27110,-0.0
_C27111,-0.0
_C27112,-0.0
_C27113,-0.0
_C27114,-1.0
_C27115,-1.0
_C27116,-0.0
_C27117,-0.0
_C27118,-0.0
_C27119,-0.0
_C27120,-0.0
_C27121,-0.0
_C27122,-0.0
_C27123,-0.0
_C27124,-0.0
_C27125,-0.0
_C27126,-0.0
_C27127,-0.0
_C27128,-1.0
_C27129,-1.0
_C27130,-0.0
_C27131,-0.0
_C27132,-0.0
_C27133,-0.0
_C27134,-0.0
_C27135,-0.0
_C27136,-0.0
_C27137,-0.0
_C27138,-0.0
_C27139,-0.0
_C27140,-0.0
_C27141,-0.0
_C27142,-1.0
_C27143,-1.0
_C27144,-0.0
_C27145,-0.0
_C27146,-0.0
_C27147,-0.0
_C27148,-0.0
_C27149,-0.0
_C27150,-0.0
_C27151,-0.0
_C27152,-0.0
_C27153,-0.0
_C27154,-0.0
_C27155,-0.0
_C27156,-1.0
_C27157,-1.0
_C27158,-0.0
_C27159,-0.0
_C27160,-0.0
_C27161,-0.0
_C27162,-0.0
_C27163,-0.0
_C27164,-0.0
_C27165,-0.0
_C27166,-0.0
_C27167,-0.0
_C27168,-0.0
_C27169,-0.0
_C27170,-1.0
_C27171,-1.0
_C27172,-0.0
_C27173,-0.0
_C27174,-0.0
_C27175,-0.0
_C27176,-0.0
_C27177,-0.0
_C27178,-0.0
_C27179,-0.0
_C27180,-0.0
_C27181,-0.0
_C27182,-0.0
_C27183,-0.0
_C27184,-1.0
_C27185,-1.0
_C27186,-0.0
_C27187,-0.0
_C27188,-0.0
_C27189,-0.0
_C27190,-0.0
_C27191,-0.0
_C27192,-0.0
_C27193,-0.0
_C27194,-0.0
_C27195,-0.0
_C27196,-0.0
_C27197,-0.0
_C27198,-1.0
_C27199,-1.0
_C27200,-0.0
_C27201,-0.0
_C27202,-0.0
_C27203,-0.0
_C27204,-0.0
_C27205,-0.0
_C27206,-0.0
_C27207,-0.0
_C27208,-0.0
_C27209,-0.0
_C27210,-0.0
_C27211,-0.0
_C27212,-1.0
_C27213,-1.0
_C27214,-0.0
_C27215,-0.0
_C27216,-0.0
_C27217,-0.0
_C27218,-0.0
_C27219,-0.0
_C27220,-0.0
_C27221,-0.0
_C27222,-0.0
_C27223,-0.0
_C27224,-0.0
_C27225,-0.0
_C27226,-1.0
_C27227,-1.0
_C27228,-0.0
_C27229,-0.0
_C27230,-0.0
_C27231,-0.0
_C27232,-0.0
_C27233,-0.0
_C27234,-0.0
_C27235,-0.0
_C27236,-0.0
_C27237,-0.0
_C27238,-0.0
_C27239,-0.0
_C27240,-1.0
_C27241,-1.0
_C27242,-0.0
_C27243,-0.0
_C27244,-0.0
_C27245,-0.0
_C27246,-0.0
_C27247,-0.0
_C27248,-0.0
_C27249,-0.0
_C27250,-0.0
_C27251,-0.0
_C27252,-0.0
_C27253,-0.0
_C27254,-1.0
_C27255,-1.0
_C27256,-0.0
_C27257,-0.0
_C27258,-0.0
_C27259,-0.0
_C27260,-0.0
_C27261,-0.0
_C27262,-0.0
_C27263,-0.0
_C27264,-0.0
_C27265,-0.0
_C27266,-0.0
_C27267,-0.0
_C27268,-1.0
_C27269,-1.0
_C27270,-0.0
_C27271,-0.0
_C27272,-0.0
_C27273,-0.0
_C27274,-0.0
_C27275,-0.0
_C27276,-0.0
_C27277,-0.0
_C27278,-0.0
_C27279,-0.0
_C27280,-0.0
_C27281,-0.0
_C27282,-1.0
_C27283,-1.0
_C27284,-0.0
_C27285,-0.0
_C27286,-0.0
_C27287,-0.0
_C27288,-0.0
_C27289,-0.0
_C27290,-0.0
_C27291,-0.0
_C27292,-0.0
_C27293,-0.0
_C27294,-0.0
_C27295,-0.0
_C27296,-1.0
_C27297,-1.0
_C27298,-0.0
_C27299,-0.0
_C27300,-0.0
_C27301,-0.0
_C27302,-0.0
_C27303,-0.0
_C27304,-0.0
_C27305,-0.0
_C27306,-0.0
_C27307,-0.0
_C27308,-0.0
_C27309,-0.0
_C27310,-1.0
_C27311,-1.0
_C27312,-0.0
_C27313,-0.0
_C27314,-0.0
_C27315,-0.0
_C27316,-0.0
_C27317,-0.0
_C27318,-0.0
_C27319,-0.0
_C27320,-0.0
_C27321,-0.0
_C27322,-0.0
_C27323,-0.0
_C27324,-1.0
_C27325,-1.0
_C27326,-0.0
_C27327,-0.0
_C27328,-0.0
_C27329,-0.0
_C27330,-0.0
_C27331,-0.0
_C27332,-0.0
_C27333,-0.0
_C27334,-0.0
_C27335,-0.0
_C27336,-0.0
_C27337,-0.0
_C27338,-1.0
_C27339,-1.0
_C27340,-0.0
_C27341,-0.0
_C27342,-0.0
_C27343,-0.0
_C27344,-0.0
_C27345,-0.0
_C27346,-0.0
_C27347,-0.0
_C27348,-0.0
_C27349,-0.0
_C27350,-0.0
_C27351,-0.0
_C27352,-1.0
_C27353,-1.0
_C27354,-0.0
_C27355,-0.0
_C27356,-0.0
_C27357,-0.0
_C27358,-0.0
_C27359,-0.0
_C27360,-0.0
_C27361,-0.0
_C27362,-0.0
_C27363,-0.0
_C27364,-0.0
_C27365,-0.0
_C27366,-1.0
_C27367,-1.0
_C27368,-0.0
_C27369,-0.0
_C27370,-0.0
_C27371,-0.0
_C27372,-0.0
_C27373,-0.0
_C27374,-0.0
_C27375,-0.0
_C27376,-0.0
_C27377,-0.0
_C27378,-0.0
_C27379,-0.0
_C27380,-1.0
_C27381,-1.0
_C27382,-0.0
_C27383,-0.0
_C27384,-0.0
_C27385,-0.0
_C27386,-0.0
_C27387,-0.0
_C27388,-0.0
_C27389,-0.0
_C27390,-0.0
_C27391,-0.0
_C27392,-0.0
_C27393,-0.0
_C27394,-1.0
_C27395,-1.0
_C27396,-0.0
_C27397,-0.0
_C27398,-0.0
_C27399,-0.0
_C27400,-0.0
_C27401,-0.0
_C27402,-0.0
_C27403,-0.0
_C27404,-0.0
_C27405,-0.0
_C27406,-0.0
_C27407,-0.0
_C27408,-1.0
_C27409,-1.0
_C27410,-0.0
_C27411,-0.0
_C27412,-0.0
_C27413,-0.0
_C27414,-0.0
_C27415,-0.0
_C27416,-0.0
_C27417,-0.0
_C27418,-0.0
_C27419,-0.0
_C27420,-0.0
_C27421,-0.0
_C27422,-1.0
_C27423,-1.0
_C27424,-0.0
_C27425,-0.0
_C27426,-0.0
_C27427,-0.0
_C27428,-0.0
_C27429,-0.0
_C27430,-0.0
_C27431,-0.0
_C27432,-0.0
_C27433,-0.0
_C27434,-0.0
_C27435,-0.0
_C27436,-1.0
_C27437,-1.0
_C27438,-0.0
_C27439,-0.0
_C27440,-0.0
_C27441,-0.0
_C27442,-0.0
_C27443,-0.0
_C27444,-0.0
_C27445,-0.0
_C27446,-0.0
_C27447,-0.0
_C27448,-0.0
_C27449,-0.0
_C27450,-1.0
_C27451,-1.0
_C27452,-0.0
_C27453,-0.0
_C27454,-0.0
_C27455,-0.0
_C27456,-0.0
_C27457,-0.0
_C27458,-0.0
_C27459,-0.0
_C27460,-0.0
_C27461,-0.0
_C27462,-0.0
_C27463,-0.0
_C27464,-1.0
_C27465,-1.0
_C27466,-0.0
_C27467,-0.0
_C27468,-0.0
_C27469,-0.0
_C27470,-0.0
_C27471,-0.0
_C27472,-0.0
_C27473,-0.0
_C27474,-0.0
_C27475,-0.0
_C27476,-0.0
_C27477,-0.0
_C27478,-1.0
_C27479,-1.0
_C27480,-0.0
_C27481,-0.0
_C27482,-0.0
_C27483,-0.0
_C27484,-0.0
_C27485,-0.0
_C27486,-0.0
_C27487,-0.0
_C27488,-0.0
_C27489,-0.0
_C27490,-0.0
_C27491,-0.0
_C27492,-1.0
_C27493,-1.0
_C27494,-0.0
_C27495,-0.0
_C27496,-0.0
_C27497,-0.0
_C27498,-0.0
_C27499,-0.0
_C27500,-0.0
_C27501,-0.0
_C27502,-0.0
_C27503,-0.0
_C27504,-0.0
_C27505,-0.0
_C27506,-1.0
_C27507,-1.0
_C27508,-0.0
_C27509,-0.0
_C27510,-0.0
_C27511,-0.0
_C27512,-0.0
_C27513,-0.0
_C27514,-0.0
_C27515,-0.0
_C27516,-0.0
_C27517,-0.0
_C27518,-0.0
_C27519,-0.0
_C27520,-1.0
_C27521,-1.0
_C27522,-0.0
_C27523,-0.0
_C27524,-0.0
_C27525,-0.0
_C27526,-0.0
_C27527,-0.0
_C27528,-0.0
_C27529,-0.0
_C27530,-0.0
_C27531,-0.0
_C27532,-0.0
_C27533,-0.0
_C27534,-1.0
_C27535,-1.0
_C27536,-0.0
_C27537,-0.0
_C27538,-0.0
_C27539,-0.0
_C27540,-0.0
_C27541,-0.0
_C27542,-0.0
_C27543,-0.0
_C27544,-0.0
_C27545,-0.0
_C27546,-0.0
_C27547,-0.0
_C27548,-1.0
_C27549,-1.0
_C27550,-0.0
_C27551,-0.0
_C27552,-0.0
_C27553,-0.0
_C27554,-0.0
_C27555,-0.0
_C27556,-0.0
_C27557,-0.0
_C27558,-0.0
_C27559,-0.0
_C27560,-0.0
_C27561,-0.0
_C27562,-1.0
_C27563,-1.0
_C27564,-0.0
_C27565,-0.0
_C27566,-0.0
_C27567,-0.0
_C27568,-0.0
_C27569,-0.0
_C27570,-0.0
_C27571,-0.0
_C27572,-0.0
_C27573,-0.0
_C27574,-0.0
_C27575,-0.0
_C27576,-1.0
_C27577,-1.0
_C27578,-0.0
_C27579,-0.0
_C27580,-0.0
_C27581,-0.0
_C27582,-0.0
_C27583,-0.0
_C27584,-0.0
_C27585,-0.0
_C27586,-0.0
_C27587,-0.0
_C27588,-0.0
_C27589,-0.0
_C27590,-1.0
_C27591,-1.0
_C27592,-0.0
_C27593,-0.0
_C27594,-0.0
_C27595,-0.0
_C27596,-0.0
_C27597,-0.0
_C27598,-0.0
_C27599,-0.0
_C27600,-0.0
_C27601,-0.0
_C27602,-0.0
_C27603,-0.0
_C27604,-1.0
_C27605,-1.0
_C27606,-0.0
_C27607,-0.0
_C27608,-0.0
_C27609,-0.0
_C27610,-0.0
_C27611,-0.0
_C27612,-0.0
_C27613,-0.0
_C27614,-0.0
_C27615,-0.0
_C27616,-0.0
_C27617,-0.0
_C27618,-1.0
_C27619,-1.0
_C27620,-0.0
_C27621,-0.0
_C27622,-0.0
_C27623,-0.0
_C27624,-0.0
_C27625,-0.0
_C27626,-0.0
_C27627,-0.0
_C27628,-0.0
_C27629,-0.0
_C27630,-0.0
_C27631,-0.0
_C27632,-1.0
_C27633,-1.0
_C27634,-0.0
_C27635,-0.0
_C27636,-0.0
_C27637,-0.0
_C27638,-0.0
_C27639,-0.0
_C27640,-0.0
_C27641,-0.0
_C27642,-0.0
_C27643,-0.0
_C27644,-0.0
_C27645,-0.0
_C27646,-1.0
_C27647,-1.0
_C27648,-0.0
_C27649,-0.0
_C27650,-0.0
_C27651,-0.0
_C27652,-0.0
_C27653,-0.0
_C27654,-0.0
_C27655,-0.0
_C27656,-0.0
_C27657,-0.0
_C27658,-0.0
_C27659,-0.0
_C27660,-1.0
_C27661,-1.0
_C27662,-0.0
_C27663,-0.0
_C27664,-0.0
_C27665,-0.0
_C27666,-0.0
_C27667,-0.0
_C27668,-0.0
_C27669,-0.0
_C27670,-0.0
_C27671,-0.0
_C27672,-0.0
_C27673,-0.0
_C27674,-1.0
_C27675,-1.0
_C27676,-0.0
_C27677,-0.0
_C27678,-0.0
_C27679,-0.0
_C27680,-0.0
_C27681,-0.0
_C27682,-0.0
_C27683,-0.0
_C27684,-0.0
_C27685,-0.0
_C27686,-0.0
_C27687,-0.0
_C27688,-1.0
_C27689,-1.0
_C27690,-0.0
_C27691,-0.0
_C27692,-0.0
_C27693,-0.0
_C27694,-0.0
_C27695,-0.0
_C27696,-0.0
_C27697,-0.0
_C27698,-0.0
_C27699,-0.0
_C27700,-0.0
_C27701,-0.0
_C27702,-1.0
_C27703,-1.0
_C27704,-0.0
_C27705,-0.0
_C27706,-0.0
_C27707,-0.0
_C27708,-0.0
_C27709,-0.0
_C27710,-0.0
_C27711,-0.0
_C27712,-0.0
_C27713,-0.0
_C27714,-0.0
_C27715,-0.0
_C27716,-1.0
_C27717,-1.0
_C27718,-0.0
_C27719,-0.0
_C27720,-0.0
_C27721,-0.0
_C27722,-0.0
_C27723,-0.0
_C27724,-0.0
_C27725,-0.0
_C27726,-0.0
_C27727,-0.0
_C27728,-0.0
_C27729,-0.0
_C27730,-1.0
_C27731,-1.0
_C27732,-0.0
_C27733,-0.0
_C27734,-0.0
_C27735,-0.0
_C27736,-0.0
_C27737,-0.0
_C27738,-0.0
_C27739,-0.0
_C27740,-0.0
_C27741,-0.0
_C27742,-0.0
_C27743,-0.0
_C27744,-1.0
_C27745,-1.0
_C27746,-0.0
_C27747,-0.0
_C27748,-0.0
_C27749,-0.0
_C27750,-0.0
_C27751,-0.0
_C27752,-0.0
_C27753,-0.0
_C27754,-0.0
_C27755,-0.0
_C27756,-0.0
_C27757,-0.0
_C27758,-1.0
_C27759,-1.0
_C27760,-0.0
_C27761,-0.0
_C27762,-0.0
_C27763,-0.0
_C27764,-0.0
_C27765,-0.0
_C27766,-0.0
_C27767,-0.0
_C27768,-0.0
_C27769,-0.0
_C27770,-0.0
_C27771,-0.0
_C27772,-1.0
_C27773,-1.0
_C27774,-0.0
_C27775,-0.0
_C27776,-0.0
_C27777,-0.0
_C27778,-0.0
_C27779,-0.0
_C27780,-0.0
_C27781,-0.0
_C27782,-0.0
_C27783,-0.0
_C27784,-0.0
_C27785,-0.0
_C27786,-1.0
_C27787,-1.0
_C27788,-0.0
_C27789,-0.0
_C27790,-0.0
_C27791,-0.0
_C27792,-0.0
_C27793,-0.0
_C27794,-0.0
_C27795,-0.0
_C27796,-0.0
_C27797,-0.0
_C27798,-0.0
_C27799,-0.0
_C27800,-1.0
_C27801,-1.0
_C27802,-0.0
_C27803,-0.0
_C27804,-0.0
_C27805,-0.0
_C27806,-0.0
_C27807,-0.0
_C27808,-0.0
_C27809,-0.0
_C27810,-0.0
_C27811,-0.0
_C27812,-0.0
_C27813,-0.0
_C27814,-1.0
_C27815,-1.0
_C27816,-0.0
_C27817,-0.0
_C27818,-0.0
_C27819,-0.0
_C27820,-0.0
_C27821,-0.0
_C27822,-0.0
_C27823,-0.0
_C27824,-0.0
_C27825,-0.0
_C27826,-0.0
_C27827,-0.0
_C27828,-1.0
_C27829,-1.0
_C27830,-0.0
_C27831,-0.0
_C27832,-0.0
_C27833,-0.0
_C27834,-0.0
_C27835,-0.0
_C27836,-0.0
_C27837,-0.0
_C27838,-0.0
_C27839,-0.0
_C27840,-0.0
_C27841,-0.0
_C27842,-1.0
_C27843,-1.0
_C27844,-0.0
_C27845,-0.0
_C27846,-0.0
_C27847,-0.0
_C27848,-0.0
_C27849,-0.0
_C27850,-0.0
_C27851,-0.0
_C27852,-0.0
_C27853,-0.0
_C27854,-0.0
_C27855,-0.0
_C27856,-1.0
_C27857,-1.0
_C27858,-0.0
_C27859,-0.0
_C27860,-0.0
_C27861,-0.0
_C27862,-0.0
_C27863,-0.0
_C27864,-0.0
_C27865,-0.0
_C27866,-0.0
_C27867,-0.0
_C27868,-0.0
_C27869,-0.0
_C27870,-1.0
_C27871,-1.0
_C27872,-0.0
_C27873,-0.0
_C27874,-0.0
_C27875,-0.0
_C27876,-0.0
_C27877,-0.0
_C27878,-0.0
_C27879,-0.0
_C27880,-0.0
_C27881,-0.0
_C27882,-0.0
_C27883,-0.0
_C27884,-1.0
_C27885,-1.0
_C27886,-0.0
_C27887,-0.0
_C27888,-0.0
_C27889,-0.0
_C27890,-0.0
_C27891,-0.0
_C27892,-0.0
_C27893,-0.0
_C27894,-0.0
_C27895,-0.0
_C27896,-0.0
_C27897,-0.0
_C27898,-1.0
_C27899,-1.0
_C27900,-0.0
_C27901,-0.0
_C27902,-0.0
_C27903,-0.0
_C27904,-0.0
_C27905,-0.0
_C27906,-0.0
_C27907,-0.0
_C27908,-0.0
_C27909,-0.0
_C27910,-0.0
_C27911,-0.0
_C27912,-1.0
_C27913,-1.0
_C27914,-0.0
_C27915,-0.0
_C27916,-0.0
_C27917,-0.0
_C27918,-0.0
_C27919,-0.0
_C27920,-0.0
_C27921,-0.0
_C27922,-0.0
_C27923,-0.0
_C27924,-0.0
_C27925,-0.0
_C27926,-1.0
_C27927,-1.0
_C27928,-0.0
_C27929,-0.0
_C27930,-0.0
_C27931,-0.0
_C27932,-0.0
_C27933,-0.0
_C27934,-0.0
_C27935,-0.0
_C27936,-0.0
_C27937,-0.0
_C27938,-0.0
_C27939,-0.0
_C27940,-1.0
_C27941,-1.0
_C27942,-0.0
_C27943,-0.0
_C27944,-0.0
_C27945,-0.0
_C27946,-0.0
_C27947,-0.0
_C27948,-0.0
_C27949,-0.0
_C27950,-0.0
_C27951,-0.0
_C27952,-0.0
_C27953,-0.0
_C27954,-1.0
_C27955,-1.0
_C27956,-0.0
_C27957,-0.0
_C27958,-0.0
_C27959,-0.0
_C27960,-0.0
_C27961,-0.0
_C27962,-0.0
_C27963,-0.0
_C27964,-0.0
_C27965,-0.0
_C27966,-0.0
_C27967,-0.0
_C27968,-1.0
_C27969,-1.0
_C27970,-0.0
_C27971,-0.0
_C27972,-0.0
_C27973,-0.0
_C27974,-0.0
_C27975,-0.0
_C27976,-0.0
_C27977,-0.0
_C27978,-0.0
_C27979,-0.0
_C27980,-0.0
_C27981,-0.0
_C27982,-1.0
_C27983,-1.0
_C27984,-0.0
_C27985,-0.0
_C27986,-0.0
_C27987,-0.0
_C27988,-0.0
_C27989,-0.0
_C27990,-0.0
_C27991,-0.0
_C27992,-0.0
_C27993,-0.0
_C27994,-0.0
_C27995,-0.0
_C27996,-1.0
_C27997,-1.0
_C27998,-0.0
_C27999,-0.0
_C28000,-0.0
_C28001,-0.0
_C28002,-0.0
_C28003,-0.0
_C28004,-0.0
_C28005,-0.0
_C28006,-0.0
_C28007,-0.0
_C28008,-0.0
_C28009,-0.0
_C28010,-1.0
_C28011,-1.0
_C28012,-0.0
_C28013,-0.0
_C28014,-0.0
_C28015,-0.0
_C28016,-0.0
_C28017,-0.0
_C28018,-0.0
_C28019,-0.0
_C28020,-0.0
_C28021,-0.0
_C28022,-0.0
_C28023,-0.0
_C28024,-1.0
_C28025,-1.0
_C28026,-0.0
_C28027,-0.0
_C28028,-0.0
_C28029,-0.0
_C28030,-0.0
_C28031,-0.0
_C28032,-0.0
_C28033,-0.0
_C28034,-0.0
_C28035,-0.0
_C28036,-0.0
_C28037,-0.0
_C28038,-1.0
_C28039,-1.0
_C28040,-0.0
_C28041,-0.0
_C28042,-0.0
_C28043,-0.0
_C28044,-0.0
_C28045,-0.0
_C28046,-0.0
_C28047,-0.0
_C28048,-0.0
_C28049,-0.0
_C28050,-0.0
_C28051,-0.0
_C28052,-1.0
_C28053,-1.0
_C28054,-0.0
_C28055,-0.0
_C28056,-0.0
_C28057,-0.0
_C28058,-0.0
_C28059,-0.0
_C28060,-0.0
_C28061,-0.0
_C28062,-0.0
_C28063,-0.0
_C28064,-0.0
_C28065,-0.0
_C28066,-1.0
_C28067,-1.0
_C28068,-0.0
_C28069,-0.0
_C28070,-0.0
_C28071,-0.0
_C28072,-0.0
_C28073,-0.0
_C28074,-0.0
_C28075,-0.0
_C28076,-0.0
_C28077,-0.0
_C28078,-0.0
_C28079,-0.0
_C28080,-1.0
_C28081,-1.0
_C28082,-0.0
_C28083,-0.0
_C28084,-0.0
_C28085,-0.0
_C28086,-0.0
_C28087,-0.0
_C28088,-0.0
_C28089,-0.0
_C28090,-0.0
_C28091,-0.0
_C28092,-0.0
_C28093,-0.0
_C28094,-1.0
_C28095,-1.0
_C28096,-0.0
_C28097,-0.0
_C28098,-0.0
_C28099,-0.0
_C28100,-0.0
_C28101,-0.0
_C28102,-0.0
_C28103,-0.0
_C28104,-0.0
_C28105,-0.0
_C28106,-0.0
_C28107,-0.0
_C28108,-1.0
_C28109,-1.0
_C28110,-0.0
_C28111,-0.0
_C28112,-0.0
_C28113,-0.0
_C28114,-0.0
_C28115,-0.0
_C28116,-0.0
_C28117,-0.0
_C28118,-0.0
_C28119,-0.0
_C28120,-0.0
_C28121,-0.0
_C28122,-1.0
_C28123,-1.0
_C28124,-0.0
_C28125,-0.0
_C28126,-0.0
_C28127,-0.0
_C28128,-0.0
_C28129,-0.0
_C28130,-0.0
_C28131,-0.0
_C28132,-0.0
_C28133,-0.0
_C28134,-0.0
_C28135,-0.0
_C28136,-1.0
_C28137,-1.0
_C28138,-0.0
_C28139,-0.0
_C28140,-0.0
_C28141,-0.0
_C28142,-0.0
_C28143,-0.0
_C28144,-0.0
_C28145,-0.0
_C28146,-0.0
_C28147,-0.0
_C28148,-0.0
_C28149,-0.0
_C28150,-1.0
_C28151,-1.0
_C28152,-0.0
_C28153,-0.0
_C28154,-0.0
_C28155,-0.0
_C28156,-0.0
_C28157,-0.0
_C28158,-0.0
_C28159,-0.0
_C28160,-0.0
_C28161,-0.0
_C28162,-0.0
_C28163,-0.0
_C28164,-1.0
_C28165,-1.0
_C28166,-0.0
_C28167,-0.0
_C28168,-0.0
_C28169,-0.0
_C28170,-0.0
_C28171,-0.0
_C28172,-0.0
_C28173,-0.0
_C28174,-0.0
_C28175,-0.0
_C28176,-0.0
_C28177,-0.0
_C28178,-1.0
_C28179,-1.0
_C28180,-0.0
_C28181,-0.0
_C28182,-0.0
_C28183,-0.0
_C28184,-0.0
_C28185,-0.0
_C28186,-0.0
_C28187,-0.0
_C28188,-0.0
_C28189,-0.0
_C28190,-0.0
_C28191,-0.0
_C28192,-1.0
_C28193,-1.0
_C28194,-0.0
_C28195,-0.0
_C28196,-0.0
_C28197,-0.0
_C28198,-0.0
_C28199,-0.0
_C28200,-0.0
_C28201,-0.0
_C28202,-0.0
_C28203,-0.0
_C28204,-0.0
_C28205,-0.0
_C28206,-1.0
_C28207,-1.0
_C28208,-0.0
_C28209,-0.0
_C28210,-0.0
_C28211,-0.0
_C28212,-0.0
_C28213,-0.0
_C28214,-0.0
_C28215,-0.0
_C28216,-0.0
_C28217,-0.0
_C28218,-0.0
_C28219,-0.0
_C28220,-1.0
_C28221,-1.0
_C28222,-0.0
_C28223,-0.0
_C28224,-0.0
_C28225,-0.0
_C28226,-0.0
_C28227,-0.0
_C28228,-0.0
_C28229,-0.0
_C28230,-0.0
_C28231,-0.0
_C28232,-0.0
_C28233,-0.0
_C28234,-1.0
_C28235,-1.0
_C28236,-0.0
_C28237,-0.0
_C28238,-0.0
_C28239,-0.0
_C28240,-0.0
_C28241,-0.0
_C28242,-0.0
_C28243,-0.0
_C28244,-0.0
_C28245,-0.0
_C28246,-0.0
_C28247,-0.0
_C28248,-1.0
_C28249,-1.0
_C28250,-0.0
_C28251,-0.0
_C28252,-0.0
_C28253,-0.0
_C28254,-0.0
_C28255,-0.0
_C28256,-0.0
_C28257,-0.0
_C28258,-0.0
_C28259,-0.0
_C28260,-0.0
_C28261,-0.0
_C28262,-1.0
_C28263,-1.0
_C28264,-0.0
_C28265,-0.0
_C28266,-0.0
_C28267,-0.0
_C28268,-0.0
_C28269,-0.0
_C28270,-0.0
_C28271,-0.0
_C28272,-0.0
_C28273,-0.0
_C28274,-0.0
_C28275,-0.0
_C28276,-1.0
_C28277,-1.0
_C28278,-0.0
_C28279,-0.0
_C28280,-0.0
_C28281,-0.0
_C28282,-0.0
_C28283,-0.0
_C28284,-0.0
_C28285,-0.0
_C28286,-0.0
_C28287,-0.0
_C28288,-0.0
_C28289,-0.0
_C28290,-1.0
_C28291,-1.0
_C28292,-0.0
_C28293,-0.0
_C28294,-0.0
_C28295,-0.0
_C28296,-0.0
_C28297,-0.0
_C28298,-0.0
_C28299,-0.0
_C28300,-0.0
_C28301,-0.0
_C28302,-0.0
_C28303,-0.0
_C28304,-1.0
_C28305,-1.0
_C28306,-0.0
_C28307,-0.0
_C28308,-0.0
_C28309,-0.0
_C28310,-0.0
_C28311,-0.0
_C28312,-0.0
_C28313,-0.0
_C28314,-0.0
_C28315,-0.0
_C28316,-0.0
_C28317,-0.0
_C28318,-1.0
_C28319,-1.0
_C28320,-0.0
_C28321,-0.0
_C28322,-0.0
_C28323,-0.0
_C28324,-0.0
_C28325,-0.0
_C28326,-0.0
_C28327,-0.0
_C28328,-0.0
_C28329,-0.0
_C28330,-0.0
_C28331,-0.0
_C28332,-1.0
_C28333,-1.0
_C28334,-0.0
_C28335,-0.0
_C28336,-0.0
_C28337,-0.0
_C28338,-0.0
_C28339,-0.0
_C28340,-0.0
_C28341,-0.0
_C28342,-0.0
_C28343,-0.0
_C28344,-0.0
_C28345,-0.0
_C28346,-1.0
_C28347,-1.0
_C28348,-0.0
_C28349,-0.0
_C28350,-0.0
_C28351,-0.0
_C28352,-0.0
_C28353,-0.0
_C28354,-0.0
_C28355,-0.0
_C28356,-0.0
_C28357,-0.0
_C28358,-0.0
_C28359,-0.0
_C28360,-1.0
_C28361,-1.0
_C28362,-0.0
_C28363,-0.0
_C28364,-0.0
_C28365,-0.0
_C28366,-0.0
_C28367,-0.0
_C28368,-0.0
_C28369,-0.0
_C28370,-0.0
_C28371,-0.0
_C28372,-0.0
_C28373,-0.0
_C28374,-1.0
_C28375,-1.0
_C28376,-0.0
_C28377,-0.0
_C28378,-0.0
_C28379,-0.0
_C28380,-0.0
_C28381,-0.0
_C28382,-0.0
_C28383,-0.0
_C28384,-0.0
_C28385,-0.0
_C28386,-0.0
_C28387,-0.0
_C28388,-1.0
_C28389,-1.0
_C28390,-0.0
_C28391,-0.0
_C28392,-0.0
_C28393,-0.0
_C28394,-0.0
_C28395,-0.0
_C28396,-0.0
_C28397,-0.0
_C28398,-0.0
_C28399,-0.0
_C28400,-0.0
_C28401,-0.0
_C28402,-1.0
_C28403,-1.0
_C28404,-0.0
_C28405,-0.0
_C28406,-0.0
_C28407,-0.0
_C28408,-0.0
_C28409,-0.0
_C28410,-0.0
_C28411,-0.0
_C28412,-0.0
_C28413,-0.0
_C28414,-0.0
_C28415,-0.0
_C28416,-1.0
_C28417,-1.0
_C28418,-0.0
_C28419,-0.0
_C28420,-0.0
_C28421,-0.0
_C28422,-0.0
_C28423,-0.0
_C28424,-0.0
_C28425,-0.0
_C28426,-0.0
_C28427,-0.0
_C28428,-0.0
_C28429,-0.0
_C28430,-1.0
_C28431,-1.0
_C28432,-0.0
_C28433,-0.0
_C28434,-0.0
_C28435,-0.0
_C28436,-0.0
_C28437,-0.0
_C28438,-0.0
_C28439,-0.0
_C28440,-0.0
_C28441,-0.0
_C28442,-0.0
_C28443,-0.0
_C28444,-1.0
_C28445,-1.0
_C28446,-0.0
_C28447,-0.0
_C28448,-0.0
_C28449,-0.0
_C28450,-0.0
_C28451,-0.0
_C28452,-0.0
_C28453,-0.0
_C28454,-0.0
_C28455,-0.0
_C28456,-0.0
_C28457,-0.0
_C28458,-1.0
_C28459,-1.0
_C28460,-0.0
_C28461,-0.0
_C28462,-0.0
_C28463,-0.0
_C28464,-0.0
_C28465,-0.0
_C28466,-0.0
_C28467,-0.0
_C28468,-0.0
_C28469,-0.0
_C28470,-0.0
_C28471,-0.0
_C28472,-1.0
_C28473,-1.0
_C28474,-0.0
_C28475,-0.0
_C28476,-0.0
_C28477,-0.0
_C28478,-0.0
_C28479,-0.0
_C28480,-0.0
_C28481,-0.0
_C28482,-0.0
_C28483,-0.0
_C28484,-0.0
_C28485,-0.0
_C28486,-1.0
_C28487,-1.0
_C28488,-0.0
_C28489,-0.0
_C28490,-0.0
_C28491,-0.0
_C28492,-0.0
_C28493,-0.0
_C28494,-0.0
_C28495,-0.0
_C28496,-0.0
_C28497,-0.0
_C28498,-0.0
_C28499,-0.0
_C28500,-1.0
_C28501,-1.0
_C28502,-0.0
_C28503,-0.0
_C28504,-0.0
_C28505,-0.0
_C28506,-0.0
_C28507,-0.0
_C28508,-0.0
_C28509,-0.0
_C28510,-0.0
_C28511,-0.0
_C28512,-0.0
_C28513,-0.0
_C28514,-1.0
_C28515,-1.0
_C28516,-0.0
_C28517,-0.0
_C28518,-0.0
_C28519,-0.0
_C28520,-0.0
_C28521,-0.0
_C28522,-0.0
_C28523,-0.0
_C28524,-0.0
_C28525,-0.0
_C28526,-0.0
_C28527,-0.0
_C28528,-1.0
_C28529,-1.0
_C28530,-0.0
_C28531,-0.0
_C28532,-0.0
_C28533,-0.0
_C28534,-0.0
_C28535,-0.0
_C28536,-0.0
_C28537,-0.0
_C28538,-0.0
_C28539,-0.0
_C28540,-0.0
_C28541,-0.0
_C28542,-1.0
_C28543,-1.0
_C28544,-0.0
_C28545,-0.0
_C28546,-0.0
_C28547,-0.0
_C28548,-0.0
_C28549,-0.0
_C28550,-0.0
_C28551,-0.0
_C28552,-0.0
_C28553,-0.0
_C28554,-0.0
_C28555,-0.0
_C28556,-1.0
_C28557,-1.0
_C28558,-0.0
_C28559,-0.0
_C28560,-0.0
_C28561,-0.0
_C28562,-0.0
_C28563,-0.0
_C28564,-0.0
_C28565,-0.0
_C28566,-0.0
_C28567,-0.0
_C28568,-0.0
_C28569,-0.0
_C28570,-1.0
_C28571,-1.0
_C28572,-0.0
_C28573,-0.0
_C28574,-0.0
_C28575,-0.0
_C28576,-0.0
_C28577,-0.0
_C28578,-0.0
_C28579,-0.0
_C28580,-0.0
_C28581,-0.0
_C28582,-0.0
_C28583,-0.0
_C28584,-1.0
_C28585,-1.0
_C28586,-0.0
_C28587,-0.0
_C28588,-0.0
_C28589,-0.0
_C28590,-0.0
_C28591,-0.0
_C28592,-0.0
_C28593,-0.0
_C28594,-0.0
_C28595,-0.0
_C28596,-0.0
_C28597,-0.0
_C28598,-1.0
_C28599,-1.0
_C28600,-0.0
_C28601,-0.0
_C28602,-0.0
_C28603,-0.0
_C28604,-0.0
_C28605,-0.0
_C28606,-0.0
_C28607,-0.0
_C28608,-0.0
_C28609,-0.0
_C28610,-0.0
_C28611,-0.0
_C28612,-1.0
_C28613,-1.0
_C28614,-0.0
_C28615,-0.0
_C28616,-0.0
_C28617,-0.0
_C28618,-0.0
_C28619,-0.0
_C28620,-0.0
_C28621,-0.0
_C28622,-0.0
_C28623,-0.0
_C28624,-0.0
_C28625,-0.0
_C28626,-1.0
_C28627,-1.0
_C28628,-0.0
_C28629,-0.0
_C28630,-0.0
_C28631,-0.0
_C28632,-0.0
_C28633,-0.0
_C28634,-0.0
_C28635,-0.0
_C28636,-0.0
_C28637,-0.0
_C28638,-0.0
_C28639,-0.0
_C28640,-1.0
_C28641,-1.0
_C28642,-0.0
_C28643,-0.0
_C28644,-0.0
_C28645,-0.0
_C28646,-0.0
_C28647,-0.0
_C28648,-0.0
_C28649,-0.0
_C28650,-0.0
_C28651,-0.0
_C28652,-0.0
_C28653,-0.0
_C28654,-1.0
_C28655,-1.0
_C28656,-0.0
_C28657,-0.0
_C28658,-0.0
_C28659,-0.0
_C28660,-0.0
_C28661,-0.0
_C28662,-0.0
_C28663,-0.0
_C28664,-0.0
_C28665,-0.0
_C28666,-0.0
_C28667,-0.0
_C28668,-1.0
_C28669,-1.0
_C28670,-0.0
_C28671,-0.0
_C28672,-0.0
_C28673,-0.0
_C28674,-0.0
_C28675,-0.0
_C28676,-0.0
_C28677,-0.0
_C28678,-0.0
_C28679,-0.0
_C28680,-0.0
_C28681,-0.0
_C28682,-1.0
_C28683,-1.0
_C28684,-0.0
_C28685,-0.0
_C28686,-0.0
_C28687,-0.0
_C28688,-0.0
_C28689,-0.0
_C28690,-0.0
_C28691,-0.0
_C28692,-0.0
_C28693,-0.0
_C28694,-0.0
_C28695,-0.0
_C28696,-1.0
_C28697,-1.0
_C28698,-0.0
_C28699,-0.0
_C28700,-0.0
_C28701,-0.0
_C28702,-0.0
_C28703,-0.0
_C28704,-0.0
_C28705,-0.0
_C28706,-0.0
_C28707,-0.0
_C28708,-0.0
_C28709,-0.0
_C28710,-1.0
_C28711,-1.0
_C28712,-0.0
_C28713,-0.0
_C28714,-0.0
_C28715,-0.0
_C28716,-0.0
_C28717,-0.0
_C28718,-0.0
_C28719,-0.0
_C28720,-0.0
_C28721,-0.0
_C28722,-0.0
_C28723,-0.0
_C28724,-1.0
_C28725,-1.0
_C28726,-0.0
_C28727,-0.0
_C28728,-0.0
_C28729,-0.0
_C28730,-0.0
_C28731,-0.0
_C28732,-0.0
_C28733,-0.0
_C28734,-0.0
_C28735,-0.0
_C28736,-0.0
_C28737,-0.0
_C28738,-1.0
_C28739,-1.0
_C28740,-0.0
_C28741,-0.0
_C28742,-0.0
_C28743,-0.0
_C28744,-0.0
_C28745,-0.0
_C28746,-0.0
_C28747,-0.0
_C28748,-0.0
_C28749,-0.0
_C28750,-0.0
_C28751,-0.0
_C28752,-1.0
_C28753,-1.0
_C28754,-0.0
_C28755,-0.0
_C28756,-0.0
_C28757,-0.0
_C28758,-0.0
_C28759,-0.0
_C28760,-0.0
_C28761,-0.0
_C28762,-0.0
_C28763,-0.0
_C28764,-0.0
_C28765,-0.0
_C28766,-1.0
_C28767,-1.0
_C28768,-0.0
_C28769,-0.0
_C28770,-0.0
_C28771,-0.0
_C28772,-0.0
_C28773,-0.0
_C28774,-0.0
_C28775,-0.0
_C28776,-0.0
_C28777,-0.0
_C28778,-0.0
_C28779,-0.0
_C28780,-1.0
_C28781,-1.0
_C28782,-0.0
_C28783,-0.0
_C28784,-0.0
_C28785,-0.0
_C28786,-0.0
_C28787,-0.0
_C28788,-0.0
_C28789,-0.0
_C28790,-0.0
_C28791,-0.0
_C28792,-0.0
_C28793,-0.0
_C28794,-1.0
_C28795,-1.0
_C28796,-0.0
_C28797,-0.0
_C28798,-0.0
_C28799,-0.0
_C28800,-0.0
_C28801,-0.0
_C28802,-0.0
_C28803,-0.0
_C28804,-0.0
_C28805,-0.0
_C28806,-0.0
_C28807,-0.0
_C28808,-1.0
_C28809,-1.0
_C28810,-0.0
_C28811,-0.0
_C28812,-0.0
_C28813,-0.0
_C28814,-0.0
_C28815,-0.0
_C28816,-0.0
_C28817,-0.0
_C28818,-0.0
_C28819,-0.0
_C28820,-0.0
_C28821,-0.0
_C28822,-1.0
_C28823,-1.0
_C28824,-0.0
_C28825,-0.0
_C28826,-0.0
_C28827,-0.0
_C28828,-0.0
_C28829,-0.0
_C28830,-0.0
_C28831,-0.0
_C28832,-0.0
_C28833,-0.0
_C28834,-0.0
_C28835,-0.0
_C28836,-1.0
_C28837,-1.0
_C28838,-0.0
_C28839,-0.0
_C28840,-0.0
_C28841,-0.0
_C28842,-0.0
_C28843,-0.0
_C28844,-0.0
_C28845,-0.0
_C28846,-0.0
_C28847,-0.0
_C28848,-0.0
_C28849,-0.0
_C28850,-1.0
_C28851,-1.0
_C28852,-0.0
_C28853,-0.0
_C28854,-0.0
_C28855,-0.0
_C28856,-0.0
_C28857,-0.0
_C28858,-0.0
_C28859,-0.0
_C28860,-0.0
_C28861,-0.0
_C28862,-0.0
_C28863,-0.0
_C28864,-1.0
_C28865,-1.0
_C28866,-0.0
_C28867,-0.0
_C28868,-0.0
_C28869,-0.0
_C28870,-0.0
_C28871,-0.0
_C28872,-0.0
_C28873,-0.0
_C28874,-0.0
_C28875,-0.0
_C28876,-0.0
_C28877,-0.0
_C28878,-1.0
_C28879,-1.0
_C28880,-0.0
_C28881,-0.0
_C28882,-0.0
_C28883,-0.0
_C28884,-0.0
_C28885,-0.0
_C28886,-0.0
_C28887,-0.0
_C28888,-0.0
_C28889,-0.0
_C28890,-0.0
_C28891,-0.0
_C28892,-1.0
_C28893,-1.0
_C28894,-0.0
_C28895,-0.0
_C28896,-0.0
_C28897,-0.0
_C28898,-0.0
_C28899,-0.0
_C28900,-0.0
_C28901,-0.0
_C28902,-0.0
_C28903,-0.0
_C28904,-0.0
_C28905,-0.0
_C28906,-1.0
_C28907,-1.0
_C28908,-0.0
_C28909,-0.0
_C28910,-0.0
_C28911,-0.0
_C28912,-0.0
_C28913,-0.0
_C28914,-0.0
_C28915,-0.0
_C28916,-0.0
_C28917,-0.0
_C28918,-0.0
_C28919,-0.0
_C28920,-1.0
_C28921,-1.0
_C28922,-0.0
_C28923,-0.0
_C28924,-0.0
_C28925,-0.0
_C28926,-0.0
_C28927,-0.0
_C28928,-0.0
_C28929,-0.0
_C28930,-0.0
_C28931,-0.0
_C28932,-0.0
_C28933,-0.0
_C28934,-1.0
_C28935,-1.0
_C28936,-0.0
_C28937,-0.0
_C28938,-0.0
_C28939,-0.0
_C28940,-0.0
_C28941,-0.0
_C28942,-0.0
_C28943,-0.0
_C28944,-0.0
_C28945,-0.0
_C28946,-0.0
_C28947,-0.0
_C28948,-1.0
_C28949,-1.0
_C28950,-0.0
_C28951,-0.0
_C28952,-0.0
_C28953,-0.0
_C28954,-0.0
_C28955,-0.0
_C28956,-0.0
_C28957,-0.0
_C28958,-0.0
_C28959,-0.0
_C28960,-0.0
_C28961,-0.0
_C28962,-1.0
_C28963,-1.0
_C28964,-0.0
_C28965,-0.0
_C28966,-0.0
_C28967,-0.0
_C28968,-0.0
_C28969,-0.0
_C28970,-0.0
_C28971,-0.0
_C28972,-0.0
_C28973,-0.0
_C28974,-0.0
_C28975,-0.0
_C28976,-1.0
_C28977,-1.0
_C28978,-0.0
_C28979,-0.0
_C28980,-0.0
_C28981,-0.0
_C28982,-0.0
_C28983,-0.0
_C28984,-0.0
_C28985,-0.0
_C28986,-0.0
_C28987,-0.0
_C28988,-0.0
_C28989,-0.0
_C28990,-1.0
_C28991,-1.0
_C28992,-0.0
_C28993,-0.0
_C28994,-0.0
_C28995,-0.0
_C28996,-0.0
_C28997,-0.0
_C28998,-0.0
_C28999,-0.0
_C29000,-0.0
_C29001,-0.0
_C29002,-0.0
_C29003,-0.0
_C29004,-1.0
_C29005,-1.0
_C29006,-0.0
_C29007,-0.0
_C29008,-0.0
_C29009,-0.0
_C29010,-0.0
_C29011,-0.0
_C29012,-0.0
_C29013,-0.0
_C29014,-0.0
_C29015,-0.0
_C29016,-0.0
_C29017,-0.0
_C29018,-1.0
_C29019,-1.0
_C29020,-0.0
_C29021,-0.0
_C29022,-0.0
_C29023,-0.0
_C29024,-0.0
_C29025,-0.0
_C29026,-0.0
_C29027,-0.0
_C29028,-0.0
_C29029,-0.0
_C29030,-0.0
_C29031,-0.0
_C29032,-1.0
_C29033,-1.0
_C29034,-0.0
_C29035,-0.0
_C29036,-0.0
_C29037,-0.0
_C29038,-0.0
_C29039,-0.0
_C29040,-0.0
_C29041,-0.0
_C29042,-0.0
_C29043,-0.0
_C29044,-0.0
_C29045,-0.0
_C29046,-1.0
_C29047,-1.0
_C29048,-0.0
_C29049,-0.0
_C29050,-0.0
_C29051,-0.0
_C29052,-0.0
_C29053,-0.0
_C29054,-0.0
_C29055,-0.0
_C29056,-0.0
_C29057,-0.0
_C29058,-0.0
_C29059,-0.0
_C29060,-1.0
_C29061,-1.0
_C29062,-0.0
_C29063,-0.0
_C29064,-0.0
_C29065,-0.0
_C29066,-0.0
_C29067,-0.0
_C29068,-0.0
_C29069,-0.0
_C29070,-0.0
_C29071,-0.0
_C29072,-0.0
_C29073,-0.0
_C29074,-1.0
_C29075,-1.0
_C29076,-0.0
_C29077,-0.0
_C29078,-0.0
_C29079,-0.0
_C29080,-0.0
_C29081,-0.0
_C29082,-0.0
_C29083,-0.0
_C29084,-0.0
_C29085,-0.0
_C29086,-0.0
_C29087,-0.0
_C29088,-1.0
_C29089,-1.0
_C29090,-0.0
_C29091,-0.0
_C29092,-0.0
_C29093,-0.0
_C29094,-0.0
_C29095,-0.0
_C29096,-0.0
_C29097,-0.0
_C29098,-0.0
_C29099,-0.0
_C29100,-0.0
_C29101,-0.0
_C29102,-1.0
_C29103,-1.0
_C29104,-0.0
_C29105,-0.0
_C29106,-0.0
_C29107,-0.0
_C29108,-0.0
_C29109,-0.0
_C29110,-0.0
_C29111,-0.0
_C29112,-0.0
_C29113,-0.0
_C29114,-0.0
_C29115,-0.0
_C29116,-1.0
_C29117,-1.0
_C29118,-0.0
_C29119,-0.0
_C29120,-0.0
_C29121,-0.0
_C29122,-0.0
_C29123,-0.0
_C29124,-0.0
_C29125,-0.0
_C29126,-0.0
_C29127,-0.0
_C29128,-0.0
_C29129,-0.0
_C29130,-1.0
_C29131,-1.0
_C29132,-0.0
_C29133,-0.0
_C29134,-0.0
_C29135,-0.0
_C29136,-0.0
_C29137,-0.0
_C29138,-0.0
_C29139,-0.0
_C29140,-0.0
_C29141,-0.0
_C29142,-0.0
_C29143,-0.0
_C29144,-1.0
_C29145,-1.0
_C29146,-0.0
_C29147,-0.0
_C29148,-0.0
_C29149,-0.0
_C29150,-0.0
_C29151,-0.0
_C29152,-0.0
_C29153,-0.0
_C29154,-0.0
_C29155,-0.0
_C29156,-0.0
_C29157,-0.0
_C29158,-1.0
_C29159,-1.0
_C29160,-0.0
_C29161,-0.0
_C29162,-0.0
_C29163,-0.0
_C29164,-0.0
_C29165,-0.0
_C29166,-0.0
_C29167,-0.0
_C29168,-0.0
_C29169,-0.0
_C29170,-0.0
_C29171,-0.0
_C29172,-1.0
_C29173,-1.0
_C29174,-0.0
_C29175,-0.0
_C29176,-0.0
_C29177,-0.0
_C29178,-0.0
_C29179,-0.0
_C29180,-0.0
_C29181,-0.0
_C29182,-0.0
_C29183,-0.0
_C29184,-0.0
_C29185,-0.0
_C29186,-1.0
_C29187,-1.0
_C29188,-0.0
_C29189,-0.0
_C29190,-0.0
_C29191,-0.0
_C29192,-0.0
_C29193,-0.0
_C29194,-0.0
_C29195,-0.0
_C29196,-0.0
_C29197,-0.0
_C29198,-0.0
_C29199,-0.0
_C29200,-1.0
_C29201,-1.0
_C29202,-0.0
_C29203,-0.0
_C29204,-0.0
_C29205,-0.0
_C29206,-0.0
_C29207,-0.0
_C29208,-0.0
_C29209,-0.0
_C29210,-0.0
_C29211,-0.0
_C29212,-0.0
_C29213,-0.0
_C29214,-1.0
_C29215,-1.0
_C29216,-0.0
_C29217,-0.0
_C29218,-0.0
_C29219,-0.0
_C29220,-0.0
_C29221,-0.0
_C29222,-0.0
_C29223,-0.0
_C29224,-0.0
_C29225,-0.0
_C29226,-0.0
_C29227,-0.0
_C29228,-1.0
_C29229,-1.0
_C29230,-0.0
_C29231,-0.0
_C29232,-0.0
_C29233,-0.0
_C29234,-0.0
_C29235,-0.0
_C29236,-0.0
_C29237,-0.0
_C29238,-0.0
_C29239,-0.0
_C29240,-0.0
_C29241,-0.0
_C29242,-1.0
_C29243,-1.0
_C29244,-0.0
_C29245,-0.0
_C29246,-0.0
_C29247,-0.0
_C29248,-0.0
_C29249,-0.0
_C29250,-0.0
_C29251,-0.0
_C29252,-0.0
_C29253,-0.0
_C29254,-0.0
_C29255,-0.0
_C29256,-1.0
_C29257,-1.0
_C29258,-0.0
_C29259,-0.0
_C29260,-0.0
_C29261,-0.0
_C29262,-0.0
_C29263,-0.0
_C29264,-0.0
_C29265,-0.0
_C29266,-0.0
_C29267,-0.0
_C29268,-0.0
_C29269,-0.0
_C29270,-1.0
_C29271,-1.0
_C29272,-0.0
_C29273,-0.0
_C29274,-0.0
_C29275,-0.0
_C29276,-0.0
_C29277,-0.0
_C29278,-0.0
_C29279,-0.0
_C29280,-0.0
_C29281,-0.0
_C29282,-0.0
_C29283,-0.0
_C29284,-1.0
_C29285,-1.0
_C29286,-0.0
_C29287,-0.0
_C29288,-0.0
_C29289,-0.0
_C29290,-0.0
_C29291,-0.0
_C29292,-0.0
_C29293,-0.0
_C29294,-0.0
_C29295,-0.0
_C29296,-0.0
_C29297,-0.0
_C29298,-1.0
_C29299,-1.0
_C29300,-0.0
_C29301,-0.0
_C29302,-0.0
_C29303,-0.0
_C29304,-0.0
_C29305,-0.0
_C29306,-0.0
_C29307,-0.0
_C29308,-0.0
_C29309,-0.0
_C29310,-0.0
_C29311,-0.0
_C29312,-1.0
_C29313,-1.0
_C29314,-0.0
_C29315,-0.0
_C29316,-0.0
_C29317,-0.0
_C29318,-0.0
_C29319,-0.0
_C29320,-0.0
_C29321,-0.0
_C29322,-0.0
_C29323,-0.0
_C29324,-0.0
_C29325,-0.0
_C29326,-1.0
_C29327,-1.0
_C29328,-0.0
_C29329,-0.0
_C29330,-0.0
_C29331,-0.0
_C29332,-0.0
_C29333,-0.0
_C29334,-0.0
_C29335,-0.0
_C29336,-0.0
_C29337,-0.0
_C29338,-0.0
_C29339,-0.0
_C29340,-1.0
_C29341,-1.0
_C29342,-0.0
_C29343,-0.0
_C29344,-0.0
_C29345,-0.0
_C29346,-0.0
_C29347,-0.0
_C29348,-0.0
_C29349,-0.0
_C29350,-0.0
_C29351,-0.0
_C29352,-0.0
_C29353,-0.0
_C29354,-1.0
_C29355,-1.0
_C29356,-0.0
_C29357,-0.0
_C29358,-0.0
_C29359,-0.0
_C29360,-0.0
_C29361,-0.0
_C29362,-0.0
_C29363,-0.0
_C29364,-0.0
_C29365,-0.0
_C29366,-0.0
_C29367,-0.0
_C29368,-1.0
_C29369,-1.0
_C29370,-0.0
_C29371,-0.0
_C29372,-0.0
_C29373,-0.0
_C29374,-0.0
_C29375,-0.0
_C29376,-0.0
_C29377,-0.0
_C29378,-0.0
_C29379,-0.0
_C29380,-0.0
_C29381,-0.0
_C29382,-1.0
_C29383,-1.0
_C29384,-0.0
_C29385,-0.0
_C29386,-0.0
_C29387,-0.0
_C29388,-0.0
_C29389,-0.0
_C29390,-0.0
_C29391,-0.0
_C29392,-0.0
_C29393,-0.0
_C29394,-0.0
_C29395,-0.0
_C29396,-1.0
_C29397,-1.0
_C29398,-0.0
_C29399,-0.0
_C29400,-0.0
_C29401,-0.0
_C29402,-0.0
_C29403,-0.0
_C29404,-0.0
_C29405,-0.0
_C29406,-0.0
_C29407,-0.0
_C29408,-0.0
_C29409,-0.0
_C29410,-1.0
_C29411,-1.0
_C29412,-0.0
_C29413,-0.0
_C29414,-0.0
_C29415,-0.0
_C29416,-0.0
_C29417,-0.0
_C29418,-0.0
_C29419,-0.0
_C29420,-0.0
_C29421,-0.0
_C29422,-0.0
_C29423,-0.0
_C29424,-1.0
_C29425,-1.0
_C29426,-0.0
_C29427,-0.0
_C29428,-0.0
_C29429,-0.0
_C29430,-0.0
_C29431,-0.0
_C29432,-0.0
_C29433,-0.0
_C29434,-0.0
_C29435,-0.0
_C29436,-0.0
_C29437,-0.0
_C29438,-1.0
_C29439,-1.0
_C29440,-0.0
_C29441,-0.0
_C29442,-0.0
_C29443,-0.0
_C29444,-0.0
_C29445,-0.0
_C29446,-0.0
_C29447,-0.0
_C29448,-0.0
_C29449,-0.0
_C29450,-0.0
_C29451,-0.0
_C29452,-1.0
_C29453,-1.0
_C29454,-0.0
_C29455,-0.0
_C29456,-0.0
_C29457,-0.0
_C29458,-0.0
_C29459,-0.0
_C29460,-0.0
_C29461,-0.0
_C29462,-0.0
_C29463,-0.0
_C29464,-0.0
_C29465,-0.0
_C29466,-1.0
_C29467,-1.0
_C29468,-0.0
_C29469,-0.0
_C29470,-0.0
_C29471,-0.0
_C29472,-0.0
_C29473,-0.0
_C29474,-0.0
_C29475,-0.0
_C29476,-0.0
_C29477,-0.0
_C29478,-0.0
_C29479,-0.0
_C29480,-1.0
_C29481,-1.0
_C29482,-0.0
_C29483,-0.0
_C29484,-0.0
_C29485,-0.0
_C29486,-0.0
_C29487,-0.0
_C29488,-0.0
_C29489,-0.0
_C29490,-0.0
_C29491,-0.0
_C29492,-0.0
_C29493,-0.0
_C29494,-1.0
_C29495,-1.0
_C29496,-0.0
_C29497,-0.0
_C29498,-0.0
_C29499,-0.0
_C29500,-0.0
_C29501,-0.0
_C29502,-0.0
_C29503,-0.0
_C29504,-0.0
_C29505,-0.0
_C29506,-0.0
_C29507,-0.0
_C29508,-1.0
_C29509,-1.0
_C29510,-0.0
_C29511,-0.0
_C29512,-0.0
_C29513,-0.0
_C29514,-0.0
_C29515,-0.0
_C29516,-0.0
_C29517,-0.0
_C29518,-0.0
_C29519,-0.0
_C29520,-0.0
_C29521,-0.0
_C29522,-1.0
_C29523,-1.0
_C29524,-0.0
_C29525,-0.0
_C29526,-0.0
_C29527,-0.0
_C29528,-0.0
_C29529,-0.0
_C29530,-0.0
_C29531,-0.0
_C29532,-0.0
_C29533,-0.0
_C29534,-0.0
_C29535,-0.0
_C29536,-1.0
_C29537,-1.0
_C29538,-0.0
_C29539,-0.0
_C29540,-0.0
_C29541,-0.0
_C29542,-0.0
_C29543,-0.0
_C29544,-0.0
_C29545,-0.0
_C29546,-0.0
_C29547,-0.0
_C29548,-0.0
_C29549,-0.0
_C29550,-1.0
_C29551,-1.0
_C29552,-0.0
_C29553,-0.0
_C29554,-0.0
_C29555,-0.0
_C29556,-0.0
_C29557,-0.0
_C29558,-0.0
_C29559,-0.0
_C29560,-0.0
_C29561,-0.0
_C29562,-0.0
_C29563,-0.0
_C29564,-1.0
_C29565,-1.0
_C29566,-0.0
_C29567,-0.0
_C29568,-0.0
_C29569,-0.0
_C29570,-0.0
_C29571,-0.0
_C29572,-0.0
_C29573,-0.0
_C29574,-0.0
_C29575,-0.0
_C29576,-0.0
_C29577,-0.0
_C29578,-1.0
_C29579,-1.0
_C29580,-0.0
_C29581,-0.0
_C29582,-0.0
_C29583,-0.0
_C29584,-0.0
_C29585,-0.0
_C29586,-0.0
_C29587,-0.0
_C29588,-0.0
_C29589,-0.0
_C29590,-0.0
_C29591,-0.0
_C29592,-1.0
_C29593,-1.0
_C29594,-0.0
_C29595,-0.0
_C29596,-0.0
_C29597,-0.0
_C29598,-0.0
_C29599,-0.0
_C29600,-0.0
_C29601,-0.0
_C29602,-0.0
_C29603,-0.0
_C29604,-0.0
_C29605,-0.0
_C29606,-1.0
_C29607,-1.0
_C29608,-0.0
_C29609,-0.0
_C29610,-0.0
_C29611,-0.0
_C29612,-0.0
_C29613,-0.0
_C29614,-0.0
_C29615,-0.0
_C29616,-0.0
_C29617,-0.0
_C29618,-0.0
_C29619,-0.0
_C29620,-1.0
_C29621,-1.0
_C29622,-0.0
_C29623,-0.0
_C29624,-0.0
_C29625,-0.0
_C29626,-0.0
_C29627,-0.0
_C29628,-0.0
_C29629,-0.0
_C29630,-0.0
_C29631,-0.0
_C29632,-0.0
_C29633,-0.0
_C29634,-1.0
_C29635,-1.0
_C29636,-0.0
_C29637,-0.0
_C29638,-0.0
_C29639,-0.0
_C29640,-0.0
_C29641,-0.0
_C29642,-0.0
_C29643,-0.0
_C29644,-0.0
_C29645,-0.0
_C29646,-0.0
_C29647,-0.0
_C29648,-1.0
_C29649,-1.0
_C29650,-0.0
_C29651,-0.0
_C29652,-0.0
_C29653,-0.0
_C29654,-0.0
_C29655,-0.0
_C29656,-0.0
_C29657,-0.0
_C29658,-0.0
_C29659,-0.0
_C29660,-0.0
_C29661,-0.0
_C29662,-1.0
_C29663,-1.0
_C29664,-0.0
_C29665,-0.0
_C29666,-0.0
_C29667,-0.0
_C29668,-0.0
_C29669,-0.0
_C29670,-0.0
_C29671,-0.0
_C29672,-0.0
_C29673,-0.0
_C29674,-0.0
_C29675,-0.0
_C29676,-1.0
_C29677,-1.0
_C29678,-0.0
_C29679,-0.0
_C29680,-0.0
_C29681,-0.0
_C29682,-0.0
_C29683,-0.0
_C29684,-0.0
_C29685,-0.0
_C29686,-0.0
_C29687,-0.0
_C29688,-0.0
_C29689,-0.0
_C29690,-1.0
_C29691,-1.0
_C29692,-0.0
_C29693,-0.0
_C29694,-0.0
_C29695,-0.0
_C29696,-0.0
_C29697,-0.0
_C29698,-0.0
_C29699,-0.0
_C29700,-0.0
_C29701,-0.0
_C29702,-0.0
_C29703,-0.0
_C29704,-1.0
_C29705,-1.0
_C29706,-0.0
_C29707,-0.0
_C29708,-0.0
_C29709,-0.0
_C29710,-0.0
_C29711,-0.0
_C29712,-0.0
_C29713,-0.0
_C29714,-0.0
_C29715,-0.0
_C29716,-0.0
_C29717,-0.0
_C29718,-1.0
_C29719,-1.0
_C29720,-0.0
_C29721,-0.0
_C29722,-0.0
_C29723,-0.0
_C29724,-0.0
_C29725,-0.0
_C29726,-0.0
_C29727,-0.0
_C29728,-0.0
_C29729,-0.0
_C29730,-0.0
_C29731,-0.0
_C29732,-1.0
_C29733,-1.0
_C29734,-0.0
_C29735,-0.0
_C29736,-0.0
_C29737,-0.0
_C29738,-0.0
_C29739,-0.0
_C29740,-0.0
_C29741,-0.0
_C29742,-0.0
_C29743,-0.0
_C29744,-0.0
_C29745,-0.0
_C29746,-1.0
_C29747,-1.0
_C29748,-0.0
_C29749,-0.0
_C29750,-0.0
_C29751,-0.0
_C29752,-0.0
_C29753,-0.0
_C29754,-0.0
_C29755,-0.0
_C29756,-0.0
_C29757,-0.0
_C29758,-0.0
_C29759,-0.0
_C29760,-1.0
_C29761,-1.0
_C29762,-0.0
_C29763,-0.0
_C29764,-0.0
_C29765,-0.0
_C29766,-0.0
_C29767,-0.0
_C29768,-0.0
_C29769,-0.0
_C29770,-0.0
_C29771,-0.0
_C29772,-0.0
_C29773,-0.0
_C29774,-1.0
_C29775,-1.0
_C29776,-0.0
_C29777,-0.0
_C29778,-0.0
_C29779,-0.0
_C29780,-0.0
_C29781,-0.0
_C29782,-0.0
_C29783,-0.0
_C29784,-0.0
_C29785,-0.0
_C29786,-0.0
_C29787,-0.0
_C29788,-1.0
_C29789,-1.0
_C29790,-0.0
_C29791,-0.0
_C29792,-0.0
_C29793,-0.0
_C29794,-0.0
_C29795,-0.0
_C29796,-0.0
_C29797,-0.0
_C29798,-0.0
_C29799,-0.0
_C29800,-0.0
_C29801,-0.0
_C29802,-1.0
_C29803,-1.0
_C29804,-0.0
_C29805,-0.0
_C29806,-0.0
_C29807,-0.0
_C29808,-0.0
_C29809,-0.0
_C29810,-0.0
_C29811,-0.0
_C29812,-0.0
_C29813,-0.0
_C29814,-0.0
_C29815,-0.0
_C29816,-1.0
_C29817,-1.0
_C29818,-0.0
_C29819,-0.0
_C29820,-0.0
_C29821,-0.0
_C29822,-0.0
_C29823,-0.0
_C29824,-0.0
_C29825,-0.0
_C29826,-0.0
_C29827,-0.0
_C29828,-0.0
_C29829,-0.0
_C29830,-1.0
_C29831,-1.0
_C29832,-0.0
_C29833,-0.0
_C29834,-0.0
_C29835,-0.0
_C29836,-0.0
_C29837,-0.0
_C29838,-0.0
_C29839,-0.0
_C29840,-0.0
_C29841,-0.0
_C29842,-0.0
_C29843,-0.0
_C29844,-1.0
_C29845,-1.0
_C29846,-0.0
_C29847,-0.0
_C29848,-0.0
_C29849,-0.0
_C29850,-0.0
_C29851,-0.0
_C29852,-0.0
_C29853,-0.0
_C29854,-0.0
_C29855,-0.0
_C29856,-0.0
_C29857,-0.0
_C29858,-1.0
_C29859,-1.0
_C29860,-0.0
_C29861,-0.0
_C29862,-0.0
_C29863,-0.0
_C29864,-0.0
_C29865,-0.0
_C29866,-0.0
_C29867,-0.0
_C29868,-0.0
_C29869,-0.0
_C29870,-0.0
_C29871,-0.0
_C29872,-1.0
_C29873,-1.0
_C29874,-0.0
_C29875,-0.0
_C29876,-0.0
_C29877,-0.0
_C29878,-0.0
_C29879,-0.0
_C29880,-0.0
_C29881,-0.0
_C29882,-0.0
_C29883,-0.0
_C29884,-0.0
_C29885,-0.0
_C29886,-1.0
_C29887,-1.0
_C29888,-0.0
_C29889,-0.0
_C29890,-0.0
_C29891,-0.0
_C29892,-0.0
_C29893,-0.0
_C29894,-0.0
_C29895,-0.0
_C29896,-0.0
_C29897,-0.0
_C29898,-0.0
_C29899,-0.0
_C29900,-1.0
_C29901,-1.0
_C29902,-0.0
_C29903,-0.0
_C29904,-0.0
_C29905,-0.0
_C29906,-0.0
_C29907,-0.0
_C29908,-0.0
_C29909,-0.0
_C29910,-0.0
_C29911,-0.0
_C29912,-0.0
_C29913,-0.0
_C29914,-1.0
_C29915,-1.0
_C29916,-0.0
_C29917,-0.0
_C29918,-0.0
_C29919,-0.0
_C29920,-0.0
_C29921,-0.0
_C29922,-0.0
_C29923,-0.0
_C29924,-0.0
_C29925,-0.0
_C29926,-0.0
_C29927,-0.0
_C29928,-1.0
_C29929,-1.0
_C29930,-0.0
_C29931,-0.0
_C29932,-0.0
_C29933,-0.0
_C29934,-0.0
_C29935,-0.0
_C29936,-0.0
_C29937,-0.0
_C29938,-0.0
_C29939,-0.0
_C29940,-0.0
_C29941,-0.0
_C29942,-1.0
_C29943,-1.0
_C29944,-0.0
_C29945,-0.0
_C29946,-0.0
_C29947,-0.0
_C29948,-0.0
_C29949,-0.0
_C29950,-0.0
_C29951,-0.0
_C29952,-0.0
_C29953,-0.0
_C29954,-0.0
_C29955,-0.0
_C29956,-1.0
_C29957,-1.0
_C29958,-0.0
_C29959,-0.0
_C29960,-0.0
_C29961,-0.0
_C29962,-0.0
_C29963,-0.0
_C29964,-0.0
_C29965,-0.0
_C29966,-0.0
_C29967,-0.0
_C29968,-0.0
_C29969,-0.0
_C29970,-1.0
_C29971,-1.0
_C29972,-0.0
_C29973,-0.0
_C29974,-0.0
_C29975,-0.0
_C29976,-0.0
_C29977,-0.0
_C29978,-0.0
_C29979,-0.0
_C29980,-0.0
_C29981,-0.0
_C29982,-0.0
_C29983,-0.0
_C29984,-1.0
_C29985,-1.0
_C29986,-0.0
_C29987,-0.0
_C29988,-0.0
_C29989,-0.0
_C29990,-0.0
_C29991,-0.0
_C29992,-0.0
_C29993,-0.0
_C29994,-0.0
_C29995,-0.0
_C29996,-0.0
_C29997,-0.0
_C29998,-1.0
_C29999,-1.0
_C30000,-0.0
_C30001,-0.0
_C30002,-0.0
_C30003,-0.0
_C30004,-0.0
_C30005,-0.0
_C30006,-0.0
_C30007,-0.0
_C30008,-0.0
_C30009,-0.0
_C30010,-0.0
_C30011,-0.0
_C30012,-1.0
_C30013,-1.0
_C30014,-0.0
_C30015,-0.0
_C30016,-0.0
_C30017,-0.0
_C30018,-0.0
_C30019,-0.0
_C30020,-0.0
_C30021,-0.0
_C30022,-0.0
_C30023,-0.0
_C30024,-0.0
_C30025,-0.0
_C30026,-1.0
_C30027,-1.0
_C30028,-0.0
_C30029,-0.0
_C30030,-0.0
_C30031,-0.0
_C30032,-0.0
_C30033,-0.0
_C30034,-0.0
_C30035,-0.0
_C30036,-0.0
_C30037,-0.0
_C30038,-0.0
_C30039,-0.0
_C30040,-1.0
_C30041,-1.0
_C30042,-0.0
_C30043,-0.0
_C30044,-0.0
_C30045,-0.0
_C30046,-0.0
_C30047,-0.0
_C30048,-0.0
_C30049,-0.0
_C30050,-0.0
_C30051,-0.0
_C30052,-0.0
_C30053,-0.0
_C30054,-1.0
_C30055,-1.0
_C30056,-0.0
_C30057,-0.0
_C30058,-0.0
_C30059,-0.0
_C30060,-0.0
_C30061,-0.0
_C30062,-0.0
_C30063,-0.0
_C30064,-0.0
_C30065,-0.0
_C30066,-0.0
_C30067,-0.0
_C30068,-1.0
_C30069,-1.0
_C30070,-0.0
_C30071,-0.0
_C30072,-0.0
_C30073,-0.0
_C30074,-0.0
_C30075,-0.0
_C30076,-0.0
_C30077,-0.0
_C30078,-0.0
_C30079,-0.0
_C30080,-0.0
_C30081,-0.0
_C30082,-1.0
_C30083,-1.0
_C30084,-0.0
_C30085,-0.0
_C30086,-0.0
_C30087,-0.0
_C30088,-0.0
_C30089,-0.0
_C30090,-0.0
_C30091,-0.0
_C30092,-0.0
_C30093,-0.0
_C30094,-0.0
_C30095,-0.0
_C30096,-1.0
_C30097,-1.0
_C30098,-0.0
_C30099,-0.0
_C30100,-0.0
_C30101,-0.0
_C30102,-0.0
_C30103,-0.0
_C30104,-0.0
_C30105,-0.0
_C30106,-0.0
_C30107,-0.0
_C30108,-0.0
_C30109,-0.0
_C30110,-1.0
_C30111,-1.0
_C30112,-0.0
_C30113,-0.0
_C30114,-0.0
_C30115,-0.0
_C30116,-0.0
_C30117,-0.0
_C30118,-0.0
_C30119,-0.0
_C30120,-0.0
_C30121,-0.0
_C30122,-0.0
_C30123,-0.0
_C30124,-1.0
_C30125,-1.0
_C30126,-0.0
_C30127,-0.0
_C30128,-0.0
_C30129,-0.0
_C30130,-0.0
_C30131,-0.0
_C30132,-0.0
_C30133,-0.0
_C30134,-0.0
_C30135,-0.0
_C30136,-0.0
_C30137,-0.0
_C30138,-1.0
_C30139,-1.0
_C30140,-0.0
_C30141,-0.0
_C30142,-0.0
_C30143,-0.0
_C30144,-0.0
_C30145,-0.0
_C30146,-0.0
_C30147,-0.0
_C30148,-0.0
_C30149,-0.0
_C30150,-0.0
_C30151,-0.0
_C30152,-1.0
_C30153,-1.0
_C30154,-0.0
_C30155,-0.0
_C30156,-0.0
_C30157,-0.0
_C30158,-0.0
_C30159,-0.0
_C30160,-0.0
_C30161,-0.0
_C30162,-0.0
_C30163,-0.0
_C30164,-0.0
_C30165,-0.0
_C30166,-1.0
_C30167,-1.0
_C30168,-0.0
_C30169,-0.0
_C30170,-0.0
_C30171,-0.0
_C30172,-0.0
_C30173,-0.0
_C30174,-0.0
_C30175,-0.0
_C30176,-0.0
_C30177,-0.0
_C30178,-0.0
_C30179,-0.0
_C30180,-1.0
_C30181,-1.0
_C30182,-0.0
_C30183,-0.0
_C30184,-0.0
_C30185,-0.0
_C30186,-0.0
_C30187,-0.0
_C30188,-0.0
_C30189,-0.0
_C30190,-0.0
_C30191,-0.0
_C30192,-0.0
_C30193,-0.0
_C30194,-1.0
_C30195,-1.0
_C30196,-0.0
_C30197,-0.0
_C30198,-0.0
_C30199,-0.0
_C30200,-0.0
_C30201,-0.0
_C30202,-0.0
_C30203,-0.0
_C30204,-0.0
_C30205,-0.0
_C30206,-0.0
_C30207,-0.0
_C30208,-1.0
_C30209,-1.0
_C30210,-0.0
_C30211,-0.0
_C30212,-0.0
_C30213,-0.0
_C30214,-0.0
_C30215,-0.0
_C30216,-0.0
_C30217,-0.0
_C30218,-0.0
_C30219,-0.0
_C30220,-0.0
_C30221,-0.0
_C30222,-1.0
_C30223,-1.0
_C30224,-0.0
_C30225,-0.0
_C30226,-0.0
_C30227,-0.0
_C30228,-0.0
_C30229,-0.0
_C30230,-0.0
_C30231,-0.0
_C30232,-0.0
_C30233,-0.0
_C30234,-0.0
_C30235,-0.0
_C30236,-1.0
_C30237,-1.0
_C30238,-0.0
_C30239,-0.0
_C30240,-0.0
_C30241,-0.0
_C30242,-0.0
_C30243,-0.0
_C30244,-0.0
_C30245,-0.0
_C30246,-0.0
_C30247,-0.0
_C30248,-0.0
_C30249,-0.0
_C30250,-1.0
_C30251,-1.0
_C30252,-0.0
_C30253,-0.0
_C30254,-0.0
_C30255,-0.0
_C30256,-0.0
_C30257,-0.0
_C30258,-0.0
_C30259,-0.0
_C30260,-0.0
_C30261,-0.0
_C30262,-0.0
_C30263,-0.0
_C30264,-1.0
_C30265,-1.0
_C30266,-0.0
_C30267,-0.0
_C30268,-0.0
_C30269,-0.0
_C30270,-0.0
_C30271,-0.0
_C30272,-0.0
_C30273,-0.0
_C30274,-0.0
_C30275,-0.0
_C30276,-0.0
_C30277,-0.0
_C30278,-1.0
_C30279,-1.0
_C30280,-0.0
_C30281,-0.0
_C30282,-0.0
_C30283,-0.0
_C30284,-0.0
_C30285,-0.0
_C30286,-0.0
_C30287,-0.0
_C30288,-0.0
_C30289,-0.0
_C30290,-0.0
_C30291,-0.0
_C30292,-1.0
_C30293,-1.0
_C30294,-0.0
_C30295,-0.0
_C30296,-0.0
_C30297,-0.0
_C30298,-0.0
_C30299,-0.0
_C30300,-0.0
_C30301,-0.0
_C30302,-0.0
_C30303,-0.0
_C30304,-0.0
_C30305,-0.0
_C30306,-1.0
_C30307,-1.0
_C30308,-0.0
_C30309,-0.0
_C30310,-0.0
_C30311,-0.0
_C30312,-0.0
_C30313,-0.0
_C30314,-0.0
_C30315,-0.0
_C30316,-0.0
_C30317,-0.0
_C30318,-0.0
_C30319,-0.0
_C30320,-1.0
_C30321,-1.0
_C30322,-0.0
_C30323,-0.0
_C30324,-0.0
_C30325,-0.0
_C30326,-0.0
_C30327,-0.0
_C30328,-0.0
_C30329,-0.0
_C30330,-0.0
_C30331,-0.0
_C30332,-0.0
_C30333,-0.0
_C30334,-1.0
_C30335,-1.0
_C30336,-0.0
_C30337,-0.0
_C30338,-0.0
_C30339,-0.0
_C30340,-0.0
_C30341,-0.0
_C30342,-0.0
_C30343,-0.0
_C30344,-0.0
_C30345,-0.0
_C30346,-0.0
_C30347,-0.0
_C30348,-1.0
_C30349,-1.0
_C30350,-0.0
_C30351,-0.0
_C30352,-0.0
_C30353,-0.0
_C30354,-0.0
_C30355,-0.0
_C30356,-0.0
_C30357,-0.0
_C30358,-0.0
_C30359,-0.0
_C30360,-0.0
_C30361,-0.0
_C30362,-1.0
_C30363,-1.0
_C30364,-0.0
_C30365,-0.0
_C30366,-0.0
_C30367,-0.0
_C30368,-0.0
_C30369,-0.0
_C30370,-0.0
_C30371,-0.0
_C30372,-0.0
_C30373,-0.0
_C30374,-0.0
_C30375,-0.0
_C30376,-1.0
_C30377,-1.0
_C30378,-0.0
_C30379,-0.0
_C30380,-0.0
_C30381,-0.0
_C30382,-0.0
_C30383,-0.0
_C30384,-0.0
_C30385,-0.0
_C30386,-0.0
_C30387,-0.0
_C30388,-0.0
_C30389,-0.0
_C30390,-1.0
_C30391,-1.0
_C30392,-0.0
_C30393,-0.0
_C30394,-0.0
_C30395,-0.0
_C30396,-0.0
_C30397,-0.0
_C30398,-0.0
_C30399,-0.0
_C30400,-0.0
_C30401,-0.0
_C30402,-0.0
_C30403,-0.0
_C30404,-1.0
_C30405,-1.0
_C30406,-0.0
_C30407,-0.0
_C30408,-0.0
_C30409,-0.0
_C30410,-0.0
_C30411,-0.0
_C30412,-0.0
_C30413,-0.0
_C30414,-0.0
_C30415,-0.0
_C30416,-0.0
_C30417,-0.0
_C30418,-1.0
_C30419,-1.0
_C30420,-0.0
_C30421,-0.0
_C30422,-0.0
_C30423,-0.0
_C30424,-0.0
_C30425,-0.0
_C30426,-0.0
_C30427,-0.0
_C30428,-0.0
_C30429,-0.0
_C30430,-0.0
_C30431,-0.0
_C30432,-1.0
_C30433,-1.0
_C30434,-0.0
_C30435,-0.0
_C30436,-0.0
_C30437,-0.0
_C30438,-0.0
_C30439,-0.0
_C30440,-0.0
_C30441,-0.0
_C30442,-0.0
_C30443,-0.0
_C30444,-0.0
_C30445,-0.0
_C30446,-1.0
_C30447,-1.0
_C30448,-0.0
_C30449,-0.0
_C30450,-0.0
_C30451,-0.0
_C30452,-0.0
_C30453,-0.0
_C30454,-0.0
_C30455,-0.0
_C30456,-0.0
_C30457,-0.0
_C30458,-0.0
_C30459,-0.0
_C30460,-1.0
_C30461,-1.0
_C30462,-0.0
_C30463,-0.0
_C30464,-0.0
_C30465,-0.0
_C30466,-0.0
_C30467,-0.0
_C30468,-0.0
_C30469,-0.0
_C30470,-0.0
_C30471,-0.0
_C30472,-0.0
_C30473,-0.0
_C30474,-1.0
_C30475,-1.0
_C30476,-0.0
_C30477,-0.0
_C30478,-0.0
_C30479,-0.0
_C30480,-0.0
_C30481,-0.0
_C30482,-0.0
_C30483,-0.0
_C30484,-0.0
_C30485,-0.0
_C30486,-0.0
_C30487,-0.0
_C30488,-1.0
_C30489,-1.0
_C30490,-0.0
_C30491,-0.0
_C30492,-0.0
_C30493,-0.0
_C30494,-0.0
_C30495,-0.0
_C30496,-0.0
_C30497,-0.0
_C30498,-0.0
_C30499,-0.0
_C30500,-0.0
_C30501,-0.0
_C30502,-1.0
_C30503,-1.0
_C30504,-0.0
_C30505,-0.0
_C30506,-0.0
_C30507,-0.0
_C30508,-0.0
_C30509,-0.0
_C30510,-0.0
_C30511,-0.0
_C30512,-0.0
_C30513,-0.0
_C30514,-0.0
_C30515,-0.0
_C30516,-1.0
_C30517,-1.0
_C30518,-0.0
_C30519,-0.0
_C30520,-0.0
_C30521,-0.0
_C30522,-0.0
_C30523,-0.0
_C30524,-0.0
_C30525,-0.0
_C30526,-0.0
_C30527,-0.0
_C30528,-0.0
_C30529,-0.0
_C30530,-1.0
_C30531,-1.0
_C30532,-0.0
_C30533,-0.0
_C30534,-0.0
_C30535,-0.0
_C30536,-0.0
_C30537,-0.0
_C30538,-0.0
_C30539,-0.0
_C30540,-0.0
_C30541,-0.0
_C30542,-0.0
_C30543,-0.0
_C30544,-1.0
_C30545,-1.0
_C30546,-0.0
_C30547,-0.0
_C30548,-0.0
_C30549,-0.0
_C30550,-0.0
_C30551,-0.0
_C30552,-0.0
_C30553,-0.0
_C30554,-0.0
_C30555,-0.0
_C30556,-0.0
_C30557,-0.0
_C30558,-1.0
_C30559,-1.0
_C30560,-0.0
_C30561,-0.0
_C30562,-0.0
_C30563,-0.0
_C30564,-0.0
_C30565,-0.0
_C30566,-0.0
_C30567,-0.0
_C30568,-0.0
_C30569,-0.0
_C30570,-0.0
_C30571,-0.0
_C30572,-1.0
_C30573,-1.0
_C30574,-0.0
_C30575,-0.0
_C30576,-0.0
_C30577,-0.0
_C30578,-0.0
_C30579,-0.0
_C30580,-0.0
_C30581,-0.0
_C30582,-0.0
_C30583,-0.0
_C30584,-0.0
_C30585,-0.0
_C30586,-1.0
_C30587,-1.0
_C30588,-0.0
_C30589,-0.0
_C30590,-0.0
_C30591,-0.0
_C30592,-0.0
_C30593,-0.0
_C30594,-0.0
_C30595,-0.0
_C30596,-0.0
_C30597,-0.0
_C30598,-0.0
_C30599,-0.0
_C30600,-1.0
_C30601,-1.0
_C30602,-0.0
_C30603,-0.0
_C30604,-0.0
_C30605,-0.0
_C30606,-0.0
_C30607,-0.0
_C30608,-0.0
_C30609,-0.0
_C30610,-0.0
_C30611,-0.0
_C30612,-0.0
_C30613,-0.0
_C30614,-1.0
_C30615,-1.0
_C30616,-0.0
_C30617,-0.0
_C30618,-0.0
_C30619,-0.0
_C30620,-0.0
_C30621,-0.0
_C30622,-0.0
_C30623,-0.0
_C30624,-0.0
_C30625,-0.0
_C30626,-0.0
_C30627,-0.0
_C30628,-1.0
_C30629,-1.0
_C30630,-0.0
_C30631,-0.0
_C30632,-0.0
_C30633,-0.0
_C30634,-0.0
_C30635,-0.0
_C30636,-0.0
_C30637,-0.0
_C30638,-0.0
_C30639,-0.0
_C30640,-0.0
_C30641,-0.0
_C30642,-1.0
_C30643,-1.0
_C30644,-0.0
_C30645,-0.0
_C30646,-0.0
_C30647,-0.0
_C30648,-0.0
_C30649,-0.0
_C30650,-0.0
_C30651,-0.0
_C30652,-0.0
_C30653,-0.0
_C30654,-0.0
_C30655,-0.0
_C30656,-1.0
_C30657,-1.0
_C30658,-0.0
_C30659,-0.0
_C30660,-0.0
_C30661,-0.0
_C30662,-0.0
_C30663,-0.0
_C30664,-0.0
_C30665,-0.0
_C30666,-0.0
_C30667,-0.0
_C30668,-0.0
_C30669,-0.0
_C30670,-1.0
_C30671,-1.0
_C30672,-0.0
_C30673,-0.0
_C30674,-0.0
_C30675,-0.0
_C30676,-0.0
_C30677,-0.0
_C30678,-0.0
_C30679,-0.0
_C30680,-0.0
_C30681,-0.0
_C30682,-0.0
_C30683,-0.0
_C30684,-1.0
_C30685,-1.0
_C30686,-0.0
_C30687,-0.0
_C30688,-0.0
_C30689,-0.0
_C30690,-0.0
_C30691,-0.0
_C30692,-0.0
_C30693,-0.0
_C30694,-0.0
_C30695,-0.0
_C30696,-0.0
_C30697,-0.0
_C30698,-1.0
_C30699,-1.0
_C30700,-0.0
_C30701,-0.0
_C30702,-0.0
_C30703,-0.0
_C30704,-0.0
_C30705,-0.0
_C30706,-0.0
_C30707,-0.0
_C30708,-0.0
_C30709,-0.0
_C30710,-0.0
_C30711,-0.0
_C30712,-1.0
_C30713,-1.0
_C30714,-0.0
_C30715,-0.0
_C30716,-0.0
_C30717,-0.0
_C30718,-0.0
_C30719,-0.0
_C30720,-0.0
_C30721,-0.0
_C30722,-0.0
_C30723,-0.0
_C30724,-0.0
_C30725,-0.0
_C30726,-1.0
_C30727,-1.0
_C30728,-0.0
_C30729,-0.0
_C30730,-0.0
_C30731,-0.0
_C30732,-0.0
_C30733,-0.0
_C30734,-0.0
_C30735,-0.0
_C30736,-0.0
_C30737,-0.0
_C30738,-0.0
_C30739,-0.0
_C30740,-1.0
_C30741,-1.0
_C30742,-0.0
_C30743,-0.0
_C30744,-0.0
_C30745,-0.0
_C30746,-0.0
_C30747,-0.0
_C30748,-0.0
_C30749,-0.0
_C30750,-0.0
_C30751,-0.0
_C30752,-0.0
_C30753,-0.0
_C30754,-1.0
_C30755,-1.0
_C30756,-0.0
_C30757,-0.0
_C30758,-0.0
_C30759,-0.0
_C30760,-0.0
_C30761,-0.0
_C30762,-0.0
_C30763,-0.0
_C30764,-0.0
_C30765,-0.0
_C30766,-0.0
_C30767,-0.0
_C30768,-1.0
_C30769,-1.0
_C30770,-0.0
_C30771,-0.0
_C30772,-0.0
_C30773,-0.0
_C30774,-0.0
_C30775,-0.0
_C30776,-0.0
_C30777,-0.0
_C30778,-0.0
_C30779,-0.0
_C30780,-0.0
_C30781,-0.0
_C30782,-1.0
_C30783,-1.0
_C30784,-0.0
_C30785,-0.0
_C30786,-0.0
_C30787,-0.0
_C30788,-0.0
_C30789,-0.0
_C30790,-0.0
_C30791,-0.0
_C30792,-0.0
_C30793,-0.0
_C30794,-0.0
_C30795,-0.0
_C30796,-1.0
_C30797,-1.0
_C30798,-0.0
_C30799,-0.0
_C30800,-0.0
_C30801,-0.0
_C30802,-0.0
_C30803,-0.0
_C30804,-0.0
_C30805,-0.0
_C30806,-0.0
_C30807,-0.0
_C30808,-0.0
_C30809,-0.0
_C30810,-1.0
_C30811,-1.0
_C30812,-0.0
_C30813,-0.0
_C30814,-0.0
_C30815,-0.0
_C30816,-0.0
_C30817,-0.0
_C30818,-0.0
_C30819,-0.0
_C30820,-0.0
_C30821,-0.0
_C30822,-0.0
_C30823,-0.0
_C30824,-1.0
_C30825,-1.0
_C30826,-0.0
_C30827,-0.0
_C30828,-0.0
_C30829,-0.0
_C30830,-0.0
_C30831,-0.0
_C30832,-0.0
_C30833,-0.0
_C30834,-0.0
_C30835,-0.0
_C30836,-0.0
_C30837,-0.0
_C30838,-1.0
_C30839,-1.0
_C30840,-0.0
_C30841,-0.0
_C30842,-0.0
_C30843,-0.0
_C30844,-0.0
_C30845,-0.0
_C30846,-0.0
_C30847,-0.0
_C30848,-0.0
_C30849,-0.0
_C30850,-0.0
_C30851,-0.0
_C30852,-1.0
_C30853,-1.0
_C30854,-0.0
_C30855,-0.0
_C30856,-0.0
_C30857,-0.0
_C30858,-0.0
_C30859,-0.0
_C30860,-0.0
_C30861,-0.0
_C30862,-0.0
_C30863,-0.0
_C30864,-0.0
_C30865,-0.0
_C30866,-1.0
_C30867,-1.0
_C30868,-0.0
_C30869,-0.0
_C30870,-0.0
_C30871,-0.0
_C30872,-0.0
_C30873,-0.0
_C30874,-0.0
_C30875,-0.0
_C30876,-0.0
_C30877,-0.0
_C30878,-0.0
_C30879,-0.0
_C30880,-1.0
_C30881,-1.0
_C30882,-0.0
_C30883,-0.0
_C30884,-0.0
_C30885,-0.0
_C30886,-0.0
_C30887,-0.0
_C30888,-0.0
_C30889,-0.0
_C30890,-0.0
_C30891,-0.0
_C30892,-0.0
_C30893,-0.0
_C30894,-1.0
_C30895,-1.0
_C30896,-0.0
_C30897,-0.0
_C30898,-0.0
_C30899,-0.0
_C30900,-0.0
_C30901,-0.0
_C30902,-0.0
_C30903,-0.0
_C30904,-0.0
_C30905,-0.0
_C30906,-0.0
_C30907,-0.0
_C30908,-1.0
_C30909,-1.0
_C30910,-0.0
_C30911,-0.0
_C30912,-0.0
_C30913,-0.0
_C30914,-0.0
_C30915,-0.0
_C30916,-0.0
_C30917,-0.0
_C30918,-0.0
_C30919,-0.0
_C30920,-0.0
_C30921,-0.0
_C30922,-1.0
_C30923,-1.0
_C30924,-0.0
_C30925,-0.0
_C30926,-0.0
_C30927,-0.0
_C30928,-0.0
_C30929,-0.0
_C30930,-0.0
_C30931,-0.0
_C30932,-0.0
_C30933,-0.0
_C30934,-0.0
_C30935,-0.0
_C30936,-1.0
_C30937,-1.0
_C30938,-0.0
_C30939,-0.0
_C30940,-0.0
_C30941,-0.0
_C30942,-0.0
_C30943,-0.0
_C30944,-0.0
_C30945,-0.0
_C30946,-0.0
_C30947,-0.0
_C30948,-0.0
_C30949,-0.0
_C30950,-1.0
_C30951,-1.0
_C30952,-0.0
_C30953,-0.0
_C30954,-0.0
_C30955,-0.0
_C30956,-0.0
_C30957,-0.0
_C30958,-0.0
_C30959,-0.0
_C30960,-0.0
_C30961,-0.0
_C30962,-0.0
_C30963,-0.0
_C30964,-1.0
_C30965,-1.0
_C30966,-0.0
_C30967,-0.0
_C30968,-0.0
_C30969,-0.0
_C30970,-0.0
_C30971,-0.0
_C30972,-0.0
_C30973,-0.0
_C30974,-0.0
_C30975,-0.0
_C30976,-0.0
_C30977,-0.0
_C30978,-1.0
_C30979,-1.0
_C30980,-0.0
_C30981,-0.0
_C30982,-0.0
_C30983,-0.0
_C30984,-0.0
_C30985,-0.0
_C30986,-0.0
_C30987,-0.0
_C30988,-0.0
_C30989,-0.0
_C30990,-0.0
_C30991,-0.0
_C30992,-1.0
_C30993,-1.0
_C30994,-0.0
_C30995,-0.0
_C30996,-0.0
_C30997,-0.0
_C30998,-0.0
_C30999,-0.0
_C31000,-0.0
_C31001,-0.0
_C31002,-0.0
_C31003,-0.0
_C31004,-0.0
_C31005,-0.0
_C31006,-1.0
_C31007,-1.0
_C31008,-0.0
_C31009,-0.0
_C31010,-0.0
_C31011,-0.0
_C31012,-0.0
_C31013,-0.0
_C31014,-0.0
_C31015,-0.0
_C31016,-0.0
_C31017,-0.0
_C31018,-0.0
_C31019,-0.0
_C31020,-1.0
_C31021,-1.0
_C31022,-0.0
_C31023,-0.0
_C31024,-0.0
_C31025,-0.0
_C31026,-0.0
_C31027,-0.0
_C31028,-0.0
_C31029,-0.0
_C31030,-0.0
_C31031,-0.0
_C31032,-0.0
_C31033,-0.0
_C31034,-1.0
_C31035,-1.0
_C31036,-0.0
_C31037,-0.0
_C31038,-0.0
_C31039,-0.0
_C31040,-0.0
_C31041,-0.0
_C31042,-0.0
_C31043,-0.0
_C31044,-0.0
_C31045,-0.0
_C31046,-0.0
_C31047,-0.0
_C31048,-1.0
_C31049,-1.0
_C31050,-0.0
_C31051,-0.0
_C31052,-0.0
_C31053,-0.0
_C31054,-0.0
_C31055,-0.0
_C31056,-0.0
_C31057,-0.0
_C31058,-0.0
_C31059,-0.0
_C31060,-0.0
_C31061,-0.0
_C31062,-1.0
_C31063,-1.0
_C31064,-0.0
_C31065,-0.0
_C31066,-0.0
_C31067,-0.0
_C31068,-0.0
_C31069,-0.0
_C31070,-0.0
_C31071,-0.0
_C31072,-0.0
_C31073,-0.0
_C31074,-0.0
_C31075,-0.0
_C31076,-1.0
_C31077,-1.0
_C31078,-0.0
_C31079,-0.0
_C31080,-0.0
_C31081,-0.0
_C31082,-0.0
_C31083,-0.0
_C31084,-0.0
_C31085,-0.0
_C31086,-0.0
_C31087,-0.0
_C31088,-0.0
_C31089,-0.0
_C31090,-1.0
_C31091,-1.0
_C31092,-0.0
_C31093,-0.0
_C31094,-0.0
_C31095,-0.0
_C31096,-0.0
_C31097,-0.0
_C31098,-0.0
_C31099,-0.0
_C31100,-0.0
_C31101,-0.0
_C31102,-0.0
_C31103,-0.0
_C31104,-1.0
_C31105,-1.0
_C31106,-0.0
_C31107,-0.0
_C31108,-0.0
_C31109,-0.0
_C31110,-0.0
_C31111,-0.0
_C31112,-0.0
_C31113,-0.0
_C31114,-0.0
_C31115,-0.0
_C31116,-0.0
_C31117,-0.0
_C31118,-1.0
_C31119,-1.0
_C31120,-0.0
_C31121,-0.0
_C31122,-0.0
_C31123,-0.0
_C31124,-0.0
_C31125,-0.0
_C31126,-0.0
_C31127,-0.0
_C31128,-0.0
_C31129,-0.0
_C31130,-0.0
_C31131,-0.0
_C31132,-1.0
_C31133,-1.0
_C31134,-0.0
_C31135,-0.0
_C31136,-0.0
_C31137,-0.0
_C31138,-0.0
_C31139,-0.0
_C31140,-0.0
_C31141,-0.0
_C31142,-0.0
_C31143,-0.0
_C31144,-0.0
_C31145,-0.0
_C31146,-1.0
_C31147,-1.0
_C31148,-0.0
_C31149,-0.0
_C31150,-0.0
_C31151,-0.0
_C31152,-0.0
_C31153,-0.0
_C31154,-0.0
_C31155,-0.0
_C31156,-0.0
_C31157,-0.0
_C31158,-0.0
_C31159,-0.0
_C31160,-1.0
_C31161,-1.0
_C31162,-0.0
_C31163,-0.0
_C31164,-0.0
_C31165,-0.0
_C31166,-0.0
_C31167,-0.0
_C31168,-0.0
_C31169,-0.0
_C31170,-0.0
_C31171,-0.0
_C31172,-0.0
_C31173,-0.0
_C31174,-1.0
_C31175,-1.0
_C31176,-0.0
_C31177,-0.0
_C31178,-0.0
_C31179,-0.0
_C31180,-0.0
_C31181,-0.0
_C31182,-0.0
_C31183,-0.0
_C31184,-0.0
_C31185,-0.0
_C31186,-0.0
_C31187,-0.0
_C31188,-1.0
_C31189,-1.0
_C31190,-0.0
_C31191,-0.0
_C31192,-0.0
_C31193,-0.0
_C31194,-0.0
_C31195,-0.0
_C31196,-0.0
_C31197,-0.0
_C31198,-0.0
_C31199,-0.0
_C31200,-0.0
_C31201,-0.0
_C31202,-1.0
_C31203,-1.0
_C31204,-0.0
_C31205,-0.0
_C31206,-0.0
_C31207,-0.0
_C31208,-0.0
_C31209,-0.0
_C31210,-0.0
_C31211,-0.0
_C31212,-0.0
_C31213,-0.0
_C31214,-0.0
_C31215,-0.0
_C31216,-1.0
_C31217,-1.0
_C31218,-0.0
_C31219,-0.0
_C31220,-0.0
_C31221,-0.0
_C31222,-0.0
_C31223,-0.0
_C31224,-0.0
_C31225,-0.0
_C31226,-0.0
_C31227,-0.0
_C31228,-0.0
_C31229,-0.0
_C31230,-1.0
_C31231,-1.0
_C31232,-0.0
_C31233,-0.0
_C31234,-0.0
_C31235,-0.0
_C31236,-0.0
_C31237,-0.0
_C31238,-0.0
_C31239,-0.0
_C31240,-0.0
_C31241,-0.0
_C31242,-0.0
_C31243,-0.0
_C31244,-1.0
_C31245,-1.0
_C31246,-0.0
_C31247,-0.0
_C31248,-0.0
_C31249,-0.0
_C31250,-0.0
_C31251,-0.0
_C31252,-0.0
_C31253,-0.0
_C31254,-0.0
_C31255,-0.0
_C31256,-0.0
_C31257,-0.0
_C31258,-1.0
_C31259,-1.0
_C31260,-0.0
_C31261,-0.0
_C31262,-0.0
_C31263,-0.0
_C31264,-0.0
_C31265,-0.0
_C31266,-0.0
_C31267,-0.0
_C31268,-0.0
_C31269,-0.0
_C31270,-0.0
_C31271,-0.0
_C31272,-1.0
_C31273,-1.0
_C31274,-0.0
_C31275,-0.0
_C31276,-0.0
_C31277,-0.0
_C31278,-0.0
_C31279,-0.0
_C31280,-0.0
_C31281,-0.0
_C31282,-0.0
_C31283,-0.0
_C31284,-0.0
_C31285,-0.0
_C31286,-1.0
_C31287,-1.0
_C31288,-0.0
_C31289,-0.0
_C31290,-0.0
_C31291,-0.0
_C31292,-0.0
_C31293,-0.0
_C31294,-0.0
_C31295,-0.0
_C31296,-0.0
_C31297,-0.0
_C31298,-0.0
_C31299,-0.0
_C31300,-1.0
_C31301,-1.0
_C31302,-0.0
_C31303,-0.0
_C31304,-0.0
_C31305,-0.0
_C31306,-0.0
_C31307,-0.0
_C31308,-0.0
_C31309,-0.0
_C31310,-0.0
_C31311,-0.0
_C31312,-0.0
_C31313,-0.0
_C31314,-1.0
_C31315,-1.0
_C31316,-0.0
_C31317,-0.0
_C31318,-0.0
_C31319,-0.0
_C31320,-0.0
_C31321,-0.0
_C31322,-0.0
_C31323,-0.0
_C31324,-0.0
_C31325,-0.0
_C31326,-0.0
_C31327,-0.0
_C31328,-1.0
_C31329,-1.0
_C31330,-0.0
_C31331,-0.0
_C31332,-0.0
_C31333,-0.0
_C31334,-0.0
_C31335,-0.0
_C31336,-0.0
_C31337,-0.0
_C31338,-0.0
_C31339,-0.0
_C31340,-0.0
_C31341,-0.0
_C31342,-1.0
_C31343,-1.0
_C31344,-0.0
_C31345,-0.0
_C31346,-0.0
_C31347,-0.0
_C31348,-0.0
_C31349,-0.0
_C31350,-0.0
_C31351,-0.0
_C31352,-0.0
_C31353,-0.0
_C31354,-0.0
_C31355,-0.0
_C31356,-1.0
_C31357,-1.0
_C31358,-0.0
_C31359,-0.0
_C31360,-0.0
_C31361,-0.0
_C31362,-0.0
_C31363,-0.0
_C31364,-0.0
_C31365,-0.0
_C31366,-0.0
_C31367,-0.0
_C31368,-0.0
_C31369,-0.0
_C31370,-1.0
_C31371,-1.0
_C31372,-0.0
_C31373,-0.0
_C31374,-0.0
_C31375,-0.0
_C31376,-0.0
_C31377,-0.0
_C31378,-0.0
_C31379,-0.0
_C31380,-0.0
_C31381,-0.0
_C31382,-0.0
_C31383,-0.0
_C31384,-1.0
_C31385,-1.0
_C31386,-0.0
_C31387,-0.0
_C31388,-0.0
_C31389,-0.0
_C31390,-0.0
_C31391,-0.0
_C31392,-0.0
_C31393,-0.0
_C31394,-0.0
_C31395,-0.0
_C31396,-0.0
_C31397,-0.0
_C31398,-1.0
_C31399,-1.0
_C31400,-0.0
_C31401,-0.0
_C31402,-0.0
_C31403,-0.0
_C31404,-0.0
_C31405,-0.0
_C31406,-0.0
_C31407,-0.0
_C31408,-0.0
_C31409,-0.0
_C31410,-0.0
_C31411,-0.0
_C31412,-1.0
_C31413,-1.0
_C31414,-0.0
_C31415,-0.0
_C31416,-0.0
_C31417,-0.0
_C31418,-0.0
_C31419,-0.0
_C31420,-0.0
_C31421,-0.0
_C31422,-0.0
_C31423,-0.0
_C31424,-0.0
_C31425,-0.0
_C31426,-1.0
_C31427,-1.0
_C31428,-0.0
_C31429,-0.0
_C31430,-0.0
_C31431,-0.0
_C31432,-0.0
_C31433,-0.0
_C31434,-0.0
_C31435,-0.0
_C31436,-0.0
_C31437,-0.0
_C31438,-0.0
_C31439,-0.0
_C31440,-1.0
_C31441,-1.0
_C31442,-0.0
_C31443,-0.0
_C31444,-0.0
_C31445,-0.0
_C31446,-0.0
_C31447,-0.0
_C31448,-0.0
_C31449,-0.0
_C31450,-0.0
_C31451,-0.0
_C31452,-0.0
_C31453,-0.0
_C31454,-1.0
_C31455,-1.0
_C31456,-0.0
_C31457,-0.0
_C31458,-0.0
_C31459,-0.0
_C31460,-0.0
_C31461,-0.0
_C31462,-0.0
_C31463,-0.0
_C31464,-0.0
_C31465,-0.0
_C31466,-0.0
_C31467,-0.0
_C31468,-1.0
_C31469,-1.0
_C31470,-0.0
_C31471,-0.0
_C31472,-0.0
_C31473,-0.0
_C31474,-0.0
_C31475,-0.0
_C31476,-0.0
_C31477,-0.0
_C31478,-0.0
_C31479,-0.0
_C31480,-0.0
_C31481,-0.0
_C31482,-1.0
_C31483,-1.0
_C31484,-0.0
_C31485,-0.0
_C31486,-0.0
_C31487,-0.0
_C31488,-0.0
_C31489,-0.0
_C31490,-0.0
_C31491,-0.0
_C31492,-0.0
_C31493,-0.0
_C31494,-0.0
_C31495,-0.0
_C31496,-1.0
_C31497,-1.0
_C31498,-0.0
_C31499,-0.0
_C31500,-0.0
_C31501,-0.0
_C31502,-0.0
_C31503,-0.0
_C31504,-0.0
_C31505,-0.0
_C31506,-0.0
_C31507,-0.0
_C31508,-0.0
_C31509,-0.0
_C31510,-1.0
_C31511,-1.0
_C31512,-0.0
_C31513,-0.0
_C31514,-0.0
_C31515,-0.0
_C31516,-0.0
_C31517,-0.0
_C31518,-0.0
_C31519,-0.0
_C31520,-0.0
_C31521,-0.0
_C31522,-0.0
_C31523,-0.0
_C31524,-1.0
_C31525,-1.0
_C31526,-0.0
_C31527,-0.0
_C31528,-0.0
_C31529,-0.0
_C31530,-0.0
_C31531,-0.0
_C31532,-0.0
_C31533,-0.0
_C31534,-0.0
_C31535,-0.0
_C31536,-0.0
_C31537,-0.0
_C31538,-1.0
_C31539,-1.0
_C31540,-0.0
_C31541,-0.0
_C31542,-0.0
_C31543,-0.0
_C31544,-0.0
_C31545,-0.0
_C31546,-0.0
_C31547,-0.0
_C31548,-0.0
_C31549,-0.0
_C31550,-0.0
_C31551,-0.0
_C31552,-1.0
_C31553,-1.0
_C31554,-0.0
_C31555,-0.0
_C31556,-0.0
_C31557,-0.0
_C31558,-0.0
_C31559,-0.0
_C31560,-0.0
_C31561,-0.0
_C31562,-0.0
_C31563,-0.0
_C31564,-0.0
_C31565,-0.0
_C31566,-1.0
_C31567,-1.0
_C31568,-0.0
_C31569,-0.0
_C31570,-0.0
_C31571,-0.0
_C31572,-0.0
_C31573,-0.0
_C31574,-0.0
_C31575,-0.0
_C31576,-0.0
_C31577,-0.0
_C31578,-0.0
_C31579,-0.0
_C31580,-1.0
_C31581,-1.0
_C31582,-0.0
_C31583,-0.0
_C31584,-0.0
_C31585,-0.0
_C31586,-0.0
_C31587,-0.0
_C31588,-0.0
_C31589,-0.0
_C31590,-0.0
_C31591,-0.0
_C31592,-0.0
_C31593,-0.0
_C31594,-1.0
_C31595,-1.0
_C31596,-0.0
_C31597,-0.0
_C31598,-0.0
_C31599,-0.0
_C31600,-0.0
_C31601,-0.0
_C31602,-0.0
_C31603,-0.0
_C31604,-0.0
_C31605,-0.0
_C31606,-0.0
_C31607,-0.0
_C31608,-1.0
_C31609,-1.0
_C31610,-0.0
_C31611,-0.0
_C31612,-0.0
_C31613,-0.0
_C31614,-0.0
_C31615,-0.0
_C31616,-0.0
_C31617,-0.0
_C31618,-0.0
_C31619,-0.0
_C31620,-0.0
_C31621,-0.0
_C31622,-1.0
_C31623,-1.0
_C31624,-0.0
_C31625,-0.0
_C31626,-0.0
_C31627,-0.0
_C31628,-0.0
_C31629,-0.0
_C31630,-0.0
_C31631,-0.0
_C31632,-0.0
_C31633,-0.0
_C31634,-0.0
_C31635,-0.0
_C31636,-1.0
_C31637,-1.0
_C31638,-0.0
_C31639,-0.0
_C31640,-0.0
_C31641,-0.0
_C31642,-0.0
_C31643,-0.0
_C31644,-0.0
_C31645,-0.0
_C31646,-0.0
_C31647,-0.0
_C31648,-0.0
_C31649,-0.0
_C31650,-1.0
_C31651,-1.0
_C31652,-0.0
_C31653,-0.0
_C31654,-0.0
_C31655,-0.0
_C31656,-0.0
_C31657,-0.0
_C31658,-0.0
_C31659,-0.0
_C31660,-0.0
_C31661,-0.0
_C31662,-0.0
_C31663,-0.0
_C31664,-1.0
_C31665,-1.0
_C31666,-0.0
_C31667,-0.0
_C31668,-0.0
_C31669,-0.0
_C31670,-0.0
_C31671,-0.0
_C31672,-0.0
_C31673,-0.0
_C31674,-0.0
_C31675,-0.0
_C31676,-0.0
_C31677,-0.0
_C31678,-1.0
_C31679,-1.0
_C31680,-0.0
_C31681,-0.0
_C31682,-0.0
_C31683,-0.0
_C31684,-0.0
_C31685,-0.0
_C31686,-0.0
_C31687,-0.0
_C31688,-0.0
_C31689,-0.0
_C31690,-0.0
_C31691,-0.0
_C31692,-1.0
_C31693,-1.0
_C31694,-0.0
_C31695,-0.0
_C31696,-0.0
_C31697,-0.0
_C31698,-0.0
_C31699,-0.0
_C31700,-0.0
_C31701,-0.0
_C31702,-0.0
_C31703,-0.0
_C31704,-0.0
_C31705,-0.0
_C31706,-1.0
_C31707,-1.0
_C31708,-0.0
_C31709,-0.0
_C31710,-0.0
_C31711,-0.0
_C31712,-0.0
_C31713,-0.0
_C31714,-0.0
_C31715,-0.0
_C31716,-0.0
_C31717,-0.0
_C31718,-0.0
_C31719,-0.0
_C31720,-1.0
_C31721,-1.0
_C31722,-0.0
_C31723,-0.0
_C31724,-0.0
_C31725,-0.0
_C31726,-0.0
_C31727,-0.0
_C31728,-0.0
_C31729,-0.0
_C31730,-0.0
_C31731,-0.0
_C31732,-0.0
_C31733,-0.0
_C31734,-1.0
_C31735,-1.0
_C31736,-0.0
_C31737,-0.0
_C31738,-0.0
_C31739,-0.0
_C31740,-0.0
_C31741,-0.0
_C31742,-0.0
_C31743,-0.0
_C31744,-0.0
_C31745,-0.0
_C31746,-0.0
_C31747,-0.0
_C31748,-1.0
_C31749,-1.0
_C31750,-0.0
_C31751,-0.0
_C31752,-0.0
_C31753,-0.0
_C31754,-0.0
_C31755,-0.0
_C31756,-0.0
_C31757,-0.0
_C31758,-0.0
_C31759,-0.0
_C31760,-0.0
_C31761,-0.0
_C31762,-1.0
_C31763,-1.0
_C31764,-0.0
_C31765,-0.0
_C31766,-0.0
_C31767,-0.0
_C31768,-0.0
_C31769,-0.0
_C31770,-0.0
_C31771,-0.0
_C31772,-0.0
_C31773,-0.0
_C31774,-0.0
_C31775,-0.0
_C31776,-1.0
_C31777,-1.0
_C31778,-0.0
_C31779,-0.0
_C31780,-0.0
_C31781,-0.0
_C31782,-0.0
_C31783,-0.0
_C31784,-0.0
_C31785,-0.0
_C31786,-0.0
_C31787,-0.0
_C31788,-0.0
_C31789,-0.0
_C31790,-1.0
_C31791,-1.0
_C31792,-0.0
_C31793,-0.0
_C31794,-0.0
_C31795,-0.0
_C31796,-0.0
_C31797,-0.0
_C31798,-0.0
_C31799,-0.0
_C31800,-0.0
_C31801,-0.0
_C31802,-0.0
_C31803,-0.0
_C31804,-1.0
_C31805,-1.0
_C31806,-0.0
_C31807,-0.0
_C31808,-0.0
_C31809,-0.0
_C31810,-0.0
_C31811,-0.0
_C31812,-0.0
_C31813,-0.0
_C31814,-0.0
_C31815,-0.0
_C31816,-0.0
_C31817,-0.0
_C31818,-1.0
_C31819,-1.0
_C31820,-0.0
_C31821,-0.0
_C31822,-0.0
_C31823,-0.0
_C31824,-0.0
_C31825,-0.0
_C31826,-0.0
_C31827,-0.0
_C31828,-0.0
_C31829,-0.0
_C31830,-0.0
_C31831,-0.0
_C31832,-1.0
_C31833,-1.0
_C31834,-0.0
_C31835,-0.0
_C31836,-0.0
_C31837,-0.0
_C31838,-0.0
_C31839,-0.0
_C31840,-0.0
_C31841,-0.0
_C31842,-0.0
_C31843,-0.0
_C31844,-0.0
_C31845,-0.0
_C31846,-1.0
_C31847,-1.0
_C31848,-0.0
_C31849,-0.0
_C31850,-0.0
_C31851,-0.0
_C31852,-0.0
_C31853,-0.0
_C31854,-0.0
_C31855,-0.0
_C31856,-0.0
_C31857,-0.0
_C31858,-0.0
_C31859,-0.0
_C31860,-1.0
_C31861,-1.0
_C31862,-0.0
_C31863,-0.0
_C31864,-0.0
_C31865,-0.0
_C31866,-0.0
_C31867,-0.0
_C31868,-0.0
_C31869,-0.0
_C31870,-0.0
_C31871,-0.0
_C31872,-0.0
_C31873,-0.0
_C31874,-1.0
_C31875,-1.0
_C31876,-0.0
_C31877,-0.0
_C31878,-0.0
_C31879,-0.0
_C31880,-0.0
_C31881,-0.0
_C31882,-0.0
_C31883,-0.0
_C31884,-0.0
_C31885,-0.0
_C31886,-0.0
_C31887,-0.0
_C31888,-1.0
_C31889,-1.0
_C31890,-0.0
_C31891,-0.0
_C31892,-0.0
_C31893,-0.0
_C31894,-0.0
_C31895,-0.0
_C31896,-0.0
_C31897,-0.0
_C31898,-0.0
_C31899,-0.0
_C31900,-0.0
_C31901,-0.0
_C31902,-1.0
_C31903,-1.0
_C31904,-0.0
_C31905,-0.0
_C31906,-0.0
_C31907,-0.0
_C31908,-0.0
_C31909,-0.0
_C31910,-0.0
_C31911,-0.0
_C31912,-0.0
_C31913,-0.0
_C31914,-0.0
_C31915,-0.0
_C31916,-1.0
_C31917,-1.0
_C31918,-0.0
_C31919,-0.0
_C31920,-0.0
_C31921,-0.0
_C31922,-0.0
_C31923,-0.0
_C31924,-0.0
_C31925,-0.0
_C31926,-0.0
_C31927,-0.0
_C31928,-0.0
_C31929,-0.0
_C31930,-1.0
_C31931,-1.0
_C31932,-0.0
_C31933,-0.0
_C31934,-0.0
_C31935,-0.0
_C31936,-0.0
_C31937,-0.0
_C31938,-0.0
_C31939,-0.0
_C31940,-0.0
_C31941,-0.0
_C31942,-0.0
_C31943,-0.0
_C31944,-1.0
_C31945,-1.0
_C31946,-0.0
_C31947,-0.0
_C31948,-0.0
_C31949,-0.0
_C31950,-0.0
_C31951,-0.0
_C31952,-0.0
_C31953,-0.0
_C31954,-0.0
_C31955,-0.0
_C31956,-0.0
_C31957,-0.0
_C31958,-1.0
_C31959,-1.0
_C31960,-0.0
_C31961,-0.0
_C31962,-0.0
_C31963,-0.0
_C31964,-0.0
_C31965,-0.0
_C31966,-0.0
_C31967,-0.0
_C31968,-0.0
_C31969,-0.0
_C31970,-0.0
_C31971,-0.0
_C31972,-1.0
_C31973,-1.0
_C31974,-0.0
_C31975,-0.0
_C31976,-0.0
_C31977,-0.0
_C31978,-0.0
_C31979,-0.0
_C31980,-0.0
_C31981,-0.0
_C31982,-0.0
_C31983,-0.0
_C31984,-0.0
_C31985,-0.0
_C31986,-1.0
_C31987,-1.0
_C31988,-0.0
_C31989,-0.0
_C31990,-0.0
_C31991,-0.0
_C31992,-0.0
_C31993,-0.0
_C31994,-0.0
_C31995,-0.0
_C31996,-0.0
_C31997,-0.0
_C31998,-0.0
_C31999,-0.0
_C32000,-1.0
_C32001,-1.0
_C32002,-0.0
_C32003,-0.0
_C32004,-0.0
_C32005,-0.0
_C32006,-0.0
_C32007,-0.0
_C32008,-0.0
_C32009,-0.0
_C32010,-0.0
_C32011,-0.0
_C32012,-0.0
_C32013,-0.0
_C32014,-1.0
_C32015,-1.0
_C32016,-0.0
_C32017,-0.0
_C32018,-0.0
_C32019,-0.0
_C32020,-0.0
_C32021,-0.0
_C32022,-0.0
_C32023,-0.0
_C32024,-0.0
_C32025,-0.0
_C32026,-0.0
_C32027,-0.0
_C32028,-1.0
_C32029,-1.0
_C32030,-0.0
_C32031,-0.0
_C32032,-0.0
_C32033,-0.0
_C32034,-0.0
_C32035,-0.0
_C32036,-0.0
_C32037,-0.0
_C32038,-0.0
_C32039,-0.0
_C32040,-0.0
_C32041,-0.0
_C32042,-1.0
_C32043,-1.0
_C32044,-0.0
_C32045,-0.0
_C32046,-0.0
_C32047,-0.0
_C32048,-0.0
_C32049,-0.0
_C32050,-0.0
_C32051,-0.0
_C32052,-0.0
_C32053,-0.0
_C32054,-0.0
_C32055,-0.0
_C32056,-1.0
_C32057,-1.0
_C32058,-0.0
_C32059,-0.0
_C32060,-0.0
_C32061,-0.0
_C32062,-0.0
_C32063,-0.0
_C32064,-0.0
_C32065,-0.0
_C32066,-0.0
_C32067,-0.0
_C32068,-0.0
_C32069,-0.0
_C32070,-1.0
_C32071,-1.0
_C32072,-0.0
_C32073,-0.0
_C32074,-0.0
_C32075,-0.0
_C32076,-0.0
_C32077,-0.0
_C32078,-0.0
_C32079,-0.0
_C32080,-0.0
_C32081,-0.0
_C32082,-0.0
_C32083,-0.0
_C32084,-1.0
_C32085,-1.0
_C32086,-0.0
_C32087,-0.0
_C32088,-0.0
_C32089,-0.0
_C32090,-0.0
_C32091,-0.0
_C32092,-0.0
_C32093,-0.0
_C32094,-0.0
_C32095,-0.0
_C32096,-0.0
_C32097,-0.0
_C32098,-1.0
_C32099,-1.0
_C32100,-0.0
_C32101,-0.0
_C32102,-0.0
_C32103,-0.0
_C32104,-0.0
_C32105,-0.0
_C32106,-0.0
_C32107,-0.0
_C32108,-0.0
_C32109,-0.0
_C32110,-0.0
_C32111,-0.0
_C32112,-1.0
_C32113,-1.0
_C32114,-0.0
_C32115,-0.0
_C32116,-0.0
_C32117,-0.0
_C32118,-0.0
_C32119,-0.0
_C32120,-0.0
_C32121,-0.0
_C32122,-0.0
_C32123,-0.0
_C32124,-0.0
_C32125,-0.0
_C32126,-1.0
_C32127,-1.0
_C32128,-0.0
_C32129,-0.0
_C32130,-0.0
_C32131,-0.0
_C32132,-0.0
_C32133,-0.0
_C32134,-0.0
_C32135,-0.0
_C32136,-0.0
_C32137,-0.0
_C32138,-0.0
_C32139,-0.0
_C32140,-1.0
_C32141,-1.0
_C32142,-0.0
_C32143,-0.0
_C32144,-0.0
_C32145,-0.0
_C32146,-0.0
_C32147,-0.0
_C32148,-0.0
_C32149,-0.0
_C32150,-0.0
_C32151,-0.0
_C32152,-0.0
_C32153,-0.0
_C32154,-1.0
_C32155,-1.0
_C32156,-0.0
_C32157,-0.0
_C32158,-0.0
_C32159,-0.0
_C32160,-0.0
_C32161,-0.0
_C32162,-0.0
_C32163,-0.0
_C32164,-0.0
_C32165,-0.0
_C32166,-0.0
_C32167,-0.0
_C32168,-1.0
_C32169,-1.0
_C32170,-0.0
_C32171,-0.0
_C32172,-0.0
_C32173,-0.0
_C32174,-0.0
_C32175,-0.0
_C32176,-0.0
_C32177,-0.0
_C32178,-0.0
_C32179,-0.0
_C32180,-0.0
_C32181,-0.0
_C32182,-1.0
_C32183,-1.0
_C32184,-0.0
_C32185,-0.0
_C32186,-0.0
_C32187,-0.0
_C32188,-0.0
_C32189,-0.0
_C32190,-0.0
_C32191,-0.0
_C32192,-0.0
_C32193,-0.0
_C32194,-0.0
_C32195,-0.0
_C32196,-1.0
_C32197,-1.0
_C32198,-0.0
_C32199,-0.0
_C32200,-0.0
_C32201,-0.0
_C32202,-0.0
_C32203,-0.0
_C32204,-0.0
_C32205,-0.0
_C32206,-0.0
_C32207,-0.0
_C32208,-0.0
_C32209,-0.0
_C32210,-1.0
_C32211,-1.0
_C32212,-0.0
_C32213,-0.0
_C32214,-0.0
_C32215,-0.0
_C32216,-0.0
_C32217,-0.0
_C32218,-0.0
_C32219,-0.0
_C32220,-0.0
_C32221,-0.0
_C32222,-0.0
_C32223,-0.0
_C32224,-1.0
_C32225,-1.0
_C32226,-0.0
_C32227,-0.0
_C32228,-0.0
_C32229,-0.0
_C32230,-0.0
_C32231,-0.0
_C32232,-0.0
_C32233,-0.0
_C32234,-0.0
_C32235,-0.0
_C32236,-0.0
_C32237,-0.0
_C32238,-1.0
_C32239,-1.0
_C32240,-0.0
_C32241,-0.0
_C32242,-0.0
_C32243,-0.0
_C32244,-0.0
_C32245,-0.0
_C32246,-0.0
_C32247,-0.0
_C32248,-0.0
_C32249,-0.0
_C32250,-0.0
_C32251,-0.0
_C32252,-1.0
_C32253,-1.0
_C32254,-0.0
_C32255,-0.0
_C32256,-0.0
_C32257,-0.0
_C32258,-0.0
_C32259,-0.0
_C32260,-0.0
_C32261,-0.0
_C32262,-0.0
_C32263,-0.0
_C32264,-0.0
_C32265,-0.0
_C32266,-1.0
_C32267,-1.0
_C32268,-0.0
_C32269,-0.0
_C32270,-0.0
_C32271,-0.0
_C32272,-0.0
_C32273,-0.0
_C32274,-0.0
_C32275,-0.0
_C32276,-0.0
_C32277,-0.0
_C32278,-0.0
_C32279,-0.0
_C32280,-1.0
_C32281,-1.0
_C32282,-0.0
_C32283,-0.0
_C32284,-0.0
_C32285,-0.0
_C32286,-0.0
_C32287,-0.0
_C32288,-0.0
_C32289,-0.0
_C32290,-0.0
_C32291,-0.0
_C32292,-0.0
_C32293,-0.0
_C32294,-1.0
_C32295,-1.0
_C32296,-0.0
_C32297,-0.0
_C32298,-0.0
_C32299,-0.0
_C32300,-0.0
_C32301,-0.0
_C32302,-0.0
_C32303,-0.0
_C32304,-0.0
_C32305,-0.0
_C32306,-0.0
_C32307,-0.0
_C32308,-1.0
_C32309,-1.0
_C32310,-0.0
_C32311,-0.0
_C32312,-0.0
_C32313,-0.0
_C32314,-0.0
_C32315,-0.0
_C32316,-0.0
_C32317,-0.0
_C32318,-0.0
_C32319,-0.0
_C32320,-0.0
_C32321,-0.0
_C32322,-1.0
_C32323,-1.0
_C32324,-0.0
_C32325,-0.0
_C32326,-0.0
_C32327,-0.0
_C32328,-0.0
_C32329,-0.0
_C32330,-0.0
_C32331,-0.0
_C32332,-0.0
_C32333,-0.0
_C32334,-0.0
_C32335,-0.0
_C32336,-1.0
_C32337,-1.0
_C32338,-0.0
_C32339,-0.0
_C32340,-0.0
_C32341,-0.0
_C32342,-0.0
_C32343,-0.0
_C32344,-0.0
_C32345,-0.0
_C32346,-0.0
_C32347,-0.0
_C32348,-0.0
_C32349,-0.0
_C32350,-1.0
_C32351,-1.0
_C32352,-0.0
_C32353,-0.0
_C32354,-0.0
_C32355,-0.0
_C32356,-0.0
_C32357,-0.0
_C32358,-0.0
_C32359,-0.0
_C32360,-0.0
_C32361,-0.0
_C32362,-0.0
_C32363,-0.0
_C32364,-1.0
_C32365,-1.0
_C32366,-0.0
_C32367,-0.0
_C32368,-0.0
_C32369,-0.0
_C32370,-0.0
_C32371,-0.0
_C32372,-0.0
_C32373,-0.0
_C32374,-0.0
_C32375,-0.0
_C32376,-0.0
_C32377,-0.0
_C32378,-1.0
_C32379,-1.0
_C32380,-0.0
_C32381,-0.0
_C32382,-0.0
_C32383,-0.0
_C32384,-0.0
_C32385,-0.0
_C32386,-0.0
_C32387,-0.0
_C32388,-0.0
_C32389,-0.0
_C32390,-0.0
_C32391,-0.0
_C32392,-1.0
_C32393,-1.0
_C32394,-0.0
_C32395,-0.0
_C32396,-0.0
_C32397,-0.0
_C32398,-0.0
_C32399,-0.0
_C32400,-0.0
_C32401,-0.0
_C32402,-0.0
_C32403,-0.0
_C32404,-0.0
_C32405,-0.0
_C32406,-1.0
_C32407,-1.0
_C32408,-0.0
_C32409,-0.0
_C32410,-0.0
_C32411,-0.0
_C32412,-0.0
_C32413,-0.0
_C32414,-0.0
_C32415,-0.0
_C32416,-0.0
_C32417,-0.0
_C32418,-0.0
_C32419,-0.0
_C32420,-1.0
_C32421,-1.0
_C32422,-0.0
_C32423,-0.0
_C32424,-0.0
_C32425,-0.0
_C32426,-0.0
_C32427,-0.0
_C32428,-0.0
_C32429,-0.0
_C32430,-0.0
_C32431,-0.0
_C32432,-0.0
_C32433,-0.0
_C32434,-1.0
_C32435,-1.0
_C32436,-0.0
_C32437,-0.0
_C32438,-0.0
_C32439,-0.0
_C32440,-0.0
_C32441,-0.0
_C32442,-0.0
_C32443,-0.0
_C32444,-0.0
_C32445,-0.0
_C32446,-0.0
_C32447,-0.0
_C32448,-1.0
_C32449,-1.0
_C32450,-0.0
_C32451,-0.0
_C32452,-0.0
_C32453,-0.0
_C32454,-0.0
_C32455,-0.0
_C32456,-0.0
_C32457,-0.0
_C32458,-0.0
_C32459,-0.0
_C32460,-0.0
_C32461,-0.0
_C32462,-1.0
_C32463,-1.0
_C32464,-0.0
_C32465,-0.0
_C32466,-0.0
_C32467,-0.0
_C32468,-0.0
_C32469,-0.0
_C32470,-0.0
_C32471,-0.0
_C32472,-0.0
_C32473,-0.0
_C32474,-0.0
_C32475,-0.0
_C32476,-1.0
_C32477,-1.0
_C32478,-0.0
_C32479,-0.0
_C32480,-0.0
_C32481,-0.0
_C32482,-0.0
_C32483,-0.0
_C32484,-0.0
_C32485,-0.0
_C32486,-0.0
_C32487,-0.0
_C32488,-0.0
_C32489,-0.0
_C32490,-1.0
_C32491,-1.0
_C32492,-0.0
_C32493,-0.0
_C32494,-0.0
_C32495,-0.0
_C32496,-0.0
_C32497,-0.0
_C32498,-0.0
_C32499,-0.0
_C32500,-0.0
_C32501,-0.0
_C32502,-0.0
_C32503,-0.0
_C32504,-1.0
_C32505,-1.0
_C32506,-0.0
_C32507,-0.0
_C32508,-0.0
_C32509,-0.0
_C32510,-0.0
_C32511,-0.0
_C32512,-0.0
_C32513,-0.0
_C32514,-0.0
_C32515,-0.0
_C32516,-0.0
_C32517,-0.0
_C32518,-1.0
_C32519,-1.0
_C32520,-0.0
_C32521,-0.0
_C32522,-0.0
_C32523,-0.0
_C32524,-0.0
_C32525,-0.0
_C32526,-0.0
_C32527,-0.0
_C32528,-0.0
_C32529,-0.0
_C32530,-0.0
_C32531,-0.0
_C32532,-1.0
_C32533,-1.0
_C32534,-0.0
_C32535,-0.0
_C32536,-0.0
_C32537,-0.0
_C32538,-0.0
_C32539,-0.0
_C32540,-0.0
_C32541,-0.0
_C32542,-0.0
_C32543,-0.0
_C32544,-0.0
_C32545,-0.0
_C32546,-1.0
_C32547,-1.0
_C32548,-0.0
_C32549,-0.0
_C32550,-0.0
_C32551,-0.0
_C32552,-0.0
_C32553,-0.0
_C32554,-0.0
_C32555,-0.0
_C32556,-0.0
_C32557,-0.0
_C32558,-0.0
_C32559,-0.0
_C32560,-1.0
_C32561,-1.0
_C32562,-0.0
_C32563,-0.0
_C32564,-0.0
_C32565,-0.0
_C32566,-0.0
_C32567,-0.0
_C32568,-0.0
_C32569,-0.0
_C32570,-0.0
_C32571,-0.0
_C32572,-0.0
_C32573,-0.0
_C32574,-1.0
_C32575,-1.0
_C32576,-0.0
_C32577,-0.0
_C32578,-0.0
_C32579,-0.0
_C32580,-0.0
_C32581,-0.0
_C32582,-0.0
_C32583,-0.0
_C32584,-0.0
_C32585,-0.0
_C32586,-0.0
_C32587,-0.0
_C32588,-1.0
_C32589,-1.0
_C32590,-0.0
_C32591,-0.0
_C32592,-0.0
_C32593,-0.0
_C32594,-0.0
_C32595,-0.0
_C32596,-0.0
_C32597,-0.0
_C32598,-0.0
_C32599,-0.0
_C32600,-0.0
_C32601,-0.0
_C32602,-1.0
_C32603,-1.0
_C32604,-0.0
_C32605,-0.0
_C32606,-0.0
_C32607,-0.0
_C32608,-0.0
_C32609,-0.0
_C32610,-0.0
_C32611,-0.0
_C32612,-0.0
_C32613,-0.0
_C32614,-0.0
_C32615,-0.0
_C32616,-1.0
_C32617,-1.0
_C32618,-0.0
_C32619,-0.0
_C32620,-0.0
_C32621,-0.0
_C32622,-0.0
_C32623,-0.0
_C32624,-0.0
_C32625,-0.0
_C32626,-0.0
_C32627,-0.0
_C32628,-0.0
_C32629,-0.0
_C32630,-1.0
_C32631,-1.0
_C32632,-0.0
_C32633,-0.0
_C32634,-0.0
_C32635,-0.0
_C32636,-0.0
_C32637,-0.0
_C32638,-0.0
_C32639,-0.0
_C32640,-0.0
_C32641,-0.0
_C32642,-0.0
_C32643,-0.0
_C32644,-1.0
_C32645,-1.0
_C32646,-0.0
_C32647,-0.0
_C32648,-0.0
_C32649,-0.0
_C32650,-0.0
_C32651,-0.0
_C32652,-0.0
_C32653,-0.0
_C32654,-0.0
_C32655,-0.0
_C32656,-0.0
_C32657,-0.0
_C32658,-1.0
_C32659,-1.0
_C32660,-0.0
_C32661,-0.0
_C32662,-0.0
_C32663,-0.0
_C32664,-0.0
_C32665,-0.0
_C32666,-0.0
_C32667,-0.0
_C32668,-0.0
_C32669,-0.0
_C32670,-0.0
_C32671,-0.0
_C32672,-1.0
_C32673,-1.0
_C32674,-0.0
_C32675,-0.0
_C32676,-0.0
_C32677,-0.0
_C32678,-0.0
_C32679,-0.0
_C32680,-0.0
_C32681,-0.0
_C32682,-0.0
_C32683,-0.0
_C32684,-0.0
_C32685,-0.0
_C32686,-1.0
_C32687,-1.0
_C32688,-0.0
_C32689,-0.0
_C32690,-0.0
_C32691,-0.0
_C32692,-0.0
_C32693,-0.0
_C32694,-0.0
_C32695,-0.0
_C32696,-0.0
_C32697,-0.0
_C32698,-0.0
_C32699,-0.0
_C32700,-1.0
_C32701,-1.0
_C32702,-0.0
_C32703,-0.0
_C32704,-0.0
_C32705,-0.0
_C32706,-0.0
_C32707,-0.0
_C32708,-0.0
_C32709,-0.0
_C32710,-0.0
_C32711,-0.0
_C32712,-0.0
_C32713,-0.0
_C32714,-1.0
_C32715,-1.0
_C32716,-0.0
_C32717,-0.0
_C32718,-0.0
_C32719,-0.0
_C32720,-0.0
_C32721,-0.0
_C32722,-0.0
_C32723,-0.0
_C32724,-0.0
_C32725,-0.0
_C32726,-0.0
_C32727,-0.0
_C32728,-1.0
_C32729,-1.0
_C32730,-0.0
_C32731,-0.0
_C32732,-0.0
_C32733,-0.0
_C32734,-0.0
_C32735,-0.0
_C32736,-0.0
_C32737,-0.0
_C32738,-0.0
_C32739,-0.0
_C32740,-0.0
_C32741,-0.0
_C32742,-1.0
_C32743,-1.0
_C32744,-0.0
_C32745,-0.0
_C32746,-0.0
_C32747,-0.0
_C32748,-0.0
_C32749,-0.0
_C32750,-0.0
_C32751,-0.0
_C32752,-0.0
_C32753,-0.0
_C32754,-0.0
_C32755,-0.0
_C32756,-1.0
_C32757,-1.0
_C32758,-0.0
_C32759,-0.0
_C32760,-0.0
_C32761,-0.0
_C32762,-0.0
_C32763,-0.0
_C32764,-0.0
_C32765,-0.0
_C32766,-0.0
_C32767,-0.0
_C32768,-0.0
_C32769,-0.0
_C32770,-1.0
_C32771,-1.0
_C32772,-0.0
_C32773,-0.0
_C32774,-0.0
_C32775,-0.0
_C32776,-0.0
_C32777,-0.0
_C32778,-0.0
_C32779,-0.0
_C32780,-0.0
_C32781,-0.0
_C32782,-0.0
_C32783,-0.0
_C32784,-1.0
_C32785,-1.0
_C32786,-0.0
_C32787,-0.0
_C32788,-0.0
_C32789,-0.0
_C32790,-0.0
_C32791,-0.0
_C32792,-0.0
_C32793,-0.0
_C32794,-0.0
_C32795,-0.0
_C32796,-0.0
_C32797,-0.0
_C32798,-1.0
_C32799,-1.0
_C32800,-0.0
_C32801,-0.0
_C32802,-0.0
_C32803,-0.0
_C32804,-0.0
_C32805,-0.0
_C32806,-0.0
_C32807,-0.0
_C32808,-0.0
_C32809,-0.0
_C32810,-0.0
_C32811,-0.0
_C32812,-1.0
_C32813,-1.0
_C32814,-0.0
_C32815,-0.0
_C32816,-0.0
_C32817,-0.0
_C32818,-0.0
_C32819,-0.0
_C32820,-0.0
_C32821,-0.0
_C32822,-0.0
_C32823,-0.0
_C32824,-0.0
_C32825,-0.0
_C32826,-1.0
_C32827,-1.0
_C32828,-0.0
_C32829,-0.0
_C32830,-0.0
_C32831,-0.0
_C32832,-0.0
_C32833,-0.0
_C32834,-0.0
_C32835,-0.0
_C32836,-0.0
_C32837,-0.0
_C32838,-0.0
_C32839,-0.0
_C32840,-1.0
_C32841,-1.0
_C32842,-0.0
_C32843,-0.0
_C32844,-0.0
_C32845,-0.0
_C32846,-0.0
_C32847,-0.0
_C32848,-0.0
_C32849,-0.0
_C32850,-0.0
_C32851,-0.0
_C32852,-0.0
_C32853,-0.0
_C32854,-1.0
_C32855,-1.0
_C32856,-0.0
_C32857,-0.0
_C32858,-0.0
_C32859,-0.0
_C32860,-0.0
_C32861,-0.0
_C32862,-0.0
_C32863,-0.0
_C32864,-0.0
_C32865,-0.0
_C32866,-0.0
_C32867,-0.0
_C32868,-1.0
_C32869,-1.0
_C32870,-0.0
_C32871,-0.0
_C32872,-0.0
_C32873,-0.0
_C32874,-0.0
_C32875,-0.0
_C32876,-0.0
_C32877,-0.0
_C32878,-0.0
_C32879,-0.0
_C32880,-0.0
_C32881,-0.0
_C32882,-1.0
_C32883,-1.0
_C32884,-0.0
_C32885,-0.0
_C32886,-0.0
_C32887,-0.0
_C32888,-0.0
_C32889,-0.0
_C32890,-0.0
_C32891,-0.0
_C32892,-0.0
_C32893,-0.0
_C32894,-0.0
_C32895,-0.0
_C32896,-1.0
_C32897,-1.0
_C32898,-0.0
_C32899,-0.0
_C32900,-0.0
_C32901,-0.0
_C32902,-0.0
_C32903,-0.0
_C32904,-0.0
_C32905,-0.0
_C32906,-0.0
_C32907,-0.0
_C32908,-0.0
_C32909,-0.0
_C32910,-1.0
_C32911,-1.0
_C32912,-0.0
_C32913,-0.0
_C32914,-0.0
_C32915,-0.0
_C32916,-0.0
_C32917,-0.0
_C32918,-0.0
_C32919,-0.0
_C32920,-0.0
_C32921,-0.0
_C32922,-0.0
_C32923,-0.0
_C32924,-1.0
_C32925,-1.0
_C32926,-0.0
_C32927,-0.0
_C32928,-0.0
_C32929,-0.0
_C32930,-0.0
_C32931,-0.0
_C32932,-0.0
_C32933,-0.0
_C32934,-0.0
_C32935,-0.0
_C32936,-0.0
_C32937,-0.0
_C32938,-1.0
_C32939,-1.0
_C32940,-0.0
_C32941,-0.0
_C32942,-0.0
_C32943,-0.0
_C32944,-0.0
_C32945,-0.0
_C32946,-0.0
_C32947,-0.0
_C32948,-0.0
_C32949,-0.0
_C32950,-0.0
_C32951,-0.0
_C32952,-1.0
_C32953,-1.0
_C32954,-0.0
_C32955,-0.0
_C32956,-0.0
_C32957,-0.0
_C32958,-0.0
_C32959,-0.0
_C32960,-0.0
_C32961,-0.0
_C32962,-0.0
_C32963,-0.0
_C32964,-0.0
_C32965,-0.0
_C32966,-1.0
_C32967,-1.0
_C32968,-0.0
_C32969,-0.0
_C32970,-0.0
_C32971,-0.0
_C32972,-0.0
_C32973,-0.0
_C32974,-0.0
_C32975,-0.0
_C32976,-0.0
_C32977,-0.0
_C32978,-0.0
_C32979,-0.0
_C32980,-1.0
_C32981,-1.0
_C32982,-0.0
_C32983,-0.0
_C32984,-0.0
_C32985,-0.0
_C32986,-0.0
_C32987,-0.0
_C32988,-0.0
_C32989,-0.0
_C32990,-0.0
_C32991,-0.0
_C32992,-0.0
_C32993,-0.0
_C32994,-1.0
_C32995,-1.0
_C32996,-0.0
_C32997,-0.0
_C32998,-0.0
_C32999,-0.0
_C33000,-0.0
_C33001,-0.0
_C33002,-0.0
_C33003,-0.0
_C33004,-0.0
_C33005,-0.0
_C33006,-0.0
_C33007,-0.0
_C33008,-1.0
_C33009,-1.0
_C33010,-0.0
_C33011,-0.0
_C33012,-0.0
_C33013,-0.0
_C33014,-0.0
_C33015,-0.0
_C33016,-0.0
_C33017,-0.0
_C33018,-0.0
_C33019,-0.0
_C33020,-0.0
_C33021,-0.0
_C33022,-1.0
_C33023,-1.0
_C33024,-0.0
_C33025,-0.0
_C33026,-0.0
_C33027,-0.0
_C33028,-0.0
_C33029,-0.0
_C33030,-0.0
_C33031,-0.0
_C33032,-0.0
_C33033,-0.0
_C33034,-0.0
_C33035,-0.0
_C33036,-1.0
_C33037,-1.0
_C33038,-0.0
_C33039,-0.0
_C33040,-0.0
_C33041,-0.0
_C33042,-0.0
_C33043,-0.0
_C33044,-0.0
_C33045,-0.0
_C33046,-0.0
_C33047,-0.0
_C33048,-0.0
_C33049,-0.0
_C33050,-1.0
_C33051,-1.0
_C33052,-0.0
_C33053,-0.0
_C33054,-0.0
_C33055,-0.0
_C33056,-0.0
_C33057,-0.0
_C33058,-0.0
_C33059,-0.0
_C33060,-0.0
_C33061,-0.0
_C33062,-0.0
_C33063,-0.0
_C33064,-1.0
_C33065,-1.0
_C33066,-0.0
_C33067,-0.0
_C33068,-0.0
_C33069,-0.0
_C33070,-0.0
_C33071,-0.0
_C33072,-0.0
_C33073,-0.0
_C33074,-0.0
_C33075,-0.0
_C33076,-0.0
_C33077,-0.0
_C33078,-1.0
_C33079,-1.0
_C33080,-0.0
_C33081,-0.0
_C33082,-0.0
_C33083,-0.0
_C33084,-0.0
_C33085,-0.0
_C33086,-0.0
_C33087,-0.0
_C33088,-0.0
_C33089,-0.0
_C33090,-0.0
_C33091,-0.0
_C33092,-1.0
_C33093,-1.0
_C33094,-0.0
_C33095,-0.0
_C33096,-0.0
_C33097,-0.0
_C33098,-0.0
_C33099,-0.0
_C33100,-0.0
_C33101,-0.0
_C33102,-0.0
_C33103,-0.0
_C33104,-0.0
_C33105,-0.0
_C33106,-1.0
_C33107,-1.0
_C33108,-0.0
_C33109,-0.0
_C33110,-0.0
_C33111,-0.0
_C33112,-0.0
_C33113,-0.0
_C33114,-0.0
_C33115,-0.0
_C33116,-0.0
_C33117,-0.0
_C33118,-0.0
_C33119,-0.0
_C33120,-1.0
_C33121,-1.0
_C33122,-0.0
_C33123,-0.0
_C33124,-0.0
_C33125,-0.0
_C33126,-0.0
_C33127,-0.0
_C33128,-0.0
_C33129,-0.0
_C33130,-0.0
_C33131,-0.0
_C33132,-0.0
_C33133,-0.0
_C33134,-1.0
_C33135,-1.0
_C33136,-0.0
_C33137,-0.0
_C33138,-0.0
_C33139,-0.0
_C33140,-0.0
_C33141,-0.0
_C33142,-0.0
_C33143,-0.0
_C33144,-0.0
_C33145,-0.0
_C33146,-0.0
_C33147,-0.0
_C33148,-1.0
_C33149,-1.0
_C33150,-0.0
_C33151,-0.0
_C33152,-0.0
_C33153,-0.0
_C33154,-0.0
_C33155,-0.0
_C33156,-0.0
_C33157,-0.0
_C33158,-0.0
_C33159,-0.0
_C33160,-0.0
_C33161,-0.0
_C33162,-1.0
_C33163,-1.0
_C33164,-0.0
_C33165,-0.0
_C33166,-0.0
_C33167,-0.0
_C33168,-0.0
_C33169,-0.0
_C33170,-0.0
_C33171,-0.0
_C33172,-0.0
_C33173,-0.0
_C33174,-0.0
_C33175,-0.0
_C33176,-1.0
_C33177,-1.0
_C33178,-0.0
_C33179,-0.0
_C33180,-0.0
_C33181,-0.0
_C33182,-0.0
_C33183,-0.0
_C33184,-0.0
_C33185,-0.0
_C33186,-0.0
_C33187,-0.0
_C33188,-0.0
_C33189,-0.0
_C33190,-1.0
_C33191,-1.0
_C33192,-0.0
_C33193,-0.0
_C33194,-0.0
_C33195,-0.0
_C33196,-0.0
_C33197,-0.0
_C33198,-0.0
_C33199,-0.0
_C33200,-0.0
_C33201,-0.0
_C33202,-0.0
_C33203,-0.0
_C33204,-1.0
_C33205,-1.0
_C33206,-0.0
_C33207,-0.0
_C33208,-0.0
_C33209,-0.0
_C33210,-0.0
_C33211,-0.0
_C33212,-0.0
_C33213,-0.0
_C33214,-0.0
_C33215,-0.0
_C33216,-0.0
_C33217,-0.0
_C33218,-1.0
_C33219,-1.0
_C33220,-0.0
_C33221,-0.0
_C33222,-0.0
_C33223,-0.0
_C33224,-0.0
_C33225,-0.0
_C33226,-0.0
_C33227,-0.0
_C33228,-0.0
_C33229,-0.0
_C33230,-0.0
_C33231,-0.0
_C33232,-1.0
_C33233,-1.0
_C33234,-0.0
_C33235,-0.0
_C33236,-0.0
_C33237,-0.0
_C33238,-0.0
_C33239,-0.0
_C33240,-0.0
_C33241,-0.0
_C33242,-0.0
_C33243,-0.0
_C33244,-0.0
_C33245,-0.0
_C33246,-1.0
_C33247,-1.0
_C33248,-0.0
_C33249,-0.0
_C33250,-0.0
_C33251,-0.0
_C33252,-0.0
_C33253,-0.0
_C33254,-0.0
_C33255,-0.0
_C33256,-0.0
_C33257,-0.0
_C33258,-0.0
_C33259,-0.0
_C33260,-1.0
_C33261,-1.0
_C33262,-0.0
_C33263,-0.0
_C33264,-0.0
_C33265,-0.0
_C33266,-0.0
_C33267,-0.0
_C33268,-0.0
_C33269,-0.0
_C33270,-0.0
_C33271,-0.0
_C33272,-0.0
_C33273,-0.0
_C33274,-1.0
_C33275,-1.0
_C33276,-0.0
_C33277,-0.0
_C33278,-0.0
_C33279,-0.0
_C33280,-0.0
_C33281,-0.0
_C33282,-0.0
_C33283,-0.0
_C33284,-0.0
_C33285,-0.0
_C33286,-0.0
_C33287,-0.0
_C33288,-1.0
_C33289,-1.0
_C33290,-0.0
_C33291,-0.0
_C33292,-0.0
_C33293,-0.0
_C33294,-0.0
_C33295,-0.0
_C33296,-0.0
_C33297,-0.0
_C33298,-0.0
_C33299,-0.0
_C33300,-0.0
_C33301,-0.0
_C33302,-1.0
_C33303,-1.0
_C33304,-0.0
_C33305,-0.0
_C33306,-0.0
_C33307,-0.0
_C33308,-0.0
_C33309,-0.0
_C33310,-0.0
_C33311,-0.0
_C33312,-0.0
_C33313,-0.0
_C33314,-0.0
_C33315,-0.0
_C33316,-1.0
_C33317,-1.0
_C33318,-0.0
_C33319,-0.0
_C33320,-0.0
_C33321,-0.0
_C33322,-0.0
_C33323,-0.0
_C33324,-0.0
_C33325,-0.0
_C33326,-0.0
_C33327,-0.0
_C33328,-0.0
_C33329,-0.0
_C33330,-1.0
_C33331,-1.0
_C33332,-0.0
_C33333,-0.0
_C33334,-0.0
_C33335,-0.0
_C33336,-0.0
_C33337,-0.0
_C33338,-0.0
_C33339,-0.0
_C33340,-0.0
_C33341,-0.0
_C33342,-0.0
_C33343,-0.0
_C33344,-1.0
_C33345,-1.0
_C33346,-0.0
_C33347,-0.0
_C33348,-0.0
_C33349,-0.0
_C33350,-0.0
_C33351,-0.0
_C33352,-0.0
_C33353,-0.0
_C33354,-0.0
_C33355,-0.0
_C33356,-0.0
_C33357,-0.0
_C33358,-1.0
_C33359,-1.0
_C33360,-0.0
_C33361,-0.0
_C33362,-0.0
_C33363,-0.0
_C33364,-0.0
_C33365,-0.0
_C33366,-0.0
_C33367,-0.0
_C33368,-0.0
_C33369,-0.0
_C33370,-0.0
_C33371,-0.0
_C33372,-1.0
_C33373,-1.0
_C33374,-0.0
_C33375,-0.0
_C33376,-0.0
_C33377,-0.0
_C33378,-0.0
_C33379,-0.0
_C33380,-0.0
_C33381,-0.0
_C33382,-0.0
_C33383,-0.0
_C33384,-0.0
_C33385,-0.0
_C33386,-1.0
_C33387,-1.0
_C33388,-0.0
_C33389,-0.0
_C33390,-0.0
_C33391,-0.0
_C33392,-0.0
_C33393,-0.0
_C33394,-0.0
_C33395,-0.0
_C33396,-0.0
_C33397,-0.0
_C33398,-0.0
_C33399,-0.0
_C33400,-1.0
_C33401,-1.0
_C33402,-0.0
_C33403,-0.0
_C33404,-0.0
_C33405,-0.0
_C33406,-0.0
_C33407,-0.0
_C33408,-0.0
_C33409,-0.0
_C33410,-0.0
_C33411,-0.0
_C33412,-0.0
_C33413,-0.0
_C33414,-1.0
_C33415,-1.0
_C33416,-0.0
_C33417,-0.0
_C33418,-0.0
_C33419,-0.0
_C33420,-0.0
_C33421,-0.0
_C33422,-0.0
_C33423,-0.0
_C33424,-0.0
_C33425,-0.0
_C33426,-0.0
_C33427,-0.0
_C33428,-1.0
_C33429,-1.0
_C33430,-0.0
_C33431,-0.0
_C33432,-0.0
_C33433,-0.0
_C33434,-0.0
_C33435,-0.0
_C33436,-0.0
_C33437,-0.0
_C33438,-0.0
_C33439,-0.0
_C33440,-0.0
_C33441,-0.0
_C33442,-1.0
_C33443,-1.0
_C33444,-0.0
_C33445,-0.0
_C33446,-0.0
_C33447,-0.0
_C33448,-0.0
_C33449,-0.0
_C33450,-0.0
_C33451,-0.0
_C33452,-0.0
_C33453,-0.0
_C33454,-0.0
_C33455,-0.0
_C33456,-1.0
_C33457,-1.0
_C33458,-0.0
_C33459,-0.0
_C33460,-0.0
_C33461,-0.0
_C33462,-0.0
_C33463,-0.0
_C33464,-0.0
_C33465,-0.0
_C33466,-0.0
_C33467,-0.0
_C33468,-0.0
_C33469,-0.0
_C33470,-1.0
_C33471,-1.0
_C33472,-0.0
_C33473,-0.0
_C33474,-0.0
_C33475,-0.0
_C33476,-0.0
_C33477,-0.0
_C33478,-0.0
_C33479,-0.0
_C33480,-0.0
_C33481,-0.0
_C33482,-0.0
_C33483,-0.0
_C33484,-1.0
_C33485,-1.0
_C33486,-0.0
_C33487,-0.0
_C33488,-0.0
_C33489,-0.0
_C33490,-0.0
_C33491,-0.0
_C33492,-0.0
_C33493,-0.0
_C33494,-0.0
_C33495,-0.0
_C33496,-0.0
_C33497,-0.0
_C33498,-1.0
_C33499,-1.0
_C33500,-0.0
_C33501,-0.0
_C33502,-0.0
_C33503,-0.0
_C33504,-0.0
_C33505,-0.0
_C33506,-0.0
_C33507,-0.0
_C33508,-0.0
_C33509,-0.0
_C33510,-0.0
_C33511,-0.0
_C33512,-1.0
_C33513,-1.0
_C33514,-0.0
_C33515,-0.0
_C33516,-0.0
_C33517,-0.0
_C33518,-0.0
_C33519,-0.0
_C33520,-0.0
_C33521,-0.0
_C33522,-0.0
_C33523,-0.0
_C33524,-0.0
_C33525,-0.0
_C33526,-1.0
_C33527,-1.0
_C33528,-0.0
_C33529,-0.0
_C33530,-0.0
_C33531,-0.0
_C33532,-0.0
_C33533,-0.0
_C33534,-0.0
_C33535,-0.0
_C33536,-0.0
_C33537,-0.0
_C33538,-0.0
_C33539,-0.0
_C33540,-1.0
_C33541,-1.0
_C33542,-0.0
_C33543,-0.0
_C33544,-0.0
_C33545,-0.0
_C33546,-0.0
_C33547,-0.0
_C33548,-0.0
_C33549,-0.0
_C33550,-0.0
_C33551,-0.0
_C33552,-0.0
_C33553,-0.0
_C33554,-1.0
_C33555,-1.0
_C33556,-0.0
_C33557,-0.0
_C33558,-0.0
_C33559,-0.0
_C33560,-0.0
_C33561,-0.0
_C33562,-0.0
_C33563,-0.0
_C33564,-0.0
_C33565,-0.0
_C33566,-0.0
_C33567,-0.0
_C33568,-1.0
_C33569,-1.0
_C33570,-0.0
_C33571,-0.0
_C33572,-0.0
_C33573,-0.0
_C33574,-0.0
_C33575,-0.0
_C33576,-0.0
_C33577,-0.0
_C33578,-0.0
_C33579,-0.0
_C33580,-0.0
_C33581,-0.0
_C33582,-1.0
_C33583,-1.0
_C33584,-0.0
_C33585,-0.0
_C33586,-0.0
_C33587,-0.0
_C33588,-0.0
_C33589,-0.0
_C33590,-0.0
_C33591,-0.0
_C33592,-0.0
_C33593,-0.0
_C33594,-0.0
_C33595,-0.0
_C33596,-1.0
_C33597,-1.0
_C33598,-0.0
_C33599,-0.0
_C33600,-0.0
_C33601,-0.0
_C33602,-0.0
_C33603,-0.0
_C33604,-0.0
_C33605,-0.0
_C33606,-0.0
_C33607,-0.0
_C33608,-0.0
_C33609,-0.0
_C33610,-1.0
_C33611,-1.0
_C33612,-0.0
_C33613,-0.0
_C33614,-0.0
_C33615,-0.0
_C33616,-0.0
_C33617,-0.0
_C33618,-0.0
_C33619,-0.0
_C33620,-0.0
_C33621,-0.0
_C33622,-0.0
_C33623,-0.0
_C33624,-1.0
_C33625,-1.0
_C33626,-0.0
_C33627,-0.0
_C33628,-0.0
_C33629,-0.0
_C33630,-0.0
_C33631,-0.0
_C33632,-0.0
_C33633,-0.0
_C33634,-0.0
_C33635,-0.0
_C33636,-0.0
_C33637,-0.0
_C33638,-1.0
_C33639,-1.0
_C33640,-0.0
_C33641,-0.0
_C33642,-0.0
_C33643,-0.0
_C33644,-0.0
_C33645,-0.0
_C33646,-0.0
_C33647,-0.0
_C33648,-0.0
_C33649,-0.0
_C33650,-0.0
_C33651,-0.0
_C33652,-1.0
_C33653,-1.0
_C33654,-0.0
_C33655,-0.0
_C33656,-0.0
_C33657,-0.0
_C33658,-0.0
_C33659,-0.0
_C33660,-0.0
_C33661,-0.0
_C33662,-0.0
_C33663,-0.0
_C33664,-0.0
_C33665,-0.0
_C33666,-1.0
_C33667,-1.0
_C33668,-0.0
_C33669,-0.0
_C33670,-0.0
_C33671,-0.0
_C33672,-0.0
_C33673,-0.0
_C33674,-0.0
_C33675,-0.0
_C33676,-0.0
_C33677,-0.0
_C33678,-0.0
_C33679,-0.0
_C33680,-1.0
_C33681,-1.0
_C33682,-0.0
_C33683,-0.0
_C33684,-0.0
_C33685,-0.0
_C33686,-0.0
_C33687,-0.0
_C33688,-0.0
_C33689,-0.0
_C33690,-0.0
_C33691,-0.0
_C33692,-0.0
_C33693,-0.0
_C33694,-1.0
_C33695,-1.0
_C33696,-0.0
_C33697,-0.0
_C33698,-0.0
_C33699,-0.0
_C33700,-0.0
_C33701,-0.0
_C33702,-0.0
_C33703,-0.0
_C33704,-0.0
_C33705,-0.0
_C33706,-0.0
_C33707,-0.0
_C33708,-1.0
_C33709,-1.0
_C33710,-0.0
_C33711,-0.0
_C33712,-0.0
_C33713,-0.0
_C33714,-0.0
_C33715,-0.0
_C33716,-0.0
_C33717,-0.0
_C33718,-0.0
_C33719,-0.0
_C33720,-0.0
_C33721,-0.0
_C33722,-1.0
_C33723,-1.0
_C33724,-0.0
_C33725,-0.0
_C33726,-0.0
_C33727,-0.0
_C33728,-0.0
_C33729,-0.0
_C33730,-0.0
_C33731,-0.0
_C33732,-0.0
_C33733,-0.0
_C33734,-0.0
_C33735,-0.0
_C33736,-1.0
_C33737,-1.0
_C33738,-0.0
_C33739,-0.0
_C33740,-0.0
_C33741,-0.0
_C33742,-0.0
_C33743,-0.0
_C33744,-0.0
_C33745,-0.0
_C33746,-0.0
_C33747,-0.0
_C33748,-0.0
_C33749,-0.0
_C33750,-1.0
_C33751,-1.0
_C33752,-0.0
_C33753,-0.0
_C33754,-0.0
_C33755,-0.0
_C33756,-0.0
_C33757,-0.0
_C33758,-0.0
_C33759,-0.0
_C33760,-0.0
_C33761,-0.0
_C33762,-0.0
_C33763,-0.0
_C33764,-1.0
_C33765,-1.0
_C33766,-0.0
_C33767,-0.0
_C33768,-0.0
_C33769,-0.0
_C33770,-0.0
_C33771,-0.0
_C33772,-0.0
_C33773,-0.0
_C33774,-0.0
_C33775,-0.0
_C33776,-0.0
_C33777,-0.0
_C33778,-1.0
_C33779,-1.0
_C33780,-0.0
_C33781,-0.0
_C33782,-0.0
_C33783,-0.0
_C33784,-0.0
_C33785,-0.0
_C33786,-0.0
_C33787,-0.0
_C33788,-0.0
_C33789,-0.0
_C33790,-0.0
_C33791,-0.0
_C33792,-1.0
_C33793,-1.0
_C33794,-0.0
_C33795,-0.0
_C33796,-0.0
_C33797,-0.0
_C33798,-0.0
_C33799,-0.0
_C33800,-0.0
_C33801,-0.0
_C33802,-0.0
_C33803,-0.0
_C33804,-0.0
_C33805,-0.0
_C33806,-1.0
_C33807,-1.0
_C33808,-0.0
_C33809,-0.0
_C33810,-0.0
_C33811,-0.0
_C33812,-0.0
_C33813,-0.0
_C33814,-0.0
_C33815,-0.0
_C33816,-0.0
_C33817,-0.0
_C33818,-0.0
_C33819,-0.0
_C33820,-1.0
_C33821,-1.0
_C33822,-0.0
_C33823,-0.0
_C33824,-0.0
_C33825,-0.0
_C33826,-0.0
_C33827,-0.0
_C33828,-0.0
_C33829,-0.0
_C33830,-0.0
_C33831,-0.0
_C33832,-0.0
_C33833,-0.0
_C33834,-1.0
_C33835,-1.0
_C33836,-0.0
_C33837,-0.0
_C33838,-0.0
_C33839,-0.0
_C33840,-0.0
_C33841,-0.0
_C33842,-0.0
_C33843,-0.0
_C33844,-0.0
_C33845,-0.0
_C33846,-0.0
_C33847,-0.0
_C33848,-1.0
_C33849,-1.0
_C33850,-0.0
_C33851,-0.0
_C33852,-0.0
_C33853,-0.0
_C33854,-0.0
_C33855,-0.0
_C33856,-0.0
_C33857,-0.0
_C33858,-0.0
_C33859,-0.0
_C33860,-0.0
_C33861,-0.0
_C33862,-1.0
_C33863,-1.0
_C33864,-0.0
_C33865,-0.0
_C33866,-0.0
_C33867,-0.0
_C33868,-0.0
_C33869,-0.0
_C33870,-0.0
_C33871,-0.0
_C33872,-0.0
_C33873,-0.0
_C33874,-0.0
_C33875,-0.0
_C33876,-1.0
_C33877,-1.0
_C33878,-0.0
_C33879,-0.0
_C33880,-0.0
_C33881,-0.0
_C33882,-0.0
_C33883,-0.0
_C33884,-0.0
_C33885,-0.0
_C33886,-0.0
_C33887,-0.0
_C33888,-0.0
_C33889,-0.0
_C33890,-1.0
_C33891,-1.0
_C33892,-0.0
_C33893,-0.0
_C33894,-0.0
_C33895,-0.0
_C33896,-0.0
_C33897,-0.0
_C33898,-0.0
_C33899,-0.0
_C33900,-0.0
_C33901,-0.0
_C33902,-0.0
_C33903,-0.0
_C33904,-1.0
_C33905,-1.0
_C33906,-0.0
_C33907,-0.0
_C33908,-0.0
_C33909,-0.0
_C33910,-0.0
_C33911,-0.0
_C33912,-0.0
_C33913,-0.0
_C33914,-0.0
_C33915,-0.0
_C33916,-0.0
_C33917,-0.0
_C33918,-1.0
_C33919,-1.0
_C33920,-0.0
_C33921,-0.0
_C33922,-0.0
_C33923,-0.0
_C33924,-0.0
_C33925,-0.0
_C33926,-0.0
_C33927,-0.0
_C33928,-0.0
_C33929,-0.0
_C33930,-0.0
_C33931,-0.0
_C33932,-1.0
_C33933,-1.0
_C33934,-0.0
_C33935,-0.0
_C33936,-0.0
_C33937,-0.0
_C33938,-0.0
_C33939,-0.0
_C33940,-0.0
_C33941,-0.0
_C33942,-0.0
_C33943,-0.0
_C33944,-0.0
_C33945,-0.0
_C33946,-1.0
_C33947,-1.0
_C33948,-0.0
_C33949,-0.0
_C33950,-0.0
_C33951,-0.0
_C33952,-0.0
_C33953,-0.0
_C33954,-0.0
_C33955,-0.0
_C33956,-0.0
_C33957,-0.0
_C33958,-0.0
_C33959,-0.0
_C33960,-1.0
_C33961,-1.0
_C33962,-0.0
_C33963,-0.0
_C33964,-0.0
_C33965,-0.0
_C33966,-0.0
_C33967,-0.0
_C33968,-0.0
_C33969,-0.0
_C33970,-0.0
_C33971,-0.0
_C33972,-0.0
_C33973,-0.0
_C33974,-1.0
_C33975,-1.0
_C33976,-0.0
_C33977,-0.0
_C33978,-0.0
_C33979,-0.0
_C33980,-0.0
_C33981,-0.0
_C33982,-0.0
_C33983,-0.0
_C33984,-0.0
_C33985,-0.0
_C33986,-0.0
_C33987,-0.0
_C33988,-1.0
_C33989,-1.0
_C33990,-0.0
_C33991,-0.0
_C33992,-0.0
_C33993,-0.0
_C33994,-0.0
_C33995,-0.0
_C33996,-0.0
_C33997,-0.0
_C33998,-0.0
_C33999,-0.0
_C34000,-0.0
_C34001,-0.0
_C34002,-1.0
_C34003,-1.0
_C34004,-0.0
_C34005,-0.0
_C34006,-0.0
_C34007,-0.0
_C34008,-0.0
_C34009,-0.0
_C34010,-0.0
_C34011,-0.0
_C34012,-0.0
_C34013,-0.0
_C34014,-0.0
_C34015,-0.0
_C34016,-1.0
_C34017,-1.0
_C34018,-0.0
_C34019,-0.0
_C34020,-0.0
_C34021,-0.0
_C34022,-0.0
_C34023,-0.0
_C34024,-0.0
_C34025,-0.0
_C34026,-0.0
_C34027,-0.0
_C34028,-0.0
_C34029,-0.0
_C34030,-1.0
_C34031,-1.0
_C34032,-0.0
_C34033,-0.0
_C34034,-0.0
_C34035,-0.0
_C34036,-0.0
_C34037,-0.0
_C34038,-0.0
_C34039,-0.0
_C34040,-0.0
_C34041,-0.0
_C34042,-0.0
_C34043,-0.0
_C34044,-1.0
_C34045,-1.0
_C34046,-0.0
_C34047,-0.0
_C34048,-0.0
_C34049,-0.0
_C34050,-0.0
_C34051,-0.0
_C34052,-0.0
_C34053,-0.0
_C34054,-0.0
_C34055,-0.0
_C34056,-0.0
_C34057,-0.0
_C34058,-1.0
_C34059,-1.0
_C34060,-0.0
_C34061,-0.0
_C34062,-0.0
_C34063,-0.0
_C34064,-0.0
_C34065,-0.0
_C34066,-0.0
_C34067,-0.0
_C34068,-0.0
_C34069,-0.0
_C34070,-0.0
_C34071,-0.0
_C34072,-1.0
_C34073,-1.0
_C34074,-0.0
_C34075,-0.0
_C34076,-0.0
_C34077,-0.0
_C34078,-0.0
_C34079,-0.0
_C34080,-0.0
_C34081,-0.0
_C34082,-0.0
_C34083,-0.0
_C34084,-0.0
_C34085,-0.0
_C34086,-1.0
_C34087,-1.0
_C34088,-0.0
_C34089,-0.0
_C34090,-0.0
_C34091,-0.0
_C34092,-0.0
_C34093,-0.0
_C34094,-0.0
_C34095,-0.0
_C34096,-0.0
_C34097,-0.0
_C34098,-0.0
_C34099,-0.0
_C34100,-1.0
_C34101,-1.0
_C34102,-0.0
_C34103,-0.0
_C34104,-0.0
_C34105,-0.0
_C34106,-0.0
_C34107,-0.0
_C34108,-0.0
_C34109,-0.0
_C34110,-0.0
_C34111,-0.0
_C34112,-0.0
_C34113,-0.0
_C34114,-1.0
_C34115,-1.0
_C34116,-0.0
_C34117,-0.0
_C34118,-0.0
_C34119,-0.0
_C34120,-0.0
_C34121,-0.0
_C34122,-0.0
_C34123,-0.0
_C34124,-0.0
_C34125,-0.0
_C34126,-0.0
_C34127,-0.0
_C34128,-1.0
_C34129,-1.0
_C34130,-0.0
_C34131,-0.0
_C34132,-0.0
_C34133,-0.0
_C34134,-0.0
_C34135,-0.0
_C34136,-0.0
_C34137,-0.0
_C34138,-0.0
_C34139,-0.0
_C34140,-0.0
_C34141,-0.0
_C34142,-1.0
_C34143,-1.0
_C34144,-0.0
_C34145,-0.0
_C34146,-0.0
_C34147,-0.0
_C34148,-0.0
_C34149,-0.0
_C34150,-0.0
_C34151,-0.0
_C34152,-0.0
_C34153,-0.0
_C34154,-0.0
_C34155,-0.0
_C34156,-1.0
_C34157,-1.0
_C34158,-0.0
_C34159,-0.0
_C34160,-0.0
_C34161,-0.0
_C34162,-0.0
_C34163,-0.0
_C34164,-0.0
_C34165,-0.0
_C34166,-0.0
_C34167,-0.0
_C34168,-0.0
_C34169,-0.0
_C34170,-1.0
_C34171,-1.0
_C34172,-0.0
_C34173,-0.0
_C34174,-0.0
_C34175,-0.0
_C34176,-0.0
_C34177,-0.0
_C34178,-0.0
_C34179,-0.0
_C34180,-0.0
_C34181,-0.0
_C34182,-0.0
_C34183,-0.0
_C34184,-1.0
_C34185,-1.0
_C34186,-0.0
_C34187,-0.0
_C34188,-0.0
_C34189,-0.0
_C34190,-0.0
_C34191,-0.0
_C34192,-0.0
_C34193,-0.0
_C34194,-0.0
_C34195,-0.0
_C34196,-0.0
_C34197,-0.0
_C34198,-1.0
_C34199,-1.0
_C34200,-0.0
_C34201,-0.0
_C34202,-0.0
_C34203,-0.0
_C34204,-0.0
_C34205,-0.0
_C34206,-0.0
_C34207,-0.0
_C34208,-0.0
_C34209,-0.0
_C34210,-0.0
_C34211,-0.0
_C34212,-1.0
_C34213,-1.0
_C34214,-0.0
_C34215,-0.0
_C34216,-0.0
_C34217,-0.0
_C34218,-0.0
_C34219,-0.0
_C34220,-0.0
_C34221,-0.0
_C34222,-0.0
_C34223,-0.0
_C34224,-0.0
_C34225,-0.0
_C34226,-1.0
_C34227,-1.0
_C34228,-0.0
_C34229,-0.0
_C34230,-0.0
_C34231,-0.0
_C34232,-0.0
_C34233,-0.0
_C34234,-0.0
_C34235,-0.0
_C34236,-0.0
_C34237,-0.0
_C34238,-0.0
_C34239,-0.0
_C34240,-1.0
_C34241,-1.0
_C34242,-0.0
_C34243,-0.0
_C34244,-0.0
_C34245,-0.0
_C34246,-0.0
_C34247,-0.0
_C34248,-0.0
_C34249,-0.0
_C34250,-0.0
_C34251,-0.0
_C34252,-0.0
_C34253,-0.0
_C34254,-1.0
_C34255,-1.0
_C34256,-0.0
_C34257,-0.0
_C34258,-0.0
_C34259,-0.0
_C34260,-0.0
_C34261,-0.0
_C34262,-0.0
_C34263,-0.0
_C34264,-0.0
_C34265,-0.0
_C34266,-0.0
_C34267,-0.0
_C34268,-1.0
_C34269,-1.0
_C34270,-0.0
_C34271,-0.0
_C34272,-0.0
_C34273,-0.0
_C34274,-0.0
_C34275,-0.0
_C34276,-0.0
_C34277,-0.0
_C34278,-0.0
_C34279,-0.0
_C34280,-0.0
_C34281,-0.0
_C34282,-1.0
_C34283,-1.0
_C34284,-0.0
_C34285,-0.0
_C34286,-0.0
_C34287,-0.0
_C34288,-0.0
_C34289,-0.0
_C34290,-0.0
_C34291,-0.0
_C34292,-0.0
_C34293,-0.0
_C34294,-0.0
_C34295,-0.0
_C34296,-1.0
_C34297,-1.0
_C34298,-0.0
_C34299,-0.0
_C34300,-0.0
_C34301,-0.0
_C34302,-0.0
_C34303,-0.0
_C34304,-0.0
_C34305,-0.0
_C34306,-0.0
_C34307,-0.0
_C34308,-0.0
_C34309,-0.0
_C34310,-1.0
_C34311,-1.0
_C34312,-0.0
_C34313,-0.0
_C34314,-0.0
_C34315,-0.0
_C34316,-0.0
_C34317,-0.0
_C34318,-0.0
_C34319,-0.0
_C34320,-0.0
_C34321,-0.0
_C34322,-0.0
_C34323,-0.0
_C34324,-1.0
_C34325,-1.0
_C34326,-0.0
_C34327,-0.0
_C34328,-0.0
_C34329,-0.0
_C34330,-0.0
_C34331,-0.0
_C34332,-0.0
_C34333,-0.0
_C34334,-0.0
_C34335,-0.0
_C34336,-0.0
_C34337,-0.0
_C34338,-1.0
_C34339,-1.0
_C34340,-0.0
_C34341,-0.0
_C34342,-0.0
_C34343,-0.0
_C34344,-0.0
_C34345,-0.0
_C34346,-0.0
_C34347,-0.0
_C34348,-0.0
_C34349,-0.0
_C34350,-0.0
_C34351,-0.0
_C34352,-1.0
_C34353,-1.0
_C34354,-0.0
_C34355,-0.0
_C34356,-0.0
_C34357,-0.0
_C34358,-0.0
_C34359,-0.0
_C34360,-0.0
_C34361,-0.0
_C34362,-0.0
_C34363,-0.0
_C34364,-0.0
_C34365,-0.0
_C34366,-1.0
_C34367,-1.0
_C34368,-0.0
_C34369,-0.0
_C34370,-0.0
_C34371,-0.0
_C34372,-0.0
_C34373,-0.0
_C34374,-0.0
_C34375,-0.0
_C34376,-0.0
_C34377,-0.0
_C34378,-0.0
_C34379,-0.0
_C34380,-1.0
_C34381,-1.0
_C34382,-0.0
_C34383,-0.0
_C34384,-0.0
_C34385,-0.0
_C34386,-0.0
_C34387,-0.0
_C34388,-0.0
_C34389,-0.0
_C34390,-0.0
_C34391,-0.0
_C34392,-0.0
_C34393,-0.0
_C34394,-1.0
_C34395,-1.0
_C34396,-0.0
_C34397,-0.0
_C34398,-0.0
_C34399,-0.0
_C34400,-0.0
_C34401,-0.0
_C34402,-0.0
_C34403,-0.0
_C34404,-0.0
_C34405,-0.0
_C34406,-0.0
_C34407,-0.0
_C34408,-1.0
_C34409,-1.0
_C34410,-0.0
_C34411,-0.0
_C34412,-0.0
_C34413,-0.0
_C34414,-0.0
_C34415,-0.0
_C34416,-0.0
_C34417,-0.0
_C34418,-0.0
_C34419,-0.0
_C34420,-0.0
_C34421,-0.0
_C34422,-1.0
_C34423,-1.0
_C34424,-0.0
_C34425,-0.0
_C34426,-0.0
_C34427,-0.0
_C34428,-0.0
_C34429,-0.0
_C34430,-0.0
_C34431,-0.0
_C34432,-0.0
_C34433,-0.0
_C34434,-0.0
_C34435,-0.0
_C34436,-1.0
_C34437,-1.0
_C34438,-0.0
_C34439,-0.0
_C34440,-0.0
_C34441,-0.0
_C34442,-0.0
_C34443,-0.0
_C34444,-0.0
_C34445,-0.0
_C34446,-0.0
_C34447,-0.0
_C34448,-0.0
_C34449,-0.0
_C34450,-1.0
_C34451,-1.0
_C34452,-0.0
_C34453,-0.0
_C34454,-0.0
_C34455,-0.0
_C34456,-0.0
_C34457,-0.0
_C34458,-0.0
_C34459,-0.0
_C34460,-0.0
_C34461,-0.0
_C34462,-0.0
_C34463,-0.0
_C34464,-1.0
_C34465,-1.0
_C34466,-0.0
_C34467,-0.0
_C34468,-0.0
_C34469,-0.0
_C34470,-0.0
_C34471,-0.0
_C34472,-0.0
_C34473,-0.0
_C34474,-0.0
_C34475,-0.0
_C34476,-0.0
_C34477,-0.0
_C34478,-1.0
_C34479,-1.0
_C34480,-0.0
_C34481,-0.0
_C34482,-0.0
_C34483,-0.0
_C34484,-0.0
_C34485,-0.0
_C34486,-0.0
_C34487,-0.0
_C34488,-0.0
_C34489,-0.0
_C34490,-0.0
_C34491,-0.0
_C34492,-1.0
_C34493,-1.0
_C34494,-0.0
_C34495,-0.0
_C34496,-0.0
_C34497,-0.0
_C34498,-0.0
_C34499,-0.0
_C34500,-0.0
_C34501,-0.0
_C34502,-0.0
_C34503,-0.0
_C34504,-0.0
_C34505,-0.0
_C34506,-1.0
_C34507,-1.0
_C34508,-0.0
_C34509,-0.0
_C34510,-0.0
_C34511,-0.0
_C34512,-0.0
_C34513,-0.0
_C34514,-0.0
_C34515,-0.0
_C34516,-0.0
_C34517,-0.0
_C34518,-0.0
_C34519,-0.0
_C34520,-1.0
_C34521,-1.0
_C34522,-0.0
_C34523,-0.0
_C34524,-0.0
_C34525,-0.0
_C34526,-0.0
_C34527,-0.0
_C34528,-0.0
_C34529,-0.0
_C34530,-0.0
_C34531,-0.0
_C34532,-0.0
_C34533,-0.0
_C34534,-1.0
_C34535,-1.0
_C34536,-0.0
_C34537,-0.0
_C34538,-0.0
_C34539,-0.0
_C34540,-0.0
_C34541,-0.0
_C34542,-0.0
_C34543,-0.0
_C34544,-0.0
_C34545,-0.0
_C34546,-0.0
_C34547,-0.0
_C34548,-1.0
_C34549,-1.0
_C34550,-0.0
_C34551,-0.0
_C34552,-0.0
_C34553,-0.0
_C34554,-0.0
_C34555,-0.0
_C34556,-0.0
_C34557,-0.0
_C34558,-0.0
_C34559,-0.0
_C34560,-0.0
_C34561,-0.0
_C34562,-1.0
_C34563,-1.0
_C34564,-0.0
_C34565,-0.0
_C34566,-0.0
_C34567,-0.0
_C34568,-0.0
_C34569,-0.0
_C34570,-0.0
_C34571,-0.0
_C34572,-0.0
_C34573,-0.0
_C34574,-0.0
_C34575,-0.0
_C34576,-1.0
_C34577,-1.0
_C34578,-0.0
_C34579,-0.0
_C34580,-0.0
_C34581,-0.0
_C34582,-0.0
_C34583,-0.0
_C34584,-0.0
_C34585,-0.0
_C34586,-0.0
_C34587,-0.0
_C34588,-0.0
_C34589,-0.0
_C34590,-1.0
_C34591,-1.0
_C34592,-0.0
_C34593,-0.0
_C34594,-0.0
_C34595,-0.0
_C34596,-0.0
_C34597,-0.0
_C34598,-0.0
_C34599,-0.0
_C34600,-0.0
_C34601,-0.0
_C34602,-0.0
_C34603,-0.0
_C34604,-1.0
_C34605,-1.0
_C34606,-0.0
_C34607,-0.0
_C34608,-0.0
_C34609,-0.0
_C34610,-0.0
_C34611,-0.0
_C34612,-0.0
_C34613,-0.0
_C34614,-0.0
_C34615,-0.0
_C34616,-0.0
_C34617,-0.0
_C34618,-1.0
_C34619,-1.0
_C34620,-0.0
_C34621,-0.0
_C34622,-0.0
_C34623,-0.0
_C34624,-0.0
_C34625,-0.0
_C34626,-0.0
_C34627,-0.0
_C34628,-0.0
_C34629,-0.0
_C34630,-0.0
_C34631,-0.0
_C34632,-1.0
_C34633,-1.0
_C34634,-0.0
_C34635,-0.0
_C34636,-0.0
_C34637,-0.0
_C34638,-0.0
_C34639,-0.0
_C34640,-0.0
_C34641,-0.0
_C34642,-0.0
_C34643,-0.0
_C34644,-0.0
_C34645,-0.0
_C34646,-1.0
_C34647,-1.0
_C34648,-0.0
_C34649,-0.0
_C34650,-0.0
_C34651,-0.0
_C34652,-0.0
_C34653,-0.0
_C34654,-0.0
_C34655,-0.0
_C34656,-0.0
_C34657,-0.0
_C34658,-0.0
_C34659,-0.0
_C34660,-1.0
_C34661,-1.0
_C34662,-0.0
_C34663,-0.0
_C34664,-0.0
_C34665,-0.0
_C34666,-0.0
_C34667,-0.0
_C34668,-0.0
_C34669,-0.0
_C34670,-0.0
_C34671,-0.0
_C34672,-0.0
_C34673,-0.0
_C34674,-1.0
_C34675,-1.0
_C34676,-0.0
_C34677,-0.0
_C34678,-0.0
_C34679,-0.0
_C34680,-0.0
_C34681,-0.0
_C34682,-0.0
_C34683,-0.0
_C34684,-0.0
_C34685,-0.0
_C34686,-0.0
_C34687,-0.0
_C34688,-1.0
_C34689,-1.0
_C34690,-0.0
_C34691,-0.0
_C34692,-0.0
_C34693,-0.0
_C34694,-0.0
_C34695,-0.0
_C34696,-0.0
_C34697,-0.0
_C34698,-0.0
_C34699,-0.0
_C34700,-0.0
_C34701,-0.0
_C34702,-1.0
_C34703,-1.0
_C34704,-0.0
_C34705,-0.0
_C34706,-0.0
_C34707,-0.0
_C34708,-0.0
_C34709,-0.0
_C34710,-0.0
_C34711,-0.0
_C34712,-0.0
_C34713,-0.0
_C34714,-0.0
_C34715,-0.0
_C34716,-1.0
_C34717,-1.0
_C34718,-0.0
_C34719,-0.0
_C34720,-0.0
_C34721,-0.0
_C34722,-0.0
_C34723,-0.0
_C34724,-0.0
_C34725,-0.0
_C34726,-0.0
_C34727,-0.0
_C34728,-0.0
_C34729,-0.0
_C34730,-1.0
_C34731,-1.0
_C34732,-0.0
_C34733,-0.0
_C34734,-0.0
_C34735,-0.0
_C34736,-0.0
_C34737,-0.0
_C34738,-0.0
_C34739,-0.0
_C34740,-0.0
_C34741,-0.0
_C34742,-0.0
_C34743,-0.0
_C34744,-1.0
_C34745,-1.0
_C34746,-0.0
_C34747,-0.0
_C34748,-0.0
_C34749,-0.0
_C34750,-0.0
_C34751,-0.0
_C34752,-0.0
_C34753,-0.0
_C34754,-0.0
_C34755,-0.0
_C34756,-0.0
_C34757,-0.0
_C34758,-1.0
_C34759,-1.0
_C34760,-0.0
_C34761,-0.0
_C34762,-0.0
_C34763,-0.0
_C34764,-0.0
_C34765,-0.0
_C34766,-0.0
_C34767,-0.0
_C34768,-0.0
_C34769,-0.0
_C34770,-0.0
_C34771,-0.0
_C34772,-1.0
_C34773,-1.0
_C34774,-0.0
_C34775,-0.0
_C34776,-0.0
_C34777,-0.0
_C34778,-0.0
_C34779,-0.0
_C34780,-0.0
_C34781,-0.0
_C34782,-0.0
_C34783,-0.0
_C34784,-0.0
_C34785,-0.0
_C34786,-1.0
_C34787,-1.0
_C34788,-0.0
_C34789,-0.0
_C34790,-0.0
_C34791,-0.0
_C34792,-0.0
_C34793,-0.0
_C34794,-0.0
_C34795,-0.0
_C34796,-0.0
_C34797,-0.0
_C34798,-0.0
_C34799,-0.0
_C34800,-1.0
_C34801,-1.0
_C34802,-0.0
_C34803,-0.0
_C34804,-0.0
_C34805,-0.0
_C34806,-0.0
_C34807,-0.0
_C34808,-0.0
_C34809,-0.0
_C34810,-0.0
_C34811,-0.0
_C34812,-0.0
_C34813,-0.0
_C34814,-1.0
_C34815,-1.0
_C34816,-0.0
_C34817,-0.0
_C34818,-0.0
_C34819,-0.0
_C34820,-0.0
_C34821,-0.0
_C34822,-0.0
_C34823,-0.0
_C34824,-0.0
_C34825,-0.0
_C34826,-0.0
_C34827,-0.0
_C34828,-1.0
_C34829,-1.0
_C34830,-0.0
_C34831,-0.0
_C34832,-0.0
_C34833,-0.0
_C34834,-0.0
_C34835,-0.0
_C34836,-0.0
_C34837,-0.0
_C34838,-0.0
_C34839,-0.0
_C34840,-0.0
_C34841,-0.0
_C34842,-1.0
_C34843,-1.0
_C34844,-0.0
_C34845,-0.0
_C34846,-0.0
_C34847,-0.0
_C34848,-0.0
_C34849,-0.0
_C34850,-0.0
_C34851,-0.0
_C34852,-0.0
_C34853,-0.0
_C34854,-0.0
_C34855,-0.0
_C34856,-1.0
_C34857,-1.0
_C34858,-0.0
_C34859,-0.0
_C34860,-0.0
_C34861,-0.0
_C34862,-0.0
_C34863,-0.0
_C34864,-0.0
_C34865,-0.0
_C34866,-0.0
_C34867,-0.0
_C34868,-0.0
_C34869,-0.0
_C34870,-1.0
_C34871,-1.0
_C34872,-0.0
_C34873,-0.0
_C34874,-0.0
_C34875,-0.0
_C34876,-0.0
_C34877,-0.0
_C34878,-0.0
_C34879,-0.0
_C34880,-0.0
_C34881,-0.0
_C34882,-0.0
_C34883,-0.0
_C34884,-1.0
_C34885,-1.0
_C34886,-0.0
_C34887,-0.0
_C34888,-0.0
_C34889,-0.0
_C34890,-0.0
_C34891,-0.0
_C34892,-0.0
_C34893,-0.0
_C34894,-0.0
_C34895,-0.0
_C34896,-0.0
_C34897,-0.0
_C34898,-1.0
_C34899,-1.0
_C34900,-0.0
_C34901,-0.0
_C34902,-0.0
_C34903,-0.0
_C34904,-0.0
_C34905,-0.0
_C34906,-0.0
_C34907,-0.0
_C34908,-0.0
_C34909,-0.0
_C34910,-0.0
_C34911,-0.0
_C34912,-1.0
_C34913,-1.0
_C34914,-0.0
_C34915,-0.0
_C34916,-0.0
_C34917,-0.0
_C34918,-0.0
_C34919,-0.0
_C34920,-0.0
_C34921,-0.0
_C34922,-0.0
_C34923,-0.0
_C34924,-0.0
_C34925,-0.0
_C34926,-1.0
_C34927,-1.0
_C34928,-0.0
_C34929,-0.0
_C34930,-0.0
_C34931,-0.0
_C34932,-0.0
_C34933,-0.0
_C34934,-0.0
_C34935,-0.0
_C34936,-0.0
_C34937,-0.0
_C34938,-0.0
_C34939,-0.0
_C34940,-1.0
_C34941,-1.0
_C34942,-0.0
_C34943,-0.0
_C34944,-0.0
_C34945,-0.0
_C34946,-0.0
_C34947,-0.0
_C34948,-0.0
_C34949,-0.0
_C34950,-0.0
_C34951,-0.0
_C34952,-0.0
_C34953,-0.0
_C34954,-1.0
_C34955,-1.0
_C34956,-0.0
_C34957,-0.0
_C34958,-0.0
_C34959,-0.0
_C34960,-0.0
_C34961,-0.0
_C34962,-0.0
_C34963,-0.0
_C34964,-0.0
_C34965,-0.0
_C34966,-0.0
_C34967,-0.0
_C34968,-1.0
_C34969,-1.0
_C34970,-0.0
_C34971,-0.0
_C34972,-0.0
_C34973,-0.0
_C34974,-0.0
_C34975,-0.0
_C34976,-0.0
_C34977,-0.0
_C34978,-0.0
_C34979,-0.0
_C34980,-0.0
_C34981,-0.0
_C34982,-1.0
_C34983,-1.0
_C34984,-0.0
_C34985,-0.0
_C34986,-0.0
_C34987,-0.0
_C34988,-0.0
_C34989,-0.0
_C34990,-0.0
_C34991,-0.0
_C34992,-0.0
_C34993,-0.0
_C34994,-0.0
_C34995,-0.0
_C34996,-1.0
_C34997,-1.0
_C34998,-0.0
_C34999,-0.0
_C35000,-0.0
_C35001,-0.0
_C35002,-0.0
_C35003,-0.0
_C35004,-0.0
_C35005,-0.0
_C35006,-0.0
_C35007,-0.0
_C35008,-0.0
_C35009,-0.0
_C35010,-1.0
_C35011,-1.0
_C35012,-0.0
_C35013,-0.0
_C35014,-0.0
_C35015,-0.0
_C35016,-0.0
_C35017,-0.0
_C35018,-0.0
_C35019,-0.0
_C35020,-0.0
_C35021,-0.0
_C35022,-0.0
_C35023,-0.0
_C35024,-1.0
_C35025,-1.0
_C35026,-0.0
_C35027,-0.0
_C35028,-0.0
_C35029,-0.0
_C35030,-0.0
_C35031,-0.0
_C35032,-0.0
_C35033,-0.0
_C35034,-0.0
_C35035,-0.0
_C35036,-0.0
_C35037,-0.0
_C35038,-1.0
_C35039,-1.0
_C35040,-0.0
_C35041,-0.0
_C35042,-0.0
_C35043,-0.0
_C35044,-0.0
_C35045,-0.0
_C35046,-0.0
_C35047,-0.0
_C35048,-0.0
_C35049,-0.0
_C35050,-0.0
_C35051,-0.0
_C35052,-1.0
_C35053,-1.0
_C35054,-0.0
_C35055,-0.0
_C35056,-0.0
_C35057,-0.0
_C35058,-0.0
_C35059,-0.0
_C35060,-0.0
_C35061,-0.0
_C35062,-0.0
_C35063,-0.0
_C35064,-0.0
_C35065,-0.0
_C35066,-1.0
_C35067,-1.0
_C35068,-0.0
_C35069,-0.0
_C35070,-0.0
_C35071,-0.0
_C35072,-0.0
_C35073,-0.0
_C35074,-0.0
_C35075,-0.0
_C35076,-0.0
_C35077,-0.0
_C35078,-0.0
_C35079,-0.0
_C35080,-1.0
_C35081,-1.0
_C35082,-0.0
_C35083,-0.0
_C35084,-0.0
_C35085,-0.0
_C35086,-0.0
_C35087,-0.0
_C35088,-0.0
_C35089,-0.0
_C35090,-0.0
_C35091,-0.0
_C35092,-0.0
_C35093,-0.0
_C35094,-1.0
_C35095,-1.0
_C35096,-0.0
_C35097,-0.0
_C35098,-0.0
_C35099,-0.0
_C35100,-0.0
_C35101,-0.0
_C35102,-0.0
_C35103,-0.0
_C35104,-0.0
_C35105,-0.0
_C35106,-0.0
_C35107,-0.0
_C35108,-1.0
_C35109,-1.0
_C35110,-0.0
_C35111,-0.0
_C35112,-0.0
_C35113,-0.0
_C35114,-0.0
_C35115,-0.0
_C35116,-0.0
_C35117,-0.0
_C35118,-0.0
_C35119,-0.0
_C35120,-0.0
_C35121,-0.0
_C35122,-1.0
_C35123,-1.0
_C35124,-0.0
_C35125,-0.0
_C35126,-0.0
_C35127,-0.0
_C35128,-0.0
_C35129,-0.0
_C35130,-0.0
_C35131,-0.0
_C35132,-0.0
_C35133,-0.0
_C35134,-0.0
_C35135,-0.0
_C35136,-1.0
_C35137,-1.0
_C35138,-0.0
_C35139,-0.0
_C35140,-0.0
_C35141,-0.0
_C35142,-0.0
_C35143,-0.0
_C35144,-0.0
_C35145,-0.0
_C35146,-0.0
_C35147,-0.0
_C35148,-0.0
_C35149,-0.0
_C35150,-1.0
_C35151,-1.0
_C35152,-0.0
_C35153,-0.0
_C35154,-0.0
_C35155,-0.0
_C35156,-0.0
_C35157,-0.0
_C35158,-0.0
_C35159,-0.0
_C35160,-0.0
_C35161,-0.0
_C35162,-0.0
_C35163,-0.0
_C35164,-1.0
_C35165,-1.0
_C35166,-0.0
_C35167,-0.0
_C35168,-0.0
_C35169,-0.0
_C35170,-0.0
_C35171,-0.0
_C35172,-0.0
_C35173,-0.0
_C35174,-0.0
_C35175,-0.0
_C35176,-0.0
_C35177,-0.0
_C35178,-1.0
_C35179,-1.0
_C35180,-0.0
_C35181,-0.0
_C35182,-0.0
_C35183,-0.0
_C35184,-0.0
_C35185,-0.0
_C35186,-0.0
_C35187,-0.0
_C35188,-0.0
_C35189,-0.0
_C35190,-0.0
_C35191,-0.0
_C35192,-1.0
_C35193,-1.0
_C35194,-0.0
_C35195,-0.0
_C35196,-0.0
_C35197,-0.0
_C35198,-0.0
_C35199,-0.0
_C35200,-0.0
_C35201,-0.0
_C35202,-0.0
_C35203,-0.0
_C35204,-0.0
_C35205,-0.0
_C35206,-1.0
_C35207,-1.0
_C35208,-0.0
_C35209,-0.0
_C35210,-0.0
_C35211,-0.0
_C35212,-0.0
_C35213,-0.0
_C35214,-0.0
_C35215,-0.0
_C35216,-0.0
_C35217,-0.0
_C35218,-0.0
_C35219,-0.0
_C35220,-1.0
_C35221,-1.0
_C35222,-0.0
_C35223,-0.0
_C35224,-0.0
_C35225,-0.0
_C35226,-0.0
_C35227,-0.0
_C35228,-0.0
_C35229,-0.0
_C35230,-0.0
_C35231,-0.0
_C35232,-0.0
_C35233,-0.0
_C35234,-1.0
_C35235,-1.0
_C35236,-0.0
_C35237,-0.0
_C35238,-0.0
_C35239,-0.0
_C35240,-0.0
_C35241,-0.0
_C35242,-0.0
_C35243,-0.0
_C35244,-0.0
_C35245,-0.0
_C35246,-0.0
_C35247,-0.0
_C35248,-1.0
_C35249,-1.0
_C35250,-0.0
_C35251,-0.0
_C35252,-0.0
_C35253,-0.0
_C35254,-0.0
_C35255,-0.0
_C35256,-0.0
_C35257,-0.0
_C35258,-0.0
_C35259,-0.0
_C35260,-0.0
_C35261,-0.0
_C35262,-1.0
_C35263,-1.0
_C35264,-0.0
_C35265,-0.0
_C35266,-0.0
_C35267,-0.0
_C35268,-0.0
_C35269,-0.0
_C35270,-0.0
_C35271,-0.0
_C35272,-0.0
_C35273,-0.0
_C35274,-0.0
_C35275,-0.0
_C35276,-1.0
_C35277,-1.0
_C35278,-0.0
_C35279,-0.0
_C35280,-0.0
_C35281,-0.0
_C35282,-0.0
_C35283,-0.0
_C35284,-0.0
_C35285,-0.0
_C35286,-0.0
_C35287,-0.0
_C35288,-0.0
_C35289,-0.0
_C35290,-1.0
_C35291,-1.0
_C35292,-0.0
_C35293,-0.0
_C35294,-0.0
_C35295,-0.0
_C35296,-0.0
_C35297,-0.0
_C35298,-0.0
_C35299,-0.0
_C35300,-0.0
_C35301,-0.0
_C35302,-0.0
_C35303,-0.0
_C35304,-1.0
_C35305,-1.0
_C35306,-0.0
_C35307,-0.0
_C35308,-0.0
_C35309,-0.0
_C35310,-0.0
_C35311,-0.0
_C35312,-0.0
_C35313,-0.0
_C35314,-0.0
_C35315,-0.0
_C35316,-0.0
_C35317,-0.0
_C35318,-1.0
_C35319,-1.0
_C35320,-0.0
_C35321,-0.0
_C35322,-0.0
_C35323,-0.0
_C35324,-0.0
_C35325,-0.0
_C35326,-0.0
_C35327,-0.0
_C35328,-0.0
_C35329,-0.0
_C35330,-0.0
_C35331,-0.0
_C35332,-1.0
_C35333,-1.0
_C35334,-0.0
_C35335,-0.0
_C35336,-0.0
_C35337,-0.0
_C35338,-0.0
_C35339,-0.0
_C35340,-0.0
_C35341,-0.0
_C35342,-0.0
_C35343,-0.0
_C35344,-0.0
_C35345,-0.0
_C35346,-1.0
_C35347,-1.0
_C35348,-0.0
_C35349,-0.0
_C35350,-0.0
_C35351,-0.0
_C35352,-0.0
_C35353,-0.0
_C35354,-0.0
_C35355,-0.0
_C35356,-0.0
_C35357,-0.0
_C35358,-0.0
_C35359,-0.0
_C35360,-1.0
_C35361,-1.0
_C35362,-0.0
_C35363,-0.0
_C35364,-0.0
_C35365,-0.0
_C35366,-0.0
_C35367,-0.0
_C35368,-0.0
_C35369,-0.0
_C35370,-0.0
_C35371,-0.0
_C35372,-0.0
_C35373,-0.0
_C35374,-1.0
_C35375,-1.0
_C35376,-0.0
_C35377,-0.0
_C35378,-0.0
_C35379,-0.0
_C35380,-0.0
_C35381,-0.0
_C35382,-0.0
_C35383,-0.0
_C35384,-0.0
_C35385,-0.0
_C35386,-0.0
_C35387,-0.0
_C35388,-1.0
_C35389,-1.0
_C35390,-0.0
_C35391,-0.0
_C35392,-0.0
_C35393,-0.0
_C35394,-0.0
_C35395,-0.0
_C35396,-0.0
_C35397,-0.0
_C35398,-0.0
_C35399,-0.0
_C35400,-0.0
_C35401,-0.0
_C35402,-1.0
_C35403,-1.0
_C35404,-0.0
_C35405,-0.0
_C35406,-0.0
_C35407,-0.0
_C35408,-0.0
_C35409,-0.0
_C35410,-0.0
_C35411,-0.0
_C35412,-0.0
_C35413,-0.0
_C35414,-0.0
_C35415,-0.0
_C35416,-1.0
_C35417,-1.0
_C35418,-0.0
_C35419,-0.0
_C35420,-0.0
_C35421,-0.0
_C35422,-0.0
_C35423,-0.0
_C35424,-0.0
_C35425,-0.0
_C35426,-0.0
_C35427,-0.0
_C35428,-0.0
_C35429,-0.0
_C35430,-1.0
_C35431,-1.0
_C35432,-0.0
_C35433,-0.0
_C35434,-0.0
_C35435,-0.0
_C35436,-0.0
_C35437,-0.0
_C35438,-0.0
_C35439,-0.0
_C35440,-0.0
_C35441,-0.0
_C35442,-0.0
_C35443,-0.0
_C35444,-1.0
_C35445,-1.0
_C35446,-0.0
_C35447,-0.0
_C35448,-0.0
_C35449,-0.0
_C35450,-0.0
_C35451,-0.0
_C35452,-0.0
_C35453,-0.0
_C35454,-0.0
_C35455,-0.0
_C35456,-0.0
_C35457,-0.0
_C35458,-1.0
_C35459,-1.0
_C35460,-0.0
_C35461,-0.0
_C35462,-0.0
_C35463,-0.0
_C35464,-0.0
_C35465,-0.0
_C35466,-0.0
_C35467,-0.0
_C35468,-0.0
_C35469,-0.0
_C35470,-0.0
_C35471,-0.0
_C35472,-1.0
_C35473,-1.0
_C35474,-0.0
_C35475,-0.0
_C35476,-0.0
_C35477,-0.0
_C35478,-0.0
_C35479,-0.0
_C35480,-0.0
_C35481,-0.0
_C35482,-0.0
_C35483,-0.0
_C35484,-0.0
_C35485,-0.0
_C35486,-1.0
_C35487,-1.0
_C35488,-0.0
_C35489,-0.0
_C35490,-0.0
_C35491,-0.0
_C35492,-0.0
_C35493,-0.0
_C35494,-0.0
_C35495,-0.0
_C35496,-0.0
_C35497,-0.0
_C35498,-0.0
_C35499,-0.0
_C35500,-1.0
_C35501,-1.0
_C35502,-0.0
_C35503,-0.0
_C35504,-0.0
_C35505,-0.0
_C35506,-0.0
_C35507,-0.0
_C35508,-0.0
_C35509,-0.0
_C35510,-0.0
_C35511,-0.0
_C35512,-0.0
_C35513,-0.0
_C35514,-1.0
_C35515,-1.0
_C35516,-0.0
_C35517,-0.0
_C35518,-0.0
_C35519,-0.0
_C35520,-0.0
_C35521,-0.0
_C35522,-0.0
_C35523,-0.0
_C35524,-0.0
_C35525,-0.0
_C35526,-0.0
_C35527,-0.0
_C35528,-1.0
_C35529,-1.0
_C35530,-0.0
_C35531,-0.0
_C35532,-0.0
_C35533,-0.0
_C35534,-0.0
_C35535,-0.0
_C35536,-0.0
_C35537,-0.0
_C35538,-0.0
_C35539,-0.0
_C35540,-0.0
_C35541,-0.0
_C35542,-1.0
_C35543,-1.0
_C35544,-0.0
_C35545,-0.0
_C35546,-0.0
_C35547,-0.0
_C35548,-0.0
_C35549,-0.0
_C35550,-0.0
_C35551,-0.0
_C35552,-0.0
_C35553,-0.0
_C35554,-0.0
_C35555,-0.0
_C35556,-1.0
_C35557,-1.0
_C35558,-0.0
_C35559,-0.0
_C35560,-0.0
_C35561,-0.0
_C35562,-0.0
_C35563,-0.0
_C35564,-0.0
_C35565,-0.0
_C35566,-0.0
_C35567,-0.0
_C35568,-0.0
_C35569,-0.0
_C35570,-1.0
_C35571,-1.0
_C35572,-0.0
_C35573,-0.0
_C35574,-0.0
_C35575,-0.0
_C35576,-0.0
_C35577,-0.0
_C35578,-0.0
_C35579,-0.0
_C35580,-0.0
_C35581,-0.0
_C35582,-0.0
_C35583,-0.0
_C35584,-0.0
_C35585,-0.0
_C35586,-0.0
_C35587,-0.0
_C35588,-0.0
_C35589,1.110223e-16
_C35590,1.110223e-16
_C35591,1.110223e-16
_C35592,1.110223e-16
_C35593,1.110223e-16
_C35594,3.3306691e-16
_C35595,-0.0
_C35596,-2.220446e-16
_C35597,1.110223e-16
_C35598,1.110223e-16
_C35599,-0.0
_C35600,-1.110223e-16
_C35601,-1.110223e-16
_C35602,-0.0
_C35603,1416.6666695000001
_C35604,1416.6666695000001
_C35605,1397.6666695000001
_C35606,-0.0
_C35607,-0.0
_C35608,-0.0
_C35609,-0.0
_C35610,-0.0
_C35611,-0.0
_C35612,-0.0
_C35613,-0.0
_C35614,-0.0
_C35615,-0.0
_C35616,-0.0
_C35617,-0.0
_C35618,-0.0
_C35619,-0.0
_C35620,-0.0
_C35621,-0.0
_C35622,-0.0
_C35623,-0.0
_C35624,-0.0
_C35625,-0.0
_C35626,-0.0
_C35627,-0.0
_C35628,-0.0
_C35629,-0.0
_C35630,-0.0
_C35631,-0.0
_C35632,-0.0
_C35633,-0.0
_C35634,-0.0
_C35635,-0.0
_C35636,-0.0
_C35637,-0.0
_C35638,-0.0
_C35639,-0.0
_C35640,-0.0
_C35641,-0.0
_C35642,-0.0
_C35643,-0.0
_C35644,-0.0
_C35645,-0.0
_C35646,-0.0
_C35647,-0.0
_C35648,-0.0
_C35649,-0.0
_C35650,-0.0
_C35651,-0.0
_C35652,-0.0
_C35653,-0.0
_C35654,-0.0
_C35655,-0.0
_C35656,-0.0
_C35657,-0.0
_C35658,-0.0
_C35659,-0.0
_C35660,-0.0
_C35661,-0.0
_C35662,-0.0
_C35663,-0.0
_C35664,-0.0
_C35665,-0.0
_C35666,-0.0
_C35667,-0.0
_C35668,-0.0
_C35669,-0.0
_C35670,-0.0
_C35671,-0.0
_C35672,-0.0
_C35673,-0.0
_C35674,-0.0
_C35675,-0.0
_C35676,-0.0
_C35677,-0.0
_C35678,-0.0
_C35679,-0.0
_C35680,-0.0
_C35681,-0.0
_C35682,-0.0
_C35683,-0.0
_C35684,-0.0
_C35685,-0.0
_C35686,-0.0
_C35687,-0.0
_C35688,-0.0
_C35689,-0.0
_C35690,-0.0
_C35691,-0.0
_C35692,-0.0
_C35693,-0.0
_C35694,-0.0
_C35695,-0.0
_C35696,-0.0
_C35697,-0.0
_C35698,-0.0
_C35699,-0.0
_C35700,-0.0
_C35701,-0.0
_C35702,-0.0
_C35703,-0.0
_C35704,-0.0
_C35705,-0.0
_C35706,-0.0
_C35707,-0.0
_C35708,-0.0
_C35709,-0.0
_C35710,-0.0
_C35711,-0.0
_C35712,-0.0
_C35713,-0.0
_C35714,-0.0
_C35715,-0.0
_C35716,-0.0
_C35717,-0.0
_C35718,-0.0
_C35719,-0.0
_C35720,-0.0
_C35721,-0.0
_C35722,-0.0
_C35723,-0.0
_C35724,-0.0
_C35725,-0.0
_C35726,-0.0
_C35727,-0.0
_C35728,-0.0
_C35729,-0.0
_C35730,-0.0
_C35731,-0.0
_C35732,-0.0
_C35733,-0.0
_C35734,-0.0
_C35735,-0.0
_C35736,-0.0
_C35737,-0.0
_C35738,-0.0
_C35739,-0.0
_C35740,-0.0
_C35741,-0.0
_C35742,-0.0
_C35743,-0.0
_C35744,-0.0
_C35745,-0.0
_C35746,-0.0
_C35747,-0.0
_C35748,-0.0
_C35749,-0.0
_C35750,-0.0
_C35751,-0.0
_C35752,-0.0
_C35753,-0.0
_C35754,-0.0
_C35755,-0.0
_C35756,-0.0
_C35757,-0.0
_C35758,-0.0
_C35759,-0.0
_C35760,-0.0
_C35761,-0.0
_C35762,-0.0
_C35763,-0.0
_C35764,-0.0
_C35765,-0.0
_C35766,-0.0
_C35767,-0.0
_C35768,-0.0
_C35769,-0.0
_C35770,-0.0
_C35771,-0.0
_C35772,-0.0
_C35773,-0.0
_C35774,-0.0
_C35775,-0.0
_C35776,-0.0
_C35777,-0.0
_C35778,-0.0
_C35779,-0.0
_C35780,-0.0
_C35781,-0.0
_C35782,-0.0
_C35783,-0.0
_C35784,-0.0
_C35785,-0.0
_C35786,-0.0
_C35787,-0.0
_C35788,-0.0
_C35789,-0.0
_C35790,-0.0
_C35791,-0.0
_C35792,-0.0
_C35793,-0.0
_C35794,-0.0
_C35795,-0.0
_C35796,-0.0
_C35797,-0.0
_C35798,-0.0
_C35799,-0.0
_C35800,-0.0
_C35801,-0.0
_C35802,-0.0
_C35803,-0.0
_C35804,-0.0
_C35805,-0.0
_C35806,-0.0
_C35807,-0.0
_C35808,-0.0
_C35809,-0.0
_C35810,-0.0
_C35811,-0.0
_C35812,-0.0
_C35813,-0.0
_C35814,-0.0
_C35815,-0.0
_C35816,-0.0
_C35817,-0.0
_C35818,-0.0
_C35819,-0.0
_C35820,-0.0
_C35821,-0.0
_C35822,-0.0
_C35823,-0.0
_C35824,-0.0
_C35825,-0.0
_C35826,-0.0
_C35827,-0.0
_C35828,-0.0
_C35829,-0.0
_C35830,-0.0
_C35831,-0.0
_C35832,-0.0
_C35833,-0.0
_C35834,-0.0
_C35835,-0.0
_C35836,-0.0
_C35837,-0.0
_C35838,-0.0
_C35839,-0.0
_C35840,-0.0
_C35841,-0.0
_C35842,-0.0
_C35843,-0.0
_C35844,-0.0
_C35845,-0.0
_C35846,-0.0
_C35847,-0.0
_C35848,-0.0
_C35849,-0.0
_C35850,-0.0
_C35851,-0.0
_C35852,-0.0
_C35853,-0.0
_C35854,-0.0
_C35855,-0.0
_C35856,-0.0
_C35857,-0.0
_C35858,-0.0
_C35859,-0.0
_C35860,-0.0
_C35861,-0.0
_C35862,-0.0
_C35863,-0.0
_C35864,-0.0
_C35865,-0.0
_C35866,-0.0
_C35867,-0.0
_C35868,-0.0
_C35869,-0.0
_C35870,-0.0
_C35871,-0.0
_C35872,-0.0
_C35873,-0.0
_C35874,-0.0
_C35875,-0.0
_C35876,-0.0
_C35877,-0.0
_C35878,-0.0
_C35879,-0.0
_C35880,-0.0
_C35881,-0.0
_C35882,-0.0
_C35883,-0.0
_C35884,-0.0
_C35885,-0.0
_C35886,-0.0
_C35887,-0.0
_C35888,-0.0
_C35889,-0.0
_C35890,-0.0
_C35891,-0.0
_C35892,-0.0
_C35893,-0.0
_C35894,-0.0
_C35895,-0.0
_C35896,-0.0
_C35897,-0.0
_C35898,-0.0
_C35899,-0.0
_C35900,-0.0
_C35901,-0.0
_C35902,-0.0
_C35903,-0.0
_C35904,-0.0
_C35905,-0.0
_C35906,-0.0
_C35907,-0.0
_C35908,-0.0
_C35909,-0.0
_C35910,-0.0
_C35911,-0.0
_C35912,-0.0
_C35913,-0.0
_C35914,-0.0
_C35915,-0.0
_C35916,-0.0
_C35917,-0.0
_C35918,-0.0
_C35919,-0.0
_C35920,-0.0
_C35921,-0.0
_C35922,-0.0
_C35923,-0.0
_C35924,-0.0
_C35925,-0.0
_C35926,-0.0
_C35927,-0.0
_C35928,-0.0
_C35929,-0.0
_C35930,-0.0
_C35931,-0.0
_C35932,-0.0
_C35933,-0.0
_C35934,-0.0
_C35935,-0.0
_C35936,-0.0
_C35937,-0.0
_C35938,-0.0
_C35939,-0.0
_C35940,-0.0
_C35941,-0.0
_C35942,-0.0
_C35943,-0.0
_C35944,-0.0
_C35945,-0.0
_C35946,-0.0
_C35947,-0.0
_C35948,-0.0
_C35949,-0.0
_C35950,-0.0
_C35951,-0.0
_C35952,-0.0
_C35953,-0.0
_C35954,-0.0
_C35955,-0.0
_C35956,-0.0
_C35957,-0.0
_C35958,-0.0
_C35959,-0.0
_C35960,-0.0
_C35961,-0.0
_C35962,-0.0
_C35963,-0.0
_C35964,-0.0
_C35965,-0.0
_C35966,-0.0
_C35967,-0.0
_C35968,-0.0
_C35969,-0.0
_C35970,-0.0
_C35971,-0.0
_C35972,-0.0
_C35973,-0.0
_C35974,-0.0
_C35975,-0.0
_C35976,-0.0
_C35977,-0.0
_C35978,-0.0
_C35979,-0.0
_C35980,-0.0
_C35981,-0.0
_C35982,-0.0
_C35983,-0.0
_C35984,-0.0
_C35985,-0.0
_C35986,-0.0
_C35987,-0.0
_C35988,-0.0
_C35989,-0.0
_C35990,-0.0
_C35991,-0.0
_C35992,-0.0
_C35993,-0.0
_C35994,-0.0
_C35995,-0.0
_C35996,-0.0
_C35997,-0.0
_C35998,-0.0
_C35999,-0.0
_C36000,-0.0
_C36001,-0.0
_C36002,-0.0
_C36003,-0.0
_C36004,-0.0
_C36005,-0.0
_C36006,-0.0
_C36007,-0.0
_C36008,-0.0
_C36009,-0.0
_C36010,-0.0
_C36011,-0.0
_C36012,-0.0
_C36013,-0.0
_C36014,-0.0
_C36015,-0.0
_C36016,-0.0
_C36017,-0.0
_C36018,-0.0
_C36019,-0.0
_C36020,-0.0
_C36021,-0.0
_C36022,-0.0
_C36023,-0.0
_C36024,-0.0
_C36025,-0.0
_C36026,-0.0
_C36027,-0.0
_C36028,-0.0
_C36029,-0.0
_C36030,-0.0
_C36031,-0.0
_C36032,-0.0
_C36033,-0.0
_C36034,-0.0
_C36035,-0.0
_C36036,-0.0
_C36037,-0.0
_C36038,-0.0
_C36039,-0.0
_C36040,-0.0
_C36041,-0.0
_C36042,-0.0
_C36043,-0.0
_C36044,-0.0
_C36045,-0.0
_C36046,-0.0
_C36047,-0.0
_C36048,-0.0
_C36049,-0.0
_C36050,-0.0
_C36051,-0.0
_C36052,-0.0
_C36053,-0.0
_C36054,-0.0
_C36055,-0.0
_C36056,-0.0
_C36057,-0.0
_C36058,-0.0
_C36059,-0.0
_C36060,-0.0
_C36061,-0.0
_C36062,-0.0
_C36063,-0.0
_C36064,-0.0
_C36065,-0.0
_C36066,-0.0
_C36067,-0.0
_C36068,-0.0
_C36069,-0.0
_C36070,-0.0
_C36071,-0.0
_C36072,-0.0
_C36073,-0.0
_C36074,-0.0
_C36075,-0.0
_C36076,-0.0
_C36077,-0.0
_C36078,-0.0
_C36079,-0.0
_C36080,-0.0
_C36081,-0.0
_C36082,-0.0
_C36083,-0.0
_C36084,-0.0
_C36085,-0.0
_C36086,-0.0
_C36087,-0.0
_C36088,-0.0
_C36089,-0.0
_C36090,-0.0
_C36091,-0.0
_C36092,-0.0
_C36093,-0.0
_C36094,-0.0
_C36095,-0.0
_C36096,-0.0
_C36097,-0.0
_C36098,-0.0
_C36099,-0.0
_C36100,-0.0
_C36101,-0.0
_C36102,-0.0
_C36103,-0.0
_C36104,-0.0
_C36105,-0.0
_C36106,-0.0
_C36107,-0.0
_C36108,-0.0
_C36109,-0.0
_C36110,-0.0
_C36111,-0.0
_C36112,-0.0
_C36113,-0.0
_C36114,-0.0
_C36115,-0.0
_C36116,-0.0
_C36117,-0.0
_C36118,-0.0
_C36119,-0.0
_C36120,-0.0
_C36121,-0.0
_C36122,-0.0
_C36123,-0.0
_C36124,-0.0
_C36125,-0.0
_C36126,-0.0
_C36127,-0.0
_C36128,-0.0
_C36129,-0.0
_C36130,-0.0
_C36131,-0.0
_C36132,-0.0
_C36133,-0.0
_C36134,-0.0
_C36135,-0.0
_C36136,-0.0
_C36137,-0.0
_C36138,-0.0
_C36139,-0.0
_C36140,-0.0
_C36141,-0.0
_C36142,-0.0
_C36143,-0.0
_C36144,-0.0
_C36145,-0.0
_C36146,-0.0
_C36147,-0.0
_C36148,-0.0
_C36149,-0.0
_C36150,-0.0
_C36151,-0.0
_C36152,-0.0
_C36153,-0.0
_C36154,-0.0
_C36155,-0.0
_C36156,-0.0
_C36157,-0.0
_C36158,-0.0
_C36159,-0.0
_C36160,-0.0
_C36161,-0.0
_C36162,-0.0
_C36163,-0.0
_C36164,-0.0
_C36165,-0.0
_C36166,-0.0
_C36167,-0.0
_C36168,-0.0
_C36169,-0.0
_C36170,-0.0
_C36171,-0.0
_C36172,-0.0
_C36173,-0.0
_C36174,-0.0
_C36175,-0.0
_C36176,-0.0
_C36177,-0.0
_C36178,-0.0
_C36179,-0.0
_C36180,-0.0
_C36181,-0.0
_C36182,-0.0
_C36183,-0.0
_C36184,-0.0
_C36185,-0.0
_C36186,-0.0
_C36187,-0.0
_C36188,-0.0
_C36189,-0.0
_C36190,-0.0
_C36191,-0.0
_C36192,-0.0
_C36193,-0.0
_C36194,-0.0
_C36195,-0.0
_C36196,-0.0
_C36197,-0.0
_C36198,-0.0
_C36199,-0.0
_C36200,-0.0
_C36201,-0.0
_C36202,-0.0
_C36203,-0.0
_C36204,-0.0
_C36205,-0.0
_C36206,-0.0
_C36207,-0.0
_C36208,-0.0
_C36209,-0.0
_C36210,-0.0
_C36211,-0.0
_C36212,-0.0
_C36213,-0.0
_C36214,-0.0
_C36215,-0.0
_C36216,-0.0
_C36217,-0.0
_C36218,-0.0
_C36219,-0.0
_C36220,-0.0
_C36221,-0.0
_C36222,-0.0
_C36223,-0.0
_C36224,-0.0
_C36225,-0.0
_C36226,-0.0
_C36227,-0.0
_C36228,-0.0
_C36229,-0.0
_C36230,-0.0
_C36231,-0.0
_C36232,-0.0
_C36233,-0.0
_C36234,-0.0
_C36235,-0.0
_C36236,-0.0
_C36237,-0.0
_C36238,-0.0
_C36239,-0.0
_C36240,-0.0
_C36241,-0.0
_C36242,-0.0
_C36243,-0.0
_C36244,-0.0
_C36245,-0.0
_C36246,-0.0
_C36247,-0.0
_C36248,-0.0
_C36249,-0.0
_C36250,-0.0
_C36251,-0.0
_C36252,-0.0
_C36253,-0.0
_C36254,-0.0
_C36255,-0.0
_C36256,-0.0
_C36257,-0.0
_C36258,-0.0
_C36259,-0.0
_C36260,-0.0
_C36261,-0.0
_C36262,-0.0
_C36263,-0.0
_C36264,-0.0
_C36265,-0.0
_C36266,-0.0
_C36267,-0.0
_C36268,-0.0
_C36269,-0.0
_C36270,-0.0
_C36271,-0.0
_C36272,-0.0
_C36273,-0.0
_C36274,-0.0
_C36275,-0.0
_C36276,-0.0
_C36277,-0.0
_C36278,-0.0
_C36279,-0.0
_C36280,-0.0
_C36281,-0.0
_C36282,-0.0
_C36283,-0.0
_C36284,-0.0
_C36285,-0.0
_C36286,-0.0
_C36287,-0.0
_C36288,-0.0
_C36289,-0.0
_C36290,-0.0
_C36291,-0.0
_C36292,-0.0
_C36293,-0.0
_C36294,-0.0
_C36295,-0.0
_C36296,-0.0
_C36297,-0.0
_C36298,-0.0
_C36299,-0.0
_C36300,-0.0
_C36301,-0.0
_C36302,-0.0
_C36303,-0.0
_C36304,-0.0
_C36305,-0.0
_C36306,-0.0
_C36307,-0.0
_C36308,-0.0
_C36309,-0.0
_C36310,-0.0
_C36311,-0.0
_C36312,-0.0
_C36313,-0.0
_C36314,-0.0
_C36315,-0.0
_C36316,-0.0
_C36317,-0.0
_C36318,-0.0
_C36319,-0.0
_C36320,-0.0
_C36321,-0.0
_C36322,-0.0
_C36323,-0.0
_C36324,-0.0
_C36325,-0.0
_C36326,-0.0
_C36327,-0.0
_C36328,-0.0
_C36329,-0.0
_C36330,-0.0
_C36331,-0.0
_C36332,-0.0
_C36333,-0.0
_C36334,-0.0
_C36335,-0.0
_C36336,-0.0
_C36337,-0.0
_C36338,-0.0
_C36339,-0.0
_C36340,-0.0
_C36341,-0.0
_C36342,-0.0
_C36343,-0.0
_C36344,-0.0
_C36345,-0.0
_C36346,-0.0
_C36347,-0.0
_C36348,-0.0
_C36349,-0.0
_C36350,-0.0
_C36351,-0.0
_C36352,-0.0
_C36353,-0.0
_C36354,-0.0
_C36355,-0.0
_C36356,-0.0
_C36357,-0.0
_C36358,-0.0
_C36359,-0.0
_C36360,-0.0
_C36361,-0.0
_C36362,-0.0
_C36363,-0.0
_C36364,-0.0
_C36365,-0.0
_C36366,-0.0
_C36367,-0.0
_C36368,-0.0
_C36369,-0.0
_C36370,-0.0
_C36371,-0.0
_C36372,-0.0
_C36373,-0.0
_C36374,-0.0
_C36375,-0.0
_C36376,-0.0
_C36377,-0.0
_C36378,-0.0
_C36379,-0.0
_C36380,-0.0
_C36381,-0.0
_C36382,-0.0
_C36383,-0.0
_C36384,-0.0
_C36385,-0.0
_C36386,-0.0
_C36387,-0.0
_C36388,-0.0
_C36389,-0.0
_C36390,-0.0
_C36391,-0.0
_C36392,-0.0
_C36393,-0.0
_C36394,-0.0
_C36395,-0.0
_C36396,-0.0
_C36397,-0.0
_C36398,-0.0
_C36399,-0.0
_C36400,-0.0
_C36401,-0.0
_C36402,-0.0
_C36403,-0.0
_C36404,-0.0
_C36405,-0.0
_C36406,-0.0
_C36407,-0.0
_C36408,-0.0
_C36409,-0.0
_C36410,-0.0
_C36411,-0.0
_C36412,-0.0
_C36413,-0.0
_C36414,-0.0
_C36415,-0.0
_C36416,-0.0
_C36417,-0.0
_C36418,-0.0
_C36419,-0.0
_C36420,-0.0
_C36421,-0.0
_C36422,-0.0
_C36423,-0.0
_C36424,-0.0
_C36425,-0.0
_C36426,-0.0
_C36427,-0.0
_C36428,-0.0
_C36429,-0.0
_C36430,-0.0
_C36431,-0.0
_C36432,-0.0
_C36433,-0.0
_C36434,-0.0
_C36435,-0.0
_C36436,-0.0
_C36437,-0.0
_C36438,-0.0
_C36439,-0.0
_C36440,-0.0
_C36441,-0.0
_C36442,-0.0
_C36443,-0.0
_C36444,-0.0
_C36445,-0.0
_C36446,-0.0
_C36447,-0.0
_C36448,-0.0
_C36449,-0.0
_C36450,-0.0
_C36451,-0.0
_C36452,-0.0
_C36453,-0.0
_C36454,-0.0
_C36455,-0.0
_C36456,-0.0
_C36457,-0.0
_C36458,-0.0
_C36459,-0.0
_C36460,-0.0
_C36461,-0.0
_C36462,-0.0
_C36463,-0.0
_C36464,-0.0
_C36465,-0.0
_C36466,-0.0
_C36467,-0.0
_C36468,-0.0
_C36469,-0.0
_C36470,-0.0
_C36471,-0.0
_C36472,-0.0
_C36473,-0.0
_C36474,-0.0
_C36475,-0.0
_C36476,-0.0
_C36477,-0.0
_C36478,-0.0
_C36479,-0.0
_C36480,-0.0
_C36481,-0.0
_C36482,-0.0
_C36483,-0.0
_C36484,-0.0
_C36485,-0.0
_C36486,-0.0
_C36487,-0.0
_C36488,-0.0
_C36489,-0.0
_C36490,-0.0
_C36491,-0.0
_C36492,-0.0
_C36493,-0.0
_C36494,-0.0
_C36495,-0.0
_C36496,-0.0
_C36497,-0.0
_C36498,-0.0
_C36499,-0.0
_C36500,-0.0
_C36501,-0.0
_C36502,-0.0
_C36503,-0.0
_C36504,-0.0
_C36505,-0.0
_C36506,-0.0
_C36507,-0.0
_C36508,-0.0
_C36509,-0.0
_C36510,-0.0
_C36511,-0.0
_C36512,-0.0
_C36513,-0.0
_C36514,-0.0
_C36515,-0.0
_C36516,-0.0
_C36517,-0.0
_C36518,-0.0
_C36519,-0.0
_C36520,-0.0
_C36521,-0.0
_C36522,-0.0
_C36523,-0.0
_C36524,-0.0
_C36525,-0.0
_C36526,-0.0
_C36527,-0.0
_C36528,-0.0
_C36529,-0.0
_C36530,-0.0
_C36531,-0.0
_C36532,-0.0
_C36533,-0.0
_C36534,-0.0
_C36535,-0.0
_C36536,-0.0
_C36537,-0.0
_C36538,-0.0
_C36539,-0.0
_C36540,-0.0
_C36541,-0.0
_C36542,-0.0
_C36543,-0.0
_C36544,-0.0
_C36545,-0.0
_C36546,-0.0
_C36547,-0.0
_C36548,-0.0
_C36549,-0.0
_C36550,-0.0
_C36551,-0.0
_C36552,-0.0
_C36553,-0.0
_C36554,-0.0
_C36555,-0.0
_C36556,-0.0
_C36557,-0.0
_C36558,-0.0
_C36559,-0.0
_C36560,-0.0
_C36561,-0.0
_C36562,-0.0
_C36563,-0.0
_C36564,-0.0
_C36565,-0.0
_C36566,-0.0
_C36567,-0.0
_C36568,-0.0
_C36569,-0.0
_C36570,-0.0
_C36571,-0.0
_C36572,-0.0
_C36573,-0.0
_C36574,-0.0
_C36575,-0.0
_C36576,-0.0
_C36577,-0.0
_C36578,-0.0
_C36579,-0.0
_C36580,-0.0
_C36581,-0.0
_C36582,-0.0
_C36583,-0.0
_C36584,-0.0
_C36585,-0.0
_C36586,-0.0
_C36587,-0.0
_C36588,-0.0
_C36589,-0.0
_C36590,-0.0
_C36591,-0.0
_C36592,-0.0
_C36593,-0.0
_C36594,-0.0
_C36595,-0.0
_C36596,-0.0
_C36597,-0.0
_C36598,-0.0
_C36599,-0.0
_C36600,-0.0
_C36601,-0.0
_C36602,-0.0
_C36603,-0.0
_C36604,-0.0
_C36605,-0.0
_C36606,-0.0
_C36607,-0.0
_C36608,-0.0
_C36609,-0.0
_C36610,-0.0
_C36611,-0.0
_C36612,-0.0
_C36613,-0.0
_C36614,-0.0
_C36615,-0.0
_C36616,-0.0
_C36617,-0.0
_C36618,-0.0
_C36619,-0.0
_C36620,-0.0
_C36621,-0.0
_C36622,-0.0
_C36623,-0.0
_C36624,-0.0
_C36625,-0.0
_C36626,-0.0
_C36627,-0.0
_C36628,-0.0
_C36629,-0.0
_C36630,-0.0
_C36631,-0.0
_C36632,-0.0
_C36633,-0.0
_C36634,-0.0
_C36635,-0.0
_C36636,-0.0
_C36637,-0.0
_C36638,-0.0
_C36639,-0.0
_C36640,-0.0
_C36641,-0.0
_C36642,-0.0
_C36643,-0.0
_C36644,-0.0
_C36645,-0.0
_C36646,-0.0
_C36647,-0.0
_C36648,-0.0
_C36649,-0.0
_C36650,-0.0
_C36651,-0.0
_C36652,-0.0
_C36653,-0.0
_C36654,-0.0
_C36655,-0.0
_C36656,-0.0
_C36657,-0.0
_C36658,-0.0
_C36659,-0.0
_C36660,-0.0
_C36661,-0.0
_C36662,-0.0
_C36663,-0.0
_C36664,-0.0
_C36665,-0.0
_C36666,-0.0
_C36667,-0.0
_C36668,-0.0
_C36669,-0.0
_C36670,-0.0
_C36671,-0.0
_C36672,-0.0
_C36673,-0.0
_C36674,-0.0
_C36675,-0.0
_C36676,-0.0
_C36677,-0.0
_C36678,-0.0
_C36679,-0.0
_C36680,-0.0
_C36681,-0.0
_C36682,-0.0
_C36683,-0.0
_C36684,-0.0
_C36685,-0.0
_C36686,-0.0
_C36687,-0.0
_C36688,-0.0
_C36689,-0.0
_C36690,-0.0
_C36691,-0.0
_C36692,-0.0
_C36693,-0.0
_C36694,-0.0
_C36695,-0.0
_C36696,-0.0
_C36697,-0.0
_C36698,-0.0
_C36699,-0.0
_C36700,-0.0
_C36701,-0.0
_C36702,-0.0
_C36703,-0.0
_C36704,-0.0
_C36705,-0.0
_C36706,-0.0
_C36707,-0.0
_C36708,-0.0
_C36709,-0.0
_C36710,-0.0
_C36711,-0.0
_C36712,-0.0
_C36713,-0.0
_C36714,-0.0
_C36715,-0.0
_C36716,-0.0
_C36717,-0.0
_C36718,-0.0
_C36719,-0.0
_C36720,-0.0
_C36721,-0.0
_C36722,-0.0
_C36723,-0.0
_C36724,-0.0
_C36725,-0.0
_C36726,-0.0
_C36727,-0.0
_C36728,-0.0
_C36729,-0.0
_C36730,-0.0
_C36731,-0.0
_C36732,-0.0
_C36733,-0.0
_C36734,-0.0
_C36735,-0.0
_C36736,-0.0
_C36737,-0.0
_C36738,-0.0
_C36739,-0.0
_C36740,-0.0
_C36741,-0.0
_C36742,-0.0
_C36743,-0.0
_C36744,-0.0
_C36745,-0.0
_C36746,-0.0
_C36747,-0.0
_C36748,-0.0
_C36749,-0.0
_C36750,-0.0
_C36751,-0.0
_C36752,-0.0
_C36753,-0.0
_C36754,-0.0
_C36755,-0.0
_C36756,-0.0
_C36757,-0.0
_C36758,-0.0
_C36759,-0.0
_C36760,-0.0
_C36761,-0.0
_C36762,-0.0
_C36763,-0.0
_C36764,-0.0
_C36765,-0.0
_C36766,-0.0
_C36767,-0.0
_C36768,-0.0
_C36769,-0.0
_C36770,-0.0
_C36771,-0.0
_C36772,-0.0
_C36773,-0.0
_C36774,-0.0
_C36775,-0.0
_C36776,-0.0
_C36777,-0.0
_C36778,-0.0
_C36779,-0.0
_C36780,-0.0
_C36781,-0.0
_C36782,-0.0
_C36783,-0.0
_C36784,-0.0
_C36785,-0.0
_C36786,-0.0
_C36787,-0.0
_C36788,-0.0
_C36789,-0.0
_C36790,-0.0
_C36791,-0.0
_C36792,-0.0
_C36793,-0.0
_C36794,-0.0
_C36795,-0.0
_C36796,-0.0
_C36797,-0.0
_C36798,-0.0
_C36799,-0.0
_C36800,-0.0
_C36801,-0.0
_C36802,-0.0
_C36803,-0.0
_C36804,-0.0
_C36805,-0.0
_C36806,-0.0
_C36807,-0.0
_C36808,-0.0
_C36809,-0.0
_C36810,-0.0
_C36811,-0.0
_C36812,-0.0
_C36813,-0.0
_C36814,-0.0
_C36815,-0.0
_C36816,-0.0
_C36817,-0.0
_C36818,-0.0
_C36819,-0.0
_C36820,-0.0
_C36821,-0.0
_C36822,-0.0
_C36823,-0.0
_C36824,-0.0
_C36825,-0.0
_C36826,-0.0
_C36827,-0.0
_C36828,-0.0
_C36829,-0.0
_C36830,-0.0
_C36831,-0.0
_C36832,-0.0
_C36833,-0.0
_C36834,-0.0
_C36835,-0.0
_C36836,-0.0
_C36837,-0.0
_C36838,-0.0
_C36839,-0.0
_C36840,-0.0
_C36841,-0.0
_C36842,-0.0
_C36843,-0.0
_C36844,-0.0
_C36845,-0.0
_C36846,-0.0
_C36847,-0.0
_C36848,-0.0
_C36849,-0.0
_C36850,-0.0
_C36851,-0.0
_C36852,-0.0
_C36853,-0.0
_C36854,-0.0
_C36855,-0.0
_C36856,-0.0
_C36857,-0.0
_C36858,-0.0
_C36859,-0.0
_C36860,-0.0
_C36861,-0.0
_C36862,-0.0
_C36863,-0.0
_C36864,-0.0
_C36865,-0.0
_C36866,-0.0
_C36867,-0.0
_C36868,-0.0
_C36869,-0.0
_C36870,-0.0
_C36871,-0.0
_C36872,-0.0
_C36873,-0.0
_C36874,-0.0
_C36875,-0.0
_C36876,-0.0
_C36877,-0.0
_C36878,-0.0
_C36879,-0.0
_C36880,-0.0
_C36881,-0.0
_C36882,-0.0
_C36883,-0.0
_C36884,-0.0
_C36885,-0.0
_C36886,-0.0
_C36887,-0.0
_C36888,-0.0
_C36889,-0.0
_C36890,-0.0
_C36891,-0.0
_C36892,-0.0
_C36893,-0.0
_C36894,-0.0
_C36895,-0.0
_C36896,-0.0
_C36897,-0.0
_C36898,-0.0
_C36899,-0.0
_C36900,-0.0
_C36901,-0.0
_C36902,-0.0
_C36903,-0.0
_C36904,-0.0
_C36905,-0.0
_C36906,-0.0
_C36907,-0.0
_C36908,-0.0
_C36909,-0.0
_C36910,-0.0
_C36911,-0.0
_C36912,-0.0
_C36913,-0.0
_C36914,-0.0
_C36915,-0.0
_C36916,-0.0
_C36917,-0.0
_C36918,-0.0
_C36919,-0.0
_C36920,-0.0
_C36921,-0.0
_C36922,-0.0
_C36923,-0.0
_C36924,-0.0
_C36925,-0.0
_C36926,-0.0
_C36927,-0.0
_C36928,-0.0
_C36929,-0.0
_C36930,-0.0
_C36931,-0.0
_C36932,-0.0
_C36933,-0.0
_C36934,-0.0
_C36935,-0.0
_C36936,-0.0
_C36937,-0.0
_C36938,-0.0
_C36939,-0.0
_C36940,-0.0
_C36941,-0.0
_C36942,-0.0
_C36943,-0.0
_C36944,-0.0
_C36945,-0.0
_C36946,-0.0
_C36947,-0.0
_C36948,-0.0
_C36949,-0.0
_C36950,-0.0
_C36951,-0.0
_C36952,-0.0
_C36953,-0.0
_C36954,-0.0
_C36955,-0.0
_C36956,-0.0
_C36957,-0.0
_C36958,-0.0
_C36959,-0.0
_C36960,-0.0
_C36961,-0.0
_C36962,-0.0
_C36963,-0.0
_C36964,-0.0
_C36965,-0.0
_C36966,-0.0
_C36967,-0.0
_C36968,-0.0
_C36969,-0.0
_C36970,-0.0
_C36971,-0.0
_C36972,-0.0
_C36973,-0.0
_C36974,-0.0
_C36975,-0.0
_C36976,-0.0
_C36977,-0.0
_C36978,-0.0
_C36979,-0.0
_C36980,-0.0
_C36981,-0.0
_C36982,-0.0
_C36983,-0.0
_C36984,-0.0
_C36985,-0.0
_C36986,-0.0
_C36987,-0.0
_C36988,-0.0
_C36989,-0.0
_C36990,-0.0
_C36991,-0.0
_C36992,-0.0
_C36993,-0.0
_C36994,-0.0
_C36995,-0.0
_C36996,-0.0
_C36997,-0.0
_C36998,-0.0
_C36999,-0.0
_C37000,-0.0
_C37001,-0.0
_C37002,-0.0
_C37003,-0.0
_C37004,-0.0
_C37005,-0.0
_C37006,-0.0
_C37007,-0.0
_C37008,-0.0
_C37009,-0.0
_C37010,-0.0
_C37011,-0.0
_C37012,-0.0
_C37013,-0.0
_C37014,-0.0
_C37015,-0.0
_C37016,-0.0
_C37017,-0.0
_C37018,-0.0
_C37019,-0.0
_C37020,-0.0
_C37021,-0.0
_C37022,-0.0
_C37023,-0.0
_C37024,-0.0
_C37025,-0.0
_C37026,-0.0
_C37027,-0.0
_C37028,-0.0
_C37029,-0.0
_C37030,-0.0
_C37031,-0.0
_C37032,-0.0
_C37033,-0.0
_C37034,-0.0
_C37035,-0.0
_C37036,-0.0
_C37037,-0.0
_C37038,-0.0
_C37039,-0.0
_C37040,-0.0
_C37041,-0.0
_C37042,-0.0
_C37043,-0.0
_C37044,-0.0
_C37045,-0.0
_C37046,-0.0
_C37047,-0.0
_C37048,-0.0
_C37049,-0.0
_C37050,-0.0
_C37051,-0.0
_C37052,-0.0
_C37053,-0.0
_C37054,-0.0
_C37055,-0.0
_C37056,-0.0
_C37057,-0.0
_C37058,-0.0
_C37059,-0.0
_C37060,-0.0
_C37061,-0.0
_C37062,-0.0
_C37063,-0.0
_C37064,-0.0
_C37065,-0.0
_C37066,-0.0
_C37067,-0.0
_C37068,-0.0
_C37069,-0.0
_C37070,-0.0
_C37071,-0.0
_C37072,-0.0
_C37073,-0.0
_C37074,-0.0
_C37075,-0.0
_C37076,-0.0
_C37077,-0.0
_C37078,-0.0
_C37079,-0.0
_C37080,-0.0
_C37081,-0.0
_C37082,-0.0
_C37083,-0.0
_C37084,-0.0
_C37085,-0.0
_C37086,-0.0
_C37087,-0.0
_C37088,-0.0
_C37089,-0.0
_C37090,-0.0
_C37091,-0.0
_C37092,-0.0
_C37093,-0.0
_C37094,-0.0
_C37095,-0.0
_C37096,-0.0
_C37097,-0.0
_C37098,-0.0
_C37099,-0.0
_C37100,-0.0
_C37101,-0.0
_C37102,-0.0
_C37103,-0.0
_C37104,-0.0
_C37105,-0.0
_C37106,-0.0
_C37107,-0.0
_C37108,-0.0
_C37109,-0.0
_C37110,-0.0
_C37111,-0.0
_C37112,-0.0
_C37113,-0.0
_C37114,-0.0
_C37115,-0.0
_C37116,-0.0
_C37117,-0.0
_C37118,-0.0
_C37119,-0.0
_C37120,-0.0
_C37121,-0.0
_C37122,-0.0
_C37123,-0.0
_C37124,-0.0
_C37125,-0.0
_C37126,-0.0
_C37127,-0.0
_C37128,-0.0
_C37129,-0.0
_C37130,-0.0
_C37131,-0.0
_C37132,-0.0
_C37133,-0.0
_C37134,-0.0
_C37135,-0.0
_C37136,-0.0
_C37137,-0.0
_C37138,-0.0
_C37139,-0.0
_C37140,-0.0
_C37141,-0.0
_C37142,-0.0
_C37143,-0.0
_C37144,-0.0
_C37145,-0.0
_C37146,-0.0
_C37147,-0.0
_C37148,-0.0
_C37149,-0.0
_C37150,-0.0
_C37151,-0.0
_C37152,-0.0
_C37153,-0.0
_C37154,-0.0
_C37155,-0.0
_C37156,-0.0
_C37157,-0.0
_C37158,-0.0
_C37159,-0.0
_C37160,-0.0
_C37161,-0.0
_C37162,-0.0
_C37163,-0.0
_C37164,-0.0
_C37165,-0.0
_C37166,-0.0
_C37167,-0.0
_C37168,-0.0
_C37169,-0.0
_C37170,-0.0
_C37171,-0.0
_C37172,-0.0
_C37173,-0.0
_C37174,-0.0
_C37175,-0.0
_C37176,-0.0
_C37177,-0.0
_C37178,-0.0
_C37179,-0.0
_C37180,-0.0
_C37181,-0.0
_C37182,-0.0
_C37183,-0.0
_C37184,-0.0
_C37185,-0.0
_C37186,-0.0
_C37187,-0.0
_C37188,-0.0
_C37189,-0.0
_C37190,-0.0
_C37191,-0.0
_C37192,-0.0
_C37193,-0.0
_C37194,-0.0
_C37195,-0.0
_C37196,-0.0
_C37197,-0.0
_C37198,-0.0
_C37199,-0.0
_C37200,-0.0
_C37201,-0.0
_C37202,-0.0
_C37203,-0.0
_C37204,-0.0
_C37205,-0.0
_C37206,-0.0
_C37207,-0.0
_C37208,-0.0
_C37209,-0.0
_C37210,-0.0
_C37211,-0.0
_C37212,-0.0
_C37213,-0.0
_C37214,-0.0
_C37215,-0.0
_C37216,-0.0
_C37217,-0.0
_C37218,-0.0
_C37219,-0.0
_C37220,-0.0
_C37221,-0.0
_C37222,-0.0
_C37223,-0.0
_C37224,-0.0
_C37225,-0.0
_C37226,-0.0
_C37227,-0.0
_C37228,-0.0
_C37229,-0.0
_C37230,-0.0
_C37231,-0.0
_C37232,-0.0
_C37233,-0.0
_C37234,-0.0
_C37235,-0.0
_C37236,-0.0
_C37237,-0.0
_C37238,-0.0
_C37239,-0.0
_C37240,-0.0
_C37241,-0.0
_C37242,-0.0
_C37243,-0.0
_C37244,-0.0
_C37245,-0.0
_C37246,-0.0
_C37247,-0.0
_C37248,-0.0
_C37249,-0.0
_C37250,-0.0
_C37251,-0.0
_C37252,-0.0
_C37253,-0.0
_C37254,-0.0
_C37255,-0.0
_C37256,-0.0
_C37257,-0.0
_C37258,-0.0
_C37259,-0.0
_C37260,-0.0
_C37261,-0.0
_C37262,-0.0
_C37263,-0.0
_C37264,-0.0
_C37265,-0.0
_C37266,-0.0
_C37267,-0.0
_C37268,-0.0
_C37269,-0.0
_C37270,-0.0
_C37271,-0.0
_C37272,-0.0
_C37273,-0.0
_C37274,-0.0
_C37275,-0.0
_C37276,-0.0
_C37277,-0.0
_C37278,-0.0
_C37279,-0.0
_C37280,-0.0
_C37281,-0.0
_C37282,-0.0
_C37283,-0.0
_C37284,-0.0
_C37285,-0.0
_C37286,-0.0
_C37287,-0.0
_C37288,-0.0
_C37289,-0.0
_C37290,-0.0
_C37291,-0.0
_C37292,-0.0
_C37293,-0.0
_C37294,-0.0
_C37295,-0.0
_C37296,-0.0
_C37297,-0.0
_C37298,-0.0
_C37299,-0.0
_C37300,-0.0
_C37301,-0.0
_C37302,-0.0
_C37303,-0.0
_C37304,-0.0
_C37305,-0.0
_C37306,-0.0
_C37307,-0.0
_C37308,-0.0
_C37309,-0.0
_C37310,-0.0
_C37311,-0.0
_C37312,-0.0
_C37313,-0.0
_C37314,-0.0
_C37315,-0.0
_C37316,-0.0
_C37317,-0.0
_C37318,-0.0
_C37319,-0.0
_C37320,-0.0
_C37321,-0.0
_C37322,-0.0
_C37323,-0.0
_C37324,-0.0
_C37325,-0.0
_C37326,-0.0
_C37327,-0.0
_C37328,-0.0
_C37329,-0.0
_C37330,-0.0
_C37331,-0.0
_C37332,-0.0
_C37333,-0.0
_C37334,-0.0
_C37335,-0.0
_C37336,-0.0
_C37337,-0.0
_C37338,-0.0
_C37339,-0.0
_C37340,-0.0
_C37341,-0.0
_C37342,-0.0
_C37343,-0.0
_C37344,-0.0
_C37345,-0.0
_C37346,-0.0
_C37347,-0.0
_C37348,-0.0
_C37349,-0.0
_C37350,-0.0
_C37351,-0.0
_C37352,-0.0
_C37353,-0.0
_C37354,-0.0
_C37355,-0.0
_C37356,-0.0
_C37357,-0.0
_C37358,-0.0
_C37359,-0.0
_C37360,-0.0
_C37361,-0.0
_C37362,-0.0
_C37363,-0.0
_C37364,-0.0
_C37365,-0.0
_C37366,-0.0
_C37367,-0.0
_C37368,-0.0
_C37369,-0.0
_C37370,-0.0
_C37371,-0.0
_C37372,-0.0
_C37373,-0.0
_C37374,-0.0
_C37375,-0.0
_C37376,-0.0
_C37377,-0.0
_C37378,-0.0
_C37379,-0.0
_C37380,-0.0
_C37381,-0.0
_C37382,-0.0
_C37383,-0.0
_C37384,-0.0
_C37385,-0.0
_C37386,-0.0
_C37387,-0.0
_C37388,-0.0
_C37389,-0.0
_C37390,-0.0
_C37391,-0.0
_C37392,-0.0
_C37393,-0.0
_C37394,-0.0
_C37395,-0.0
_C37396,-0.0
_C37397,-0.0
_C37398,-0.0
_C37399,-0.0
_C37400,-0.0
_C37401,-0.0
_C37402,-0.0
_C37403,-0.0
_C37404,-0.0
_C37405,-0.0
_C37406,-0.0
_C37407,-0.0
_C37408,-0.0
_C37409,-0.0
_C37410,-0.0
_C37411,-0.0
_C37412,-0.0
_C37413,-0.0
_C37414,-0.0
_C37415,-0.0
_C37416,-0.0
_C37417,-0.0
_C37418,-0.0
_C37419,-0.0
_C37420,-0.0
_C37421,-0.0
_C37422,-0.0
_C37423,-0.0
_C37424,-0.0
_C37425,-0.0
_C37426,-0.0
_C37427,-0.0
_C37428,-0.0
_C37429,-0.0
_C37430,-0.0
_C37431,-0.0
_C37432,-0.0
_C37433,-0.0
_C37434,-0.0
_C37435,-0.0
_C37436,-0.0
_C37437,-0.0
_C37438,-0.0
_C37439,-0.0
_C37440,-0.0
_C37441,-0.0
_C37442,-0.0
_C37443,-0.0
_C37444,-0.0
_C37445,-0.0
_C37446,-0.0
_C37447,-0.0
_C37448,-0.0
_C37449,-0.0
_C37450,-0.0
_C37451,-0.0
_C37452,-0.0
_C37453,-0.0
_C37454,-0.0
_C37455,-0.0
_C37456,-0.0
_C37457,-0.0
_C37458,-0.0
_C37459,-0.0
_C37460,-0.0
_C37461,-0.0
_C37462,-0.0
_C37463,-0.0
_C37464,-0.0
_C37465,-0.0
_C37466,-0.0
_C37467,-0.0
_C37468,-0.0
_C37469,-0.0
_C37470,-0.0
_C37471,-0.0
_C37472,-0.0
_C37473,-0.0
_C37474,-0.0
_C37475,-0.0
_C37476,-0.0
_C37477,-0.0
_C37478,-0.0
_C37479,-0.0
_C37480,-0.0
_C37481,-0.0
_C37482,-0.0
_C37483,-0.0
_C37484,-0.0
_C37485,-0.0
_C37486,-0.0
_C37487,-0.0
_C37488,-0.0
_C37489,-0.0
_C37490,-0.0
_C37491,-0.0
_C37492,-0.0
_C37493,-0.0
_C37494,-0.0
_C37495,-0.0
_C37496,-0.0
_C37497,-0.0
_C37498,-0.0
_C37499,-0.0
_C37500,-0.0
_C37501,-0.0
_C37502,-0.0
_C37503,-0.0
_C37504,-0.0
_C37505,-0.0
_C37506,-0.0
_C37507,-0.0
_C37508,-0.0
_C37509,-0.0
_C37510,-0.0
_C37511,-0.0
_C37512,-0.0
_C37513,-0.0
_C37514,-0.0
_C37515,-0.0
_C37516,-0.0
_C37517,-0.0
_C37518,-0.0
_C37519,-0.0
_C37520,-0.0
_C37521,-0.0
_C37522,-0.0
_C37523,-0.0
_C37524,-0.0
_C37525,-0.0
_C37526,-0.0
_C37527,-0.0
_C37528,-0.0
_C37529,-0.0
_C37530,-0.0
_C37531,-0.0
_C37532,-0.0
_C37533,-0.0
_C37534,-0.0
_C37535,-0.0
_C37536,-0.0
_C37537,-0.0
_C37538,-0.0
_C37539,-0.0
_C37540,-0.0
_C37541,-0.0
_C37542,-0.0
_C37543,-0.0
_C37544,-0.0
_C37545,-0.0
_C37546,-0.0
_C37547,-0.0
_C37548,-0.0
_C37549,-0.0
_C37550,-0.0
_C37551,-0.0
_C37552,-0.0
_C37553,-0.0
_C37554,-0.0
_C37555,-0.0
_C37556,-0.0
_C37557,-0.0
_C37558,-0.0
_C37559,-0.0
_C37560,-0.0
_C37561,-0.0
_C37562,-0.0
_C37563,-0.0
_C37564,-0.0
_C37565,-0.0
_C37566,-0.0
_C37567,-0.0
_C37568,-0.0
_C37569,-0.0
_C37570,-0.0
_C37571,-0.0
_C37572,-0.0
_C37573,-0.0
_C37574,-0.0
_C37575,-0.0
_C37576,-0.0
_C37577,-0.0
_C37578,-0.0
_C37579,-0.0
_C37580,-0.0
_C37581,-0.0
_C37582,-0.0
_C37583,-0.0
_C37584,-0.0
_C37585,-0.0
_C37586,-0.0
_C37587,-0.0
_C37588,-0.0
_C37589,-0.0
_C37590,-0.0
_C37591,-0.0
_C37592,-0.0
_C37593,-0.0
_C37594,-0.0
_C37595,-0.0
_C37596,-0.0
_C37597,-0.0
_C37598,-0.0
_C37599,-0.0
_C37600,-0.0
_C37601,-0.0
_C37602,-0.0
_C37603,-0.0
_C37604,-0.0
_C37605,-0.0
_C37606,-0.0
_C37607,-0.0
_C37608,-0.0
_C37609,-0.0
_C37610,-0.0
_C37611,-0.0
_C37612,-0.0
_C37613,-0.0
_C37614,-0.0
_C37615,-0.0
_C37616,-0.0
_C37617,-0.0
_C37618,-0.0
_C37619,-0.0
_C37620,-0.0
_C37621,-0.0
_C37622,-0.0
_C37623,-0.0
_C37624,-0.0
_C37625,-0.0
_C37626,-0.0
_C37627,-0.0
_C37628,-0.0
_C37629,-0.0
_C37630,-0.0
_C37631,-0.0
_C37632,-0.0
_C37633,-0.0
_C37634,-0.0
_C37635,-0.0
_C37636,-0.0
_C37637,-0.0
_C37638,-0.0
_C37639,-0.0
_C37640,-0.0
_C37641,-0.0
_C37642,-0.0
_C37643,-0.0
_C37644,-0.0
_C37645,-0.0
_C37646,-0.0
_C37647,-0.0
_C37648,-0.0
_C37649,-0.0
_C37650,-0.0
_C37651,-0.0
_C37652,-0.0
_C37653,-0.0
_C37654,-0.0
_C37655,-0.0
_C37656,-0.0
_C37657,-0.0
_C37658,-0.0
_C37659,-0.0
_C37660,-0.0
_C37661,-0.0
_C37662,-0.0
_C37663,-0.0
_C37664,-0.0
_C37665,-0.0
_C37666,-0.0
_C37667,-0.0
_C37668,-0.0
_C37669,-0.0
_C37670,-0.0
_C37671,-0.0
_C37672,-0.0
_C37673,-0.0
_C37674,-0.0
_C37675,-0.0
_C37676,-0.0
_C37677,-0.0
_C37678,-0.0
_C37679,-0.0
_C37680,-0.0
_C37681,-0.0
_C37682,-0.0
_C37683,-0.0
_C37684,-0.0
_C37685,-0.0
_C37686,-0.0
_C37687,-0.0
_C37688,-0.0
_C37689,-0.0
_C37690,-0.0
_C37691,-0.0
_C37692,-0.0
_C37693,-0.0
_C37694,-0.0
_C37695,-0.0
_C37696,-0.0
_C37697,-0.0
_C37698,-0.0
_C37699,-0.0
_C37700,-0.0
_C37701,-0.0
_C37702,-0.0
_C37703,-0.0
_C37704,-0.0
_C37705,-0.0
_C37706,-0.0
_C37707,-0.0
_C37708,-0.0
_C37709,-0.0
_C37710,-0.0
_C37711,-0.0
_C37712,-0.0
_C37713,-0.0
_C37714,-0.0
_C37715,-0.0
_C37716,-0.0
_C37717,-0.0
_C37718,-0.0
_C37719,-0.0
_C37720,-0.0
_C37721,-0.0
_C37722,-0.0
_C37723,-0.0
_C37724,-0.0
_C37725,-0.0
_C37726,-0.0
_C37727,-0.0
_C37728,-0.0
_C37729,-0.0
_C37730,-0.0
_C37731,-0.0
_C37732,-0.0
_C37733,-0.0
_C37734,-0.0
_C37735,-0.0
_C37736,-0.0
_C37737,-0.0
_C37738,-0.0
_C37739,-0.0
_C37740,-0.0
_C37741,-0.0
_C37742,-0.0
_C37743,-0.0
_C37744,-0.0
_C37745,-0.0
_C37746,-0.0
_C37747,-0.0
_C37748,-0.0
_C37749,-0.0
_C37750,-0.0
_C37751,-0.0
_C37752,-0.0
_C37753,-0.0
_C37754,-0.0
_C37755,-0.0
_C37756,-0.0
_C37757,-0.0
_C37758,-0.0
_C37759,-0.0
_C37760,-0.0
_C37761,-0.0
_C37762,-0.0
_C37763,-0.0
_C37764,-0.0
_C37765,-0.0
_C37766,-0.0
_C37767,-0.0
_C37768,-0.0
_C37769,-0.0
_C37770,-0.0
_C37771,-0.0
_C37772,-0.0
_C37773,-0.0
_C37774,-0.0
_C37775,-0.0
_C37776,-0.0
_C37777,-0.0
_C37778,-0.0
_C37779,-0.0
_C37780,-0.0
_C37781,-0.0
_C37782,-0.0
_C37783,-0.0
_C37784,-0.0
_C37785,-0.0
_C37786,-0.0
_C37787,-0.0
_C37788,-0.0
_C37789,-0.0
_C37790,-0.0
_C37791,-0.0
_C37792,-0.0
_C37793,-0.0
_C37794,-0.0
_C37795,-0.0
_C37796,-0.0
_C37797,-0.0
_C37798,-0.0
_C37799,-0.0
_C37800,-0.0
_C37801,-0.0
_C37802,-0.0
_C37803,-0.0
_C37804,-0.0
_C37805,-0.0
_C37806,-0.0
_C37807,-0.0
_C37808,-0.0
_C37809,-0.0
_C37810,-0.0
_C37811,-0.0
_C37812,-0.0
_C37813,-0.0
_C37814,-0.0
_C37815,-0.0
_C37816,-0.0
_C37817,-0.0
_C37818,-0.0
_C37819,-0.0
_C37820,-0.0
_C37821,-0.0
_C37822,-0.0
_C37823,-0.0
_C37824,-0.0
_C37825,-0.0
_C37826,-0.0
_C37827,-0.0
_C37828,-0.0
_C37829,-0.0
_C37830,-0.0
_C37831,-0.0
_C37832,-0.0
_C37833,-0.0
_C37834,-0.0
_C37835,-0.0
_C37836,-0.0
_C37837,-0.0
_C37838,-0.0
_C37839,-0.0
_C37840,-0.0
_C37841,-0.0
_C37842,-0.0
_C37843,-0.0
_C37844,-0.0
_C37845,-0.0
_C37846,-0.0
_C37847,-0.0
_C37848,-0.0
_C37849,-0.0
_C37850,-0.0
_C37851,-0.0
_C37852,-0.0
_C37853,-0.0
_C37854,-0.0
_C37855,-0.0
_C37856,-0.0
_C37857,-0.0
_C37858,-0.0
_C37859,-0.0
_C37860,-0.0
_C37861,-0.0
_C37862,-0.0
_C37863,-0.0
_C37864,-0.0
_C37865,-0.0
_C37866,-0.0
_C37867,-0.0
_C37868,-0.0
_C37869,-0.0
_C37870,-0.0
_C37871,-0.0
_C37872,-0.0
_C37873,-0.0
_C37874,-0.0
_C37875,-0.0
_C37876,-0.0
_C37877,-0.0
_C37878,-0.0
_C37879,-0.0
_C37880,-0.0
_C37881,-0.0
_C37882,-0.0
_C37883,-0.0
_C37884,-0.0
_C37885,-0.0
_C37886,-0.0
_C37887,-0.0
_C37888,-0.0
_C37889,-0.0
_C37890,-0.0
_C37891,-0.0
_C37892,-0.0
_C37893,-0.0
_C37894,-0.0
_C37895,-0.0
_C37896,-0.0
_C37897,-0.0
_C37898,-0.0
_C37899,-0.0
_C37900,-0.0
_C37901,-0.0
_C37902,-0.0
_C37903,-0.0
_C37904,-0.0
_C37905,-0.0
_C37906,-0.0
_C37907,-0.0
_C37908,-0.0
_C37909,-0.0
_C37910,-0.0
_C37911,-0.0
_C37912,-0.0
_C37913,-0.0
_C37914,-0.0
_C37915,-0.0
_C37916,-0.0
_C37917,-0.0
_C37918,-0.0
_C37919,-0.0
_C37920,-0.0
_C37921,-0.0
_C37922,-0.0
_C37923,-0.0
_C37924,-0.0
_C37925,-0.0
_C37926,-0.0
_C37927,-0.0
_C37928,-0.0
_C37929,-0.0
_C37930,-0.0
_C37931,-0.0
_C37932,-0.0
_C37933,-0.0
_C37934,-0.0
_C37935,-0.0
_C37936,-0.0
_C37937,-0.0
_C37938,-0.0
_C37939,-0.0
_C37940,-0.0
_C37941,-0.0
_C37942,-0.0
_C37943,-0.0
_C37944,-0.0
_C37945,-0.0
_C37946,-0.0
_C37947,-0.0
_C37948,-0.0
_C37949,-0.0
_C37950,-0.0
_C37951,-0.0
_C37952,-0.0
_C37953,-0.0
_C37954,-0.0
_C37955,-0.0
_C37956,-0.0
_C37957,-0.0
_C37958,-0.0
_C37959,-0.0
_C37960,-0.0
_C37961,-0.0
_C37962,-0.0
_C37963,-0.0
_C37964,-0.0
_C37965,-0.0
_C37966,-0.0
_C37967,-0.0
_C37968,-0.0
_C37969,-0.0
_C37970,-0.0
_C37971,-0.0
_C37972,-0.0
_C37973,-0.0
_C37974,-0.0
_C37975,-0.0
_C37976,-0.0
_C37977,-0.0
_C37978,-0.0
_C37979,-0.0
_C37980,-0.0
_C37981,-0.0
_C37982,-0.0
_C37983,-0.0
_C37984,-0.0
_C37985,-0.0
_C37986,-0.0
_C37987,-0.0
_C37988,-0.0
_C37989,-0.0
_C37990,-0.0
_C37991,-0.0
_C37992,-0.0
_C37993,-0.0
_C37994,-0.0
_C37995,-0.0
_C37996,-0.0
_C37997,-0.0
_C37998,-0.0
_C37999,-0.0
_C38000,-0.0
_C38001,-0.0
_C38002,-0.0
_C38003,-0.0
_C38004,-0.0
_C38005,-0.0
_C38006,-0.0
_C38007,-0.0
_C38008,-0.0
_C38009,-0.0
_C38010,-0.0
_C38011,-0.0
_C38012,-0.0
_C38013,-0.0
_C38014,-0.0
_C38015,-0.0
_C38016,-0.0
_C38017,-0.0
_C38018,-0.0
_C38019,-0.0
_C38020,-0.0
_C38021,-0.0
_C38022,-0.0
_C38023,-0.0
_C38024,-0.0
_C38025,-0.0
_C38026,-0.0
_C38027,-0.0
_C38028,-0.0
_C38029,-0.0
_C38030,-0.0
_C38031,-0.0
_C38032,-0.0
_C38033,-0.0
_C38034,-0.0
_C38035,-0.0
_C38036,-0.0
_C38037,-0.0
_C38038,-0.0
_C38039,-0.0
_C38040,-0.0
_C38041,-0.0
_C38042,-0.0
_C38043,-0.0
_C38044,-0.0
_C38045,-0.0
_C38046,-0.0
_C38047,-0.0
_C38048,-0.0
_C38049,-0.0
_C38050,-0.0
_C38051,-0.0
_C38052,-0.0
_C38053,-0.0
_C38054,-0.0
_C38055,-0.0
_C38056,-0.0
_C38057,-0.0
_C38058,-0.0
_C38059,-0.0
_C38060,-0.0
_C38061,-0.0
_C38062,-0.0
_C38063,-0.0
_C38064,-0.0
_C38065,-0.0
_C38066,-0.0
_C38067,-0.0
_C38068,-0.0
_C38069,-0.0
_C38070,-0.0
_C38071,-0.0
_C38072,-0.0
_C38073,-0.0
_C38074,-0.0
_C38075,-0.0
_C38076,-0.0
_C38077,-0.0
_C38078,-0.0
_C38079,-0.0
_C38080,-0.0
_C38081,-0.0
_C38082,-0.0
_C38083,-0.0
_C38084,-0.0
_C38085,-0.0
_C38086,-0.0
_C38087,-0.0
_C38088,-0.0
_C38089,-0.0
_C38090,-0.0
_C38091,-0.0
_C38092,-0.0
_C38093,-0.0
_C38094,-0.0
_C38095,-0.0
_C38096,-0.0
_C38097,-0.0
_C38098,-0.0
_C38099,-0.0
_C38100,-0.0
_C38101,-0.0
_C38102,-0.0
_C38103,-0.0
_C38104,-0.0
_C38105,-0.0
_C38106,-0.0
_C38107,-0.0
_C38108,-0.0
_C38109,-0.0
_C38110,-0.0
_C38111,-0.0
_C38112,-0.0
_C38113,-0.0
_C38114,-0.0
_C38115,-0.0
_C38116,-0.0
_C38117,-0.0
_C38118,-0.0
_C38119,-0.0
_C38120,-0.0
_C38121,-0.0
_C38122,-0.0
_C38123,-0.0
_C38124,-0.0
_C38125,-0.0
_C38126,-0.0
_C38127,-0.0
_C38128,-0.0
_C38129,-0.0
_C38130,-0.0
_C38131,-0.0
_C38132,-0.0
_C38133,-0.0
_C38134,-0.0
_C38135,-0.0
_C38136,-0.0
_C38137,-0.0
_C38138,-0.0
_C38139,-0.0
_C38140,-0.0
_C38141,-0.0
_C38142,-0.0
_C38143,-0.0
_C38144,-0.0
_C38145,-0.0
_C38146,-0.0
_C38147,-0.0
_C38148,-0.0
_C38149,-0.0
_C38150,-0.0
_C38151,-0.0
_C38152,-0.0
_C38153,-0.0
_C38154,-0.0
_C38155,-0.0
_C38156,-0.0
_C38157,-0.0
_C38158,-0.0
_C38159,-0.0
_C38160,-0.0
_C38161,-0.0
_C38162,-0.0
_C38163,-0.0
_C38164,-0.0
_C38165,-0.0
_C38166,-0.0
_C38167,-0.0
_C38168,-0.0
_C38169,-0.0
_C38170,-0.0
_C38171,-0.0
_C38172,-0.0
_C38173,-0.0
_C38174,-0.0
_C38175,-0.0
_C38176,-0.0
_C38177,-0.0
_C38178,-0.0
_C38179,-0.0
_C38180,-0.0
_C38181,-0.0
_C38182,-0.0
_C38183,-0.0
_C38184,-0.0
_C38185,-0.0
_C38186,-0.0
_C38187,-0.0
_C38188,-0.0
_C38189,-0.0
_C38190,-0.0
_C38191,-0.0
_C38192,-0.0
_C38193,-0.0
_C38194,-0.0
_C38195,-0.0
_C38196,-0.0
_C38197,-0.0
_C38198,-0.0
_C38199,-0.0
_C38200,-0.0
_C38201,-0.0
_C38202,-0.0
_C38203,-0.0
_C38204,-0.0
_C38205,-0.0
_C38206,-0.0
_C38207,-0.0
_C38208,-0.0
_C38209,-0.0
_C38210,-0.0
_C38211,-0.0
_C38212,-0.0
_C38213,-0.0
_C38214,-0.0
_C38215,-0.0
_C38216,-0.0
_C38217,-0.0
_C38218,-0.0
_C38219,-0.0
_C38220,-0.0
_C38221,-0.0
_C38222,-0.0
_C38223,-0.0
_C38224,-0.0
_C38225,-0.0
_C38226,-0.0
_C38227,-0.0
_C38228,-0.0
_C38229,-0.0
_C38230,-0.0
_C38231,-0.0
_C38232,-0.0
_C38233,-0.0
_C38234,-0.0
_C38235,-0.0
_C38236,-0.0
_C38237,-0.0
_C38238,-0.0
_C38239,-0.0
_C38240,-0.0
_C38241,-0.0
_C38242,-0.0
_C38243,-0.0
_C38244,-0.0
_C38245,-0.0
_C38246,-0.0
_C38247,-0.0
_C38248,-0.0
_C38249,-0.0
_C38250,-0.0
_C38251,-0.0
_C38252,-0.0
_C38253,-0.0
_C38254,-0.0
_C38255,-0.0
_C38256,-0.0
_C38257,-0.0
_C38258,-0.0
_C38259,-0.0
_C38260,-0.0
_C38261,-0.0
_C38262,-0.0
_C38263,-0.0
_C38264,-0.0
_C38265,-0.0
_C38266,-0.0
_C38267,-0.0
_C38268,-0.0
_C38269,-0.0
_C38270,-0.0
_C38271,-0.0
_C38272,-0.0
_C38273,-0.0
_C38274,-0.0
_C38275,-0.0
_C38276,-0.0
_C38277,-0.0
_C38278,-0.0
_C38279,-0.0
_C38280,-0.0
_C38281,-0.0
_C38282,-0.0
_C38283,-0.0
_C38284,-0.0
_C38285,-0.0
_C38286,-0.0
_C38287,-0.0
_C38288,-0.0
_C38289,-0.0
_C38290,-0.0
_C38291,-0.0
_C38292,-0.0
_C38293,-0.0
_C38294,-0.0
_C38295,-0.0
_C38296,-0.0
_C38297,-0.0
_C38298,-0.0
_C38299,-0.0
_C38300,-0.0
_C38301,-0.0
_C38302,-0.0
_C38303,-0.0
_C38304,-0.0
_C38305,-0.0
_C38306,-0.0
_C38307,-0.0
_C38308,-0.0
_C38309,-0.0
_C38310,-0.0
_C38311,-0.0
_C38312,-0.0
_C38313,-0.0
_C38314,-0.0
_C38315,-0.0
_C38316,-0.0
_C38317,-0.0
_C38318,-0.0
_C38319,-0.0
_C38320,-0.0
_C38321,-0.0
_C38322,-0.0
_C38323,-0.0
_C38324,-0.0
_C38325,-0.0
_C38326,-0.0
_C38327,-0.0
_C38328,-0.0
_C38329,-0.0
_C38330,-0.0
_C38331,-0.0
_C38332,-0.0
_C38333,-0.0
_C38334,-0.0
_C38335,-0.0
_C38336,-0.0
_C38337,-0.0
_C38338,-0.0
_C38339,-0.0
_C38340,-0.0
_C38341,-0.0
_C38342,-0.0
_C38343,-0.0
_C38344,-0.0
_C38345,-0.0
_C38346,-0.0
_C38347,-0.0
_C38348,-0.0
_C38349,-0.0
_C38350,-0.0
_C38351,-0.0
_C38352,-0.0
_C38353,-0.0
_C38354,-0.0
_C38355,-0.0
_C38356,-0.0
_C38357,-0.0
_C38358,-0.0
_C38359,-0.0
_C38360,-0.0
_C38361,-0.0
_C38362,-0.0
_C38363,-0.0
_C38364,-0.0
_C38365,-0.0
_C38366,-0.0
_C38367,-0.0
_C38368,-0.0
_C38369,-0.0
_C38370,-0.0
_C38371,-0.0
_C38372,-0.0
_C38373,-0.0
_C38374,-0.0
_C38375,-0.0
_C38376,-0.0
_C38377,-0.0
_C38378,-0.0
_C38379,-0.0
_C38380,-0.0
_C38381,-0.0
_C38382,-0.0
_C38383,-0.0
_C38384,-0.0
_C38385,-0.0
_C38386,-0.0
_C38387,-0.0
_C38388,-0.0
_C38389,-0.0
_C38390,-0.0
_C38391,-0.0
_C38392,-0.0
_C38393,-0.0
_C38394,-0.0
_C38395,-0.0
_C38396,-0.0
_C38397,-0.0
_C38398,-0.0
_C38399,-0.0
_C38400,-0.0
_C38401,-0.0
_C38402,-0.0
_C38403,-0.0
_C38404,-0.0
_C38405,-0.0
_C38406,-0.0
_C38407,-0.0
_C38408,-0.0
_C38409,-0.0
_C38410,-0.0
_C38411,-0.0
_C38412,-0.0
_C38413,-0.0
_C38414,-0.0
_C38415,-0.0
_C38416,-0.0
_C38417,-0.0
_C38418,-0.0
_C38419,-0.0
_C38420,-0.0
_C38421,-0.0
_C38422,-0.0
_C38423,-0.0
_C38424,-0.0
_C38425,-0.0
_C38426,-0.0
_C38427,-0.0
_C38428,-0.0
_C38429,-0.0
_C38430,-0.0
_C38431,-0.0
_C38432,-0.0
_C38433,-0.0
_C38434,-0.0
_C38435,-0.0
_C38436,-0.0
_C38437,-0.0
_C38438,-0.0
_C38439,-0.0
_C38440,-0.0
_C38441,-0.0
_C38442,-0.0
_C38443,-0.0
_C38444,-0.0
_C38445,-0.0
_C38446,-0.0
_C38447,-0.0
_C38448,-0.0
_C38449,-0.0
_C38450,-0.0
_C38451,-0.0
_C38452,-0.0
_C38453,-0.0
_C38454,-0.0
_C38455,-0.0
_C38456,-0.0
_C38457,-0.0
_C38458,-0.0
_C38459,-0.0
_C38460,-0.0
_C38461,-0.0
_C38462,-0.0
_C38463,-0.0
_C38464,-0.0
_C38465,-0.0
_C38466,-0.0
_C38467,-0.0
_C38468,-0.0
_C38469,-0.0
_C38470,-0.0
_C38471,-0.0
_C38472,-0.0
_C38473,-0.0
_C38474,-0.0
_C38475,-0.0
_C38476,-0.0
_C38477,-0.0
_C38478,-0.0
_C38479,-0.0
_C38480,-0.0
_C38481,-0.0
_C38482,-0.0
_C38483,-0.0
_C38484,-0.0
_C38485,-0.0
_C38486,-0.0
_C38487,-0.0
_C38488,-0.0
_C38489,-0.0
_C38490,-0.0
_C38491,-0.0
_C38492,-0.0
_C38493,-0.0
_C38494,-0.0
_C38495,-0.0
_C38496,-0.0
_C38497,-0.0
_C38498,-0.0
_C38499,-0.0
_C38500,-0.0
_C38501,-0.0
_C38502,-0.0
_C38503,-0.0
_C38504,-0.0
_C38505,-0.0
_C38506,-0.0
_C38507,-0.0
_C38508,-0.0
_C38509,-0.0
_C38510,-0.0
_C38511,-0.0
_C38512,-0.0
_C38513,-0.0
_C38514,-0.0
_C38515,-0.0
_C38516,-0.0
_C38517,-0.0
_C38518,-0.0
_C38519,-0.0
_C38520,-0.0
_C38521,-0.0
_C38522,-0.0
_C38523,-0.0
_C38524,-0.0
_C38525,-0.0
_C38526,-0.0
_C38527,-0.0
_C38528,-0.0
_C38529,-0.0
_C38530,-0.0
_C38531,-0.0
_C38532,-0.0
_C38533,-0.0
_C38534,-0.0
_C38535,-0.0
_C38536,-0.0
_C38537,-0.0
_C38538,-0.0
_C38539,-0.0
_C38540,-0.0
_C38541,-0.0
_C38542,-0.0
_C38543,-0.0
_C38544,-0.0
_C38545,-0.0
_C38546,-0.0
_C38547,-0.0
_C38548,-0.0
_C38549,-0.0
_C38550,-0.0
_C38551,-0.0
_C38552,-0.0
_C38553,-0.0
_C38554,-0.0
_C38555,-0.0
_C38556,-0.0
_C38557,-0.0
_C38558,-0.0
_C38559,-0.0
_C38560,-0.0
_C38561,-0.0
_C38562,-0.0
_C38563,-0.0
_C38564,-0.0
_C38565,-0.0
_C38566,-0.0
_C38567,-0.0
_C38568,-0.0
_C38569,-0.0
_C38570,-0.0
_C38571,-0.0
_C38572,-0.0
_C38573,-0.0
_C38574,-0.0
_C38575,-0.0
_C38576,-0.0
_C38577,-0.0
_C38578,-0.0
_C38579,-0.0
_C38580,-0.0
_C38581,-0.0
_C38582,-0.0
_C38583,-0.0
_C38584,-0.0
_C38585,-0.0
_C38586,-0.0
_C38587,-0.0
_C38588,-0.0
_C38589,-0.0
_C38590,-0.0
_C38591,-0.0
_C38592,-0.0
_C38593,-0.0
_C38594,-0.0
_C38595,-0.0
_C38596,-0.0
_C38597,-0.0
_C38598,-0.0
_C38599,-0.0
_C38600,-0.0
_C38601,-0.0
_C38602,-0.0
_C38603,-0.0
_C38604,-0.0
_C38605,-0.0
_C38606,-0.0
_C38607,-0.0
_C38608,-0.0
_C38609,-0.0
_C38610,-0.0
_C38611,-0.0
_C38612,-0.0
_C38613,-0.0
_C38614,-0.0
_C38615,-0.0
_C38616,-0.0
_C38617,-0.0
_C38618,-0.0
_C38619,-0.0
_C38620,-0.0
_C38621,-0.0
_C38622,-0.0
_C38623,-0.0
_C38624,-0.0
_C38625,-0.0
_C38626,-0.0
_C38627,-0.0
_C38628,-0.0
_C38629,-0.0
_C38630,-0.0
_C38631,-0.0
_C38632,-0.0
_C38633,-0.0
_C38634,-0.0
_C38635,-0.0
_C38636,-0.0
_C38637,-0.0
_C38638,-0.0
_C38639,-0.0
_C38640,-0.0
_C38641,-0.0
_C38642,-0.0
_C38643,-0.0
_C38644,-0.0
_C38645,-0.0
_C38646,-0.0
_C38647,-0.0
_C38648,-0.0
_C38649,-0.0
_C38650,-0.0
_C38651,-0.0
_C38652,-0.0
_C38653,-0.0
_C38654,-0.0
_C38655,-0.0
_C38656,-0.0
_C38657,-0.0
_C38658,-0.0
_C38659,-0.0
_C38660,-0.0
_C38661,-0.0
_C38662,-0.0
_C38663,-0.0
_C38664,-0.0
_C38665,-0.0
_C38666,-0.0
_C38667,-0.0
_C38668,-0.0
_C38669,-0.0
_C38670,-0.0
_C38671,-0.0
_C38672,-0.0
_C38673,-0.0
_C38674,-0.0
_C38675,-0.0
_C38676,-0.0
_C38677,-0.0
_C38678,-0.0
_C38679,-0.0
_C38680,-0.0
_C38681,-0.0
_C38682,-0.0
_C38683,-0.0
_C38684,-0.0
_C38685,-0.0
_C38686,-0.0
_C38687,-0.0
_C38688,-0.0
_C38689,-0.0
_C38690,-0.0
_C38691,-0.0
_C38692,-0.0
_C38693,-0.0
_C38694,-0.0
_C38695,-0.0
_C38696,-0.0
_C38697,-0.0
_C38698,-0.0
_C38699,-0.0
_C38700,-0.0
_C38701,-0.0
_C38702,-0.0
_C38703,-0.0
_C38704,-0.0
_C38705,-0.0
_C38706,-0.0
_C38707,-0.0
_C38708,-0.0
_C38709,-0.0
_C38710,-0.0
_C38711,-0.0
_C38712,-0.0
_C38713,-0.0
_C38714,-0.0
_C38715,-0.0
_C38716,-0.0
_C38717,-0.0
_C38718,-0.0
_C38719,-0.0
_C38720,-0.0
_C38721,-0.0
_C38722,-0.0
_C38723,-0.0
_C38724,-0.0
_C38725,-0.0
_C38726,-0.0
_C38727,-0.0
_C38728,-0.0
_C38729,-0.0
_C38730,-0.0
_C38731,-0.0
_C38732,-0.0
_C38733,-0.0
_C38734,-0.0
_C38735,-0.0
_C38736,-0.0
_C38737,-0.0
_C38738,-0.0
_C38739,-0.0
_C38740,-0.0
_C38741,-0.0
_C38742,-0.0
_C38743,-0.0
_C38744,-0.0
_C38745,-0.0
_C38746,-0.0
_C38747,-0.0
_C38748,-0.0
_C38749,-0.0
_C38750,-0.0
_C38751,-0.0
_C38752,-0.0
_C38753,-0.0
_C38754,-0.0
_C38755,-0.0
_C38756,-0.0
_C38757,-0.0
_C38758,-0.0
_C38759,-0.0
_C38760,-0.0
_C38761,-0.0
_C38762,-0.0
_C38763,-0.0
_C38764,-0.0
_C38765,-0.0
_C38766,-0.0
_C38767,-0.0
_C38768,-0.0
_C38769,-0.0
_C38770,-0.0
_C38771,-0.0
_C38772,-0.0
_C38773,-0.0
_C38774,-0.0
_C38775,-0.0
_C38776,-0.0
_C38777,-0.0
_C38778,-0.0
_C38779,-0.0
_C38780,-0.0
_C38781,-0.0
_C38782,-0.0
_C38783,-0.0
_C38784,-0.0
_C38785,-0.0
_C38786,-0.0
_C38787,-0.0
_C38788,-0.0
_C38789,-0.0
_C38790,-0.0
_C38791,-0.0
_C38792,-0.0
_C38793,-0.0
_C38794,-0.0
_C38795,-0.0
_C38796,-0.0
_C38797,-0.0
_C38798,-0.0
_C38799,-0.0
_C38800,-0.0
_C38801,-0.0
_C38802,-0.0
_C38803,-0.0
_C38804,-0.0
_C38805,-0.0
_C38806,-0.0
_C38807,-0.0
_C38808,-0.0
_C38809,-0.0
_C38810,-0.0
_C38811,-0.0
_C38812,-0.0
_C38813,-0.0
_C38814,-0.0
_C38815,-0.0
_C38816,-0.0
_C38817,-0.0
_C38818,-0.0
_C38819,-0.0
_C38820,-0.0
_C38821,-0.0
_C38822,-0.0
_C38823,-0.0
_C38824,-0.0
_C38825,-0.0
_C38826,-0.0
_C38827,-0.0
_C38828,-0.0
_C38829,-0.0
_C38830,-0.0
_C38831,-0.0
_C38832,-0.0
_C38833,-0.0
_C38834,-0.0
_C38835,-0.0
_C38836,-0.0
_C38837,-0.0
_C38838,-0.0
_C38839,-0.0
_C38840,-0.0
_C38841,-0.0
_C38842,-0.0
_C38843,-0.0
_C38844,-0.0
_C38845,-0.0
_C38846,-0.0
_C38847,-0.0
_C38848,-0.0
_C38849,-0.0
_C38850,-0.0
_C38851,-0.0
_C38852,-0.0
_C38853,-0.0
_C38854,-0.0
_C38855,-0.0
_C38856,-0.0
_C38857,-0.0
_C38858,-0.0
_C38859,-0.0
_C38860,-0.0
_C38861,-0.0
_C38862,-0.0
_C38863,-0.0
_C38864,-0.0
_C38865,-0.0
_C38866,-0.0
_C38867,-0.0
_C38868,-0.0
_C38869,-0.0
_C38870,-0.0
_C38871,-0.0
_C38872,-0.0
_C38873,-0.0
_C38874,-0.0
_C38875,-0.0
_C38876,-0.0
_C38877,-0.0
_C38878,-0.0
_C38879,-0.0
_C38880,-0.0
_C38881,-0.0
_C38882,-0.0
_C38883,-0.0
_C38884,-0.0
_C38885,-0.0
_C38886,-0.0
_C38887,-0.0
_C38888,-0.0
_C38889,-0.0
_C38890,-0.0
_C38891,-0.0
_C38892,-0.0
_C38893,-0.0
_C38894,-0.0
_C38895,-0.0
_C38896,-0.0
_C38897,-0.0
_C38898,-0.0
_C38899,-0.0
_C38900,-0.0
_C38901,-0.0
_C38902,-0.0
_C38903,-0.0
_C38904,-0.0
_C38905,-0.0
_C38906,-0.0
_C38907,-0.0
_C38908,-0.0
_C38909,-0.0
_C38910,-0.0
_C38911,-0.0
_C38912,-0.0
_C38913,-0.0
_C38914,-0.0
_C38915,-0.0
_C38916,-0.0
_C38917,-0.0
_C38918,-0.0
_C38919,-0.0
_C38920,-0.0
_C38921,-0.0
_C38922,-0.0
_C38923,-0.0
_C38924,-0.0
_C38925,-0.0
_C38926,-0.0
_C38927,-0.0
_C38928,-0.0
_C38929,-0.0
_C38930,-0.0
_C38931,-0.0
_C38932,-0.0
_C38933,-0.0
_C38934,-0.0
_C38935,-0.0
_C38936,-0.0
_C38937,-0.0
_C38938,-0.0
_C38939,-0.0
_C38940,-0.0
_C38941,-0.0
_C38942,-0.0
_C38943,-0.0
_C38944,-0.0
_C38945,-0.0
_C38946,-0.0
_C38947,-0.0
_C38948,-0.0
_C38949,-0.0
_C38950,-0.0
_C38951,-0.0
_C38952,-0.0
_C38953,-0.0
_C38954,-0.0
_C38955,-0.0
_C38956,-0.0
_C38957,-0.0
_C38958,-0.0
_C38959,-0.0
_C38960,-0.0
_C38961,-0.0
_C38962,-0.0
_C38963,-0.0
_C38964,-0.0
_C38965,-0.0
_C38966,-0.0
_C38967,-0.0
_C38968,-0.0
_C38969,-0.0
_C38970,-0.0
_C38971,-0.0
_C38972,-0.0
_C38973,-0.0
_C38974,-0.0
_C38975,-0.0
_C38976,-0.0
_C38977,-0.0
_C38978,-0.0
_C38979,-0.0
_C38980,-0.0
_C38981,-0.0
_C38982,-0.0
_C38983,-0.0
_C38984,-0.0
_C38985,-0.0
_C38986,-0.0
_C38987,-0.0
_C38988,-0.0
_C38989,-0.0
_C38990,-0.0
_C38991,-0.0
_C38992,-0.0
_C38993,-0.0
_C38994,-0.0
_C38995,-0.0
_C38996,-0.0
_C38997,-0.0
_C38998,-0.0
_C38999,-0.0
_C39000,-0.0
_C39001,-0.0
_C39002,-0.0
_C39003,-0.0
_C39004,-0.0
_C39005,-0.0
_C39006,-0.0
_C39007,-0.0
_C39008,-0.0
_C39009,-0.0
_C39010,-0.0
_C39011,-0.0
_C39012,-0.0
_C39013,-0.0
_C39014,-0.0
_C39015,-0.0
_C39016,-0.0
_C39017,-0.0
_C39018,-0.0
_C39019,-0.0
_C39020,-0.0
_C39021,-0.0
_C39022,-0.0
_C39023,-0.0
_C39024,-0.0
_C39025,-0.0
_C39026,-0.0
_C39027,-0.0
_C39028,-0.0
_C39029,-0.0
_C39030,-0.0
_C39031,-0.0
_C39032,-0.0
_C39033,-0.0
_C39034,-0.0
_C39035,-0.0
_C39036,-0.0
_C39037,-0.0
_C39038,-0.0
_C39039,-0.0
_C39040,-0.0
_C39041,-0.0
_C39042,-0.0
_C39043,-0.0
_C39044,-0.0
_C39045,-0.0
_C39046,-0.0
_C39047,-0.0
_C39048,-0.0
_C39049,-0.0
_C39050,-0.0
_C39051,-0.0
_C39052,-0.0
_C39053,-0.0
_C39054,-0.0
_C39055,-0.0
_C39056,-0.0
_C39057,-0.0
_C39058,-0.0
_C39059,-0.0
_C39060,-0.0
_C39061,-0.0
_C39062,-0.0
_C39063,-0.0
_C39064,-0.0
_C39065,-0.0
_C39066,-0.0
_C39067,-0.0
_C39068,-0.0
_C39069,-0.0
_C39070,-0.0
_C39071,-0.0
_C39072,-0.0
_C39073,-0.0
_C39074,-0.0
_C39075,-0.0
_C39076,-0.0
_C39077,-0.0
_C39078,-0.0
_C39079,-0.0
_C39080,-0.0
_C39081,-0.0
_C39082,-0.0
_C39083,-0.0
_C39084,-0.0
_C39085,-0.0
_C39086,-0.0
_C39087,-0.0
_C39088,-0.0
_C39089,-0.0
_C39090,-0.0
_C39091,-0.0
_C39092,-0.0
_C39093,-0.0
_C39094,-0.0
_C39095,-0.0
_C39096,-0.0
_C39097,-0.0
_C39098,-0.0
_C39099,-0.0
_C39100,-0.0
_C39101,-0.0
_C39102,-0.0
_C39103,-0.0
_C39104,-0.0
_C39105,-0.0
_C39106,-0.0
_C39107,-0.0
_C39108,-0.0
_C39109,-0.0
_C39110,-0.0
_C39111,-0.0
_C39112,-0.0
_C39113,-0.0
_C39114,-0.0
_C39115,-0.0
_C39116,-0.0
_C39117,-0.0
_C39118,-0.0
_C39119,-0.0
_C39120,-0.0
_C39121,-0.0
_C39122,-0.0
_C39123,-0.0
_C39124,-0.0
_C39125,-0.0
_C39126,-0.0
_C39127,-0.0
_C39128,-0.0
_C39129,-0.0
_C39130,-0.0
_C39131,-0.0
_C39132,-0.0
_C39133,-0.0
_C39134,-0.0
_C39135,-0.0
_C39136,-0.0
_C39137,-0.0
_C39138,-0.0
_C39139,-0.0
_C39140,-0.0
_C39141,-0.0
_C39142,-0.0
_C39143,-0.0
_C39144,-0.0
_C39145,-0.0
_C39146,-0.0
_C39147,-0.0
_C39148,-0.0
_C39149,-0.0
_C39150,-0.0
_C39151,-0.0
_C39152,-0.0
_C39153,-0.0
_C39154,-0.0
_C39155,-0.0
_C39156,-0.0
_C39157,-0.0
_C39158,-0.0
_C39159,-0.0
_C39160,-0.0
_C39161,-0.0
_C39162,-0.0
_C39163,-0.0
_C39164,-0.0
_C39165,-0.0
_C39166,-0.0
_C39167,-0.0
_C39168,-0.0
_C39169,-0.0
_C39170,-0.0
_C39171,-0.0
_C39172,-0.0
_C39173,-0.0
_C39174,-0.0
_C39175,-0.0
_C39176,-0.0
_C39177,-0.0
_C39178,-0.0
_C39179,-0.0
_C39180,-0.0
_C39181,-0.0
_C39182,-0.0
_C39183,-0.0
_C39184,-0.0
_C39185,-0.0
_C39186,-0.0
_C39187,-0.0
_C39188,-0.0
_C39189,-0.0
_C39190,-0.0
_C39191,-0.0
_C39192,-0.0
_C39193,-0.0
_C39194,-0.0
_C39195,-0.0
_C39196,-0.0
_C39197,-0.0
_C39198,-0.0
_C39199,-0.0
_C39200,-0.0
_C39201,-0.0
_C39202,-0.0
_C39203,-0.0
_C39204,-0.0
_C39205,-0.0
_C39206,-0.0
_C39207,-0.0
_C39208,-0.0
_C39209,-0.0
_C39210,-0.0
_C39211,-0.0
_C39212,-0.0
_C39213,-0.0
_C39214,-0.0
_C39215,-0.0
_C39216,-0.0
_C39217,-0.0
_C39218,-0.0
_C39219,-0.0
_C39220,-0.0
_C39221,-0.0
_C39222,-0.0
_C39223,-0.0
_C39224,-0.0
_C39225,-0.0
_C39226,-0.0
_C39227,-0.0
_C39228,-0.0
_C39229,-0.0
_C39230,-0.0
_C39231,-0.0
_C39232,-0.0
_C39233,-0.0
_C39234,-0.0
_C39235,-0.0
_C39236,-0.0
_C39237,-0.0
_C39238,-0.0
_C39239,-0.0
_C39240,-0.0
_C39241,-0.0
_C39242,-0.0
_C39243,-0.0
_C39244,-0.0
_C39245,-0.0
_C39246,-0.0
_C39247,-0.0
_C39248,-0.0
_C39249,-0.0
_C39250,-0.0
_C39251,-0.0
_C39252,-0.0
_C39253,-0.0
_C39254,-0.0
_C39255,-0.0
_C39256,-0.0
_C39257,-0.0
_C39258,-0.0
_C39259,-0.0
_C39260,-0.0
_C39261,-0.0
_C39262,-0.0
_C39263,-0.0
_C39264,-0.0
_C39265,-0.0
_C39266,-0.0
_C39267,-0.0
_C39268,-0.0
_C39269,-0.0
_C39270,-0.0
_C39271,-0.0
_C39272,-0.0
_C39273,-0.0
_C39274,-0.0
_C39275,-0.0
_C39276,-0.0
_C39277,-0.0
_C39278,-0.0
_C39279,-0.0
_C39280,-0.0
_C39281,-0.0
_C39282,-0.0
_C39283,-0.0
_C39284,-0.0
_C39285,-0.0
_C39286,-0.0
_C39287,-0.0
_C39288,-0.0
_C39289,-0.0
_C39290,-0.0
_C39291,-0.0
_C39292,-0.0
_C39293,-0.0
_C39294,-0.0
_C39295,-0.0
_C39296,-0.0
_C39297,-0.0
_C39298,-0.0
_C39299,-0.0
_C39300,-0.0
_C39301,-0.0
_C39302,-0.0
_C39303,-0.0
_C39304,-0.0
_C39305,-0.0
_C39306,-0.0
_C39307,-0.0
_C39308,-0.0
_C39309,-0.0
_C39310,-0.0
_C39311,-0.0
_C39312,-0.0
_C39313,-0.0
_C39314,-0.0
_C39315,-0.0
_C39316,-0.0
_C39317,-0.0
_C39318,-0.0
_C39319,-0.0
_C39320,-0.0
_C39321,-0.0
_C39322,-0.0
_C39323,-0.0
_C39324,-0.0
_C39325,-0.0
_C39326,-0.0
_C39327,-0.0
_C39328,-0.0
_C39329,-0.0
_C39330,-0.0
_C39331,-0.0
_C39332,-0.0
_C39333,-0.0
_C39334,-0.0
_C39335,-0.0
_C39336,-0.0
_C39337,-0.0
_C39338,-0.0
_C39339,-0.0
_C39340,-0.0
_C39341,-0.0
_C39342,-0.0
_C39343,-0.0
_C39344,-0.0
_C39345,-0.0
_C39346,-0.0
_C39347,-0.0
_C39348,-0.0
_C39349,-0.0
_C39350,-0.0
_C39351,-0.0
_C39352,-0.0
_C39353,-0.0
_C39354,-0.0
_C39355,-0.0
_C39356,-0.0
_C39357,-0.0
_C39358,-0.0
_C39359,-0.0
_C39360,-0.0
_C39361,-0.0
_C39362,-0.0
_C39363,-0.0
_C39364,-0.0
_C39365,-0.0
_C39366,-0.0
_C39367,-0.0
_C39368,-0.0
_C39369,-0.0
_C39370,-0.0
_C39371,-0.0
_C39372,-0.0
_C39373,-0.0
_C39374,-0.0
_C39375,-0.0
_C39376,-0.0
_C39377,-0.0
_C39378,-0.0
_C39379,-0.0
_C39380,-0.0
_C39381,-0.0
_C39382,-0.0
_C39383,-0.0
_C39384,-0.0
_C39385,-0.0
_C39386,-0.0
_C39387,-0.0
_C39388,-0.0
_C39389,-0.0
_C39390,-0.0
_C39391,-0.0
_C39392,-0.0
_C39393,-0.0
_C39394,-0.0
_C39395,-0.0
_C39396,-0.0
_C39397,-0.0
_C39398,-0.0
_C39399,-0.0
_C39400,-0.0
_C39401,-0.0
_C39402,-0.0
_C39403,-0.0
_C39404,-0.0
_C39405,-0.0
_C39406,-0.0
_C39407,-0.0
_C39408,-0.0
_C39409,-0.0
_C39410,-0.0
_C39411,-0.0
_C39412,-0.0
_C39413,-0.0
_C39414,-0.0
_C39415,-0.0
_C39416,-0.0
_C39417,-0.0
_C39418,-0.0
_C39419,-0.0
_C39420,-0.0
_C39421,-0.0
_C39422,-0.0
_C39423,-0.0
_C39424,-0.0
_C39425,-0.0
_C39426,-0.0
_C39427,-0.0
_C39428,-0.0
_C39429,-0.0
_C39430,-0.0
_C39431,-0.0
_C39432,-0.0
_C39433,-0.0
_C39434,-0.0
_C39435,-0.0
_C39436,-0.0
_C39437,-0.0
_C39438,-0.0
_C39439,-0.0
_C39440,-0.0
_C39441,-0.0
_C39442,-0.0
_C39443,-0.0
_C39444,-0.0
_C39445,-0.0
_C39446,-0.0
_C39447,-0.0
_C39448,-0.0
_C39449,-0.0
_C39450,-0.0
_C39451,-0.0
_C39452,-0.0
_C39453,-0.0
_C39454,-0.0
_C39455,-0.0
_C39456,-0.0
_C39457,-0.0
_C39458,-0.0
_C39459,-0.0
_C39460,-0.0
_C39461,-0.0
_C39462,-0.0
_C39463,-0.0
_C39464,-0.0
_C39465,-0.0
_C39466,-0.0
_C39467,-0.0
_C39468,-0.0
_C39469,-0.0
_C39470,-0.0
_C39471,-0.0
_C39472,-0.0
_C39473,-0.0
_C39474,-0.0
_C39475,-0.0
_C39476,-0.0
_C39477,-0.0
_C39478,-0.0
_C39479,-0.0
_C39480,-0.0
_C39481,-0.0
_C39482,-0.0
_C39483,-0.0
_C39484,-0.0
_C39485,-0.0
_C39486,-0.0
_C39487,-0.0
_C39488,-0.0
_C39489,-0.0
_C39490,-0.0
_C39491,-0.0
_C39492,-0.0
_C39493,-0.0
_C39494,-0.0
_C39495,-0.0
_C39496,-0.0
_C39497,-0.0
_C39498,-0.0
_C39499,-0.0
_C39500,-0.0
_C39501,-0.0
_C39502,-0.0
_C39503,-0.0
_C39504,-0.0
_C39505,-0.0
_C39506,-0.0
_C39507,-0.0
_C39508,-0.0
_C39509,-0.0
_C39510,-0.0
_C39511,-0.0
_C39512,-0.0
_C39513,-0.0
_C39514,-0.0
_C39515,-0.0
_C39516,-0.0
_C39517,-0.0
_C39518,-0.0
_C39519,-0.0
_C39520,-0.0
_C39521,-0.0
_C39522,-0.0
_C39523,-0.0
_C39524,-0.0
_C39525,-0.0
_C39526,-0.0
_C39527,-0.0
_C39528,-0.0
_C39529,-0.0
_C39530,-0.0
_C39531,-0.0
_C39532,-0.0
_C39533,-0.0
_C39534,-0.0
_C39535,-0.0
_C39536,-0.0
_C39537,-0.0
_C39538,-0.0
_C39539,-0.0
_C39540,-0.0
_C39541,-0.0
_C39542,-0.0
_C39543,-0.0
_C39544,-0.0
_C39545,-0.0
_C39546,-0.0
_C39547,-0.0
_C39548,-0.0
_C39549,-0.0
_C39550,-0.0
_C39551,-0.0
_C39552,-0.0
_C39553,-0.0
_C39554,-0.0
_C39555,-0.0
_C39556,-0.0
_C39557,-0.0
_C39558,-0.0
_C39559,-0.0
_C39560,-0.0
_C39561,-0.0
_C39562,-0.0
_C39563,-0.0
_C39564,-0.0
_C39565,-0.0
_C39566,-0.0
_C39567,-0.0
_C39568,-0.0
_C39569,-0.0
_C39570,-0.0
_C39571,-0.0
_C39572,-0.0
_C39573,-0.0
_C39574,-0.0
_C39575,-0.0
_C39576,-0.0
_C39577,-0.0
_C39578,-0.0
_C39579,-0.0
_C39580,-0.0
_C39581,-0.0
_C39582,-0.0
_C39583,-0.0
_C39584,-0.0
_C39585,-0.0
_C39586,-0.0
_C39587,-0.0
_C39588,-0.0
_C39589,-0.0
_C39590,-0.0
_C39591,-0.0
_C39592,-0.0
_C39593,-0.0
_C39594,-0.0
_C39595,-0.0
_C39596,-0.0
_C39597,-0.0
_C39598,-0.0
_C39599,-0.0
_C39600,-0.0
_C39601,-0.0
_C39602,-0.0
_C39603,-0.0
_C39604,-0.0
_C39605,-0.0
_C39606,-0.0
_C39607,-0.0
_C39608,-0.0
_C39609,-0.0
_C39610,-0.0
_C39611,-0.0
_C39612,-0.0
_C39613,-0.0
_C39614,-0.0
_C39615,-0.0
_C39616,-0.0
_C39617,-0.0
_C39618,-0.0
_C39619,-0.0
_C39620,-0.0
_C39621,-0.0
_C39622,-0.0
_C39623,-0.0
_C39624,-0.0
_C39625,-0.0
_C39626,-0.0
_C39627,-0.0
_C39628,-0.0
_C39629,-0.0
_C39630,-0.0
_C39631,-0.0
_C39632,-0.0
_C39633,-0.0
_C39634,-0.0
_C39635,-0.0
_C39636,-0.0
_C39637,-0.0
_C39638,-0.0
_C39639,-0.0
_C39640,-0.0
_C39641,-0.0
_C39642,-0.0
_C39643,-0.0
_C39644,-0.0
_C39645,-0.0
_C39646,-0.0
_C39647,-0.0
_C39648,-0.0
_C39649,-0.0
_C39650,-0.0
_C39651,-0.0
_C39652,-0.0
_C39653,-0.0
_C39654,-0.0
_C39655,-0.0
_C39656,-0.0
_C39657,-0.0
_C39658,-0.0
_C39659,-0.0
_C39660,-0.0
_C39661,-0.0
_C39662,-0.0
_C39663,-0.0
_C39664,-0.0
_C39665,-0.0
_C39666,-0.0
_C39667,-0.0
_C39668,-0.0
_C39669,-0.0
_C39670,-0.0
_C39671,-0.0
_C39672,-0.0
_C39673,-0.0
_C39674,-0.0
_C39675,-0.0
_C39676,-0.0
_C39677,-0.0
_C39678,-0.0
_C39679,-0.0
_C39680,-0.0
_C39681,-0.0
_C39682,-0.0
_C39683,-0.0
_C39684,-0.0
_C39685,-0.0
_C39686,-0.0
_C39687,-0.0
_C39688,-0.0
_C39689,-0.0
_C39690,-0.0
_C39691,-0.0
_C39692,-0.0
_C39693,-0.0
_C39694,-0.0
_C39695,-0.0
_C39696,-0.0
_C39697,-0.0
_C39698,-0.0
_C39699,-0.0
_C39700,-0.0
_C39701,-0.0
_C39702,-0.0
_C39703,-0.0
_C39704,-0.0
_C39705,-0.0
_C39706,-0.0
_C39707,-0.0
_C39708,-0.0
_C39709,-0.0
_C39710,-0.0
_C39711,-0.0
_C39712,-0.0
_C39713,-0.0
_C39714,-0.0
_C39715,-0.0
_C39716,-0.0
_C39717,-0.0
_C39718,-0.0
_C39719,-0.0
_C39720,-0.0
_C39721,-0.0
_C39722,-0.0
_C39723,-0.0
_C39724,-0.0
_C39725,-0.0
_C39726,-0.0
_C39727,-0.0
_C39728,-0.0
_C39729,-0.0
_C39730,-0.0
_C39731,-0.0
_C39732,-0.0
_C39733,-0.0
_C39734,-0.0
_C39735,-0.0
_C39736,-0.0
_C39737,-0.0
_C39738,-0.0
_C39739,-0.0
_C39740,-0.0
_C39741,-0.0
_C39742,-0.0
_C39743,-0.0
_C39744,-0.0
_C39745,-0.0
_C39746,-0.0
_C39747,-0.0
_C39748,-0.0
_C39749,-0.0
_C39750,-0.0
_C39751,-0.0
_C39752,-0.0
_C39753,-0.0
_C39754,-0.0
_C39755,-0.0
_C39756,-0.0
_C39757,-0.0
_C39758,-0.0
_C39759,-0.0
_C39760,-0.0
_C39761,-0.0
_C39762,-0.0
_C39763,-0.0
_C39764,-0.0
_C39765,-0.0
_C39766,-0.0
_C39767,-0.0
_C39768,-0.0
_C39769,-0.0
_C39770,-0.0
_C39771,-0.0
_C39772,-0.0
_C39773,-0.0
_C39774,-0.0
_C39775,-0.0
_C39776,-0.0
_C39777,-0.0
_C39778,-0.0
_C39779,-0.0
_C39780,-0.0
_C39781,-0.0
_C39782,-0.0
_C39783,-0.0
_C39784,-0.0
_C39785,-0.0
_C39786,-0.0
_C39787,-0.0
_C39788,-0.0
_C39789,-0.0
_C39790,-0.0
_C39791,-0.0
_C39792,-0.0
_C39793,-0.0
_C39794,-0.0
_C39795,-0.0
_C39796,-0.0
_C39797,-0.0
_C39798,-0.0
_C39799,-0.0
_C39800,-0.0
_C39801,-0.0
_C39802,-0.0
_C39803,-0.0
_C39804,-0.0
_C39805,-0.0
_C39806,-0.0
_C39807,-0.0
_C39808,-0.0
_C39809,-0.0
_C39810,-0.0
_C39811,-0.0
_C39812,-0.0
_C39813,-0.0
_C39814,-0.0
_C39815,-0.0
_C39816,-0.0
_C39817,-0.0
_C39818,-0.0
_C39819,-0.0
_C39820,-0.0
_C39821,-0.0
_C39822,-0.0
_C39823,-0.0
_C39824,-0.0
_C39825,-0.0
_C39826,-0.0
_C39827,-0.0
_C39828,-0.0
_C39829,-0.0
_C39830,-0.0
_C39831,-0.0
_C39832,-0.0
_C39833,-0.0
_C39834,-0.0
_C39835,-0.0
_C39836,-0.0
_C39837,-0.0
_C39838,-0.0
_C39839,-0.0
_C39840,-0.0
_C39841,-0.0
_C39842,-0.0
_C39843,-0.0
_C39844,-0.0
_C39845,-0.0
_C39846,-0.0
_C39847,-0.0
_C39848,-0.0
_C39849,-0.0
_C39850,-0.0
_C39851,-0.0
_C39852,-0.0
_C39853,-0.0
_C39854,-0.0
_C39855,-0.0
_C39856,-0.0
_C39857,-0.0
_C39858,-0.0
_C39859,-0.0
_C39860,-0.0
_C39861,-0.0
_C39862,-0.0
_C39863,-0.0
_C39864,-0.0
_C39865,-0.0
_C39866,-0.0
_C39867,-0.0
_C39868,-0.0
_C39869,-0.0
_C39870,-0.0
_C39871,-0.0
_C39872,-0.0
_C39873,-0.0
_C39874,-0.0
_C39875,-0.0
_C39876,-0.0
_C39877,-0.0
_C39878,-0.0
_C39879,-0.0
_C39880,-0.0
_C39881,-0.0
_C39882,-0.0
_C39883,-0.0
_C39884,-0.0
_C39885,-0.0
_C39886,-0.0
_C39887,-0.0
_C39888,-0.0
_C39889,-0.0
_C39890,-0.0
_C39891,-0.0
_C39892,-0.0
_C39893,-0.0
_C39894,-0.0
_C39895,-0.0
_C39896,-0.0
_C39897,-0.0
_C39898,-0.0
_C39899,-0.0
_C39900,-0.0
_C39901,-0.0
_C39902,-0.0
_C39903,-0.0
_C39904,-0.0
_C39905,-0.0
_C39906,-0.0
_C39907,-0.0
_C39908,-0.0
_C39909,-0.0
_C39910,-0.0
_C39911,-0.0
_C39912,-0.0
_C39913,-0.0
_C39914,-0.0
_C39915,-0.0
_C39916,-0.0
_C39917,-0.0
_C39918,-0.0
_C39919,-0.0
_C39920,-0.0
_C39921,-0.0
_C39922,-0.0
_C39923,-0.0
_C39924,-0.0
_C39925,-0.0
_C39926,-0.0
_C39927,-0.0
_C39928,-0.0
_C39929,-0.0
_C39930,-0.0
_C39931,-0.0
_C39932,-0.0
_C39933,-0.0
_C39934,-0.0
_C39935,-0.0
_C39936,-0.0
_C39937,-0.0
_C39938,-0.0
_C39939,-0.0
_C39940,-0.0
_C39941,-0.0
_C39942,-0.0
_C39943,-0.0
_C39944,-0.0
_C39945,-0.0
_C39946,-0.0
_C39947,-0.0
_C39948,-0.0
_C39949,-0.0
_C39950,-0.0
_C39951,-0.0
_C39952,-0.0
_C39953,-0.0
_C39954,-0.0
_C39955,-0.0
_C39956,-0.0
_C39957,-0.0
_C39958,-0.0
_C39959,-0.0
_C39960,-0.0
_C39961,-0.0
_C39962,-0.0
_C39963,-0.0
_C39964,-0.0
_C39965,-0.0
_C39966,-0.0
_C39967,-0.0
_C39968,-0.0
_C39969,-0.0
_C39970,-0.0
_C39971,-0.0
_C39972,-0.0
_C39973,-0.0
_C39974,-0.0
_C39975,-0.0
_C39976,-0.0
_C39977,-0.0
_C39978,-0.0
_C39979,-0.0
_C39980,-0.0
_C39981,-0.0
_C39982,-0.0
_C39983,-0.0
_C39984,-0.0
_C39985,-0.0
_C39986,-0.0
_C39987,-0.0
_C39988,-0.0
_C39989,-0.0
_C39990,-0.0
_C39991,-0.0
_C39992,-0.0
_C39993,-0.0
_C39994,-0.0
_C39995,-0.0
_C39996,-0.0
_C39997,-0.0
_C39998,-0.0
_C39999,-0.0
_C40000,-0.0
_C40001,-0.0
_C40002,-0.0
_C40003,-0.0
_C40004,-0.0
_C40005,-0.0
_C40006,-0.0
_C40007,-0.0
_C40008,-0.0
_C40009,-0.0
_C40010,-0.0
_C40011,-0.0
_C40012,-0.0
_C40013,-0.0
_C40014,-0.0
_C40015,-0.0
_C40016,-0.0
_C40017,-0.0
_C40018,-0.0
_C40019,-0.0
_C40020,-0.0
_C40021,-0.0
_C40022,-0.0
_C40023,-0.0
_C40024,-0.0
_C40025,-0.0
_C40026,-0.0
_C40027,-0.0
_C40028,-0.0
_C40029,-0.0
_C40030,-0.0
_C40031,-0.0
_C40032,-0.0
_C40033,-0.0
_C40034,-0.0
_C40035,-0.0
_C40036,-0.0
_C40037,-0.0
_C40038,-0.0
_C40039,-0.0
_C40040,-0.0
_C40041,-0.0
_C40042,-0.0
_C40043,-0.0
_C40044,-0.0
_C40045,-0.0
_C40046,-0.0
_C40047,-0.0
_C40048,-0.0
_C40049,-0.0
_C40050,-0.0
_C40051,-0.0
_C40052,-0.0
_C40053,-0.0
_C40054,-0.0
_C40055,-0.0
_C40056,-0.0
_C40057,-0.0
_C40058,-0.0
_C40059,-0.0
_C40060,-0.0
_C40061,-0.0
_C40062,-0.0
_C40063,-0.0
_C40064,-0.0
_C40065,-0.0
_C40066,-0.0
_C40067,-0.0
_C40068,-0.0
_C40069,-0.0
_C40070,-0.0
_C40071,-0.0
_C40072,-0.0
_C40073,-0.0
_C40074,-0.0
_C40075,-0.0
_C40076,-0.0
_C40077,-0.0
_C40078,-0.0
_C40079,-0.0
_C40080,-0.0
_C40081,-0.0
_C40082,-0.0
_C40083,-0.0
_C40084,-0.0
_C40085,-0.0
_C40086,-0.0
_C40087,-0.0
_C40088,-0.0
_C40089,-0.0
_C40090,-0.0
_C40091,-0.0
_C40092,-0.0
_C40093,-0.0
_C40094,-0.0
_C40095,-0.0
_C40096,-0.0
_C40097,-0.0
_C40098,-0.0
_C40099,-0.0
_C40100,-0.0
_C40101,-0.0
_C40102,-0.0
_C40103,-0.0
_C40104,-0.0
_C40105,-0.0
_C40106,-0.0
_C40107,-0.0
_C40108,-0.0
_C40109,-0.0
_C40110,-0.0
_C40111,-0.0
_C40112,-0.0
_C40113,-0.0
_C40114,-0.0
_C40115,-0.0
_C40116,-0.0
_C40117,-0.0
_C40118,-0.0
_C40119,-0.0
_C40120,-0.0
_C40121,-0.0
_C40122,-0.0
_C40123,-0.0
_C40124,-0.0
_C40125,-0.0
_C40126,-0.0
_C40127,-0.0
_C40128,-0.0
_C40129,-0.0
_C40130,-0.0
_C40131,-0.0
_C40132,-0.0
_C40133,-0.0
_C40134,-0.0
_C40135,-0.0
_C40136,-0.0
_C40137,-0.0
_C40138,-0.0
_C40139,-0.0
_C40140,-0.0
_C40141,-0.0
_C40142,-0.0
_C40143,-0.0
_C40144,-0.0
_C40145,-0.0
_C40146,-0.0
_C40147,-0.0
_C40148,-0.0
_C40149,-0.0
_C40150,-0.0
_C40151,-0.0
_C40152,-0.0
_C40153,-0.0
_C40154,-0.0
_C40155,-0.0
_C40156,-0.0
_C40157,-0.0
_C40158,-0.0
_C40159,-0.0
_C40160,-0.0
_C40161,-0.0
_C40162,-0.0
_C40163,-0.0
_C40164,-0.0
_C40165,-0.0
_C40166,-0.0
_C40167,-0.0
_C40168,-0.0
_C40169,-0.0
_C40170,-0.0
_C40171,-0.0
_C40172,-0.0
_C40173,-0.0
_C40174,-0.0
_C40175,-0.0
_C40176,-0.0
_C40177,-0.0
_C40178,-0.0
_C40179,-0.0
_C40180,-0.0
_C40181,-0.0
_C40182,-0.0
_C40183,-0.0
_C40184,-0.0
_C40185,-0.0
_C40186,-0.0
_C40187,-0.0
_C40188,-0.0
_C40189,-0.0
_C40190,-0.0
_C40191,-0.0
_C40192,-0.0
_C40193,-0.0
_C40194,-0.0
_C40195,-0.0
_C40196,-0.0
_C40197,-0.0
_C40198,-0.0
_C40199,-0.0
_C40200,-0.0
_C40201,-0.0
_C40202,-0.0
_C40203,-0.0
_C40204,-0.0
_C40205,-0.0
_C40206,-0.0
_C40207,-0.0
_C40208,-0.0
_C40209,-0.0
_C40210,-0.0
_C40211,-0.0
_C40212,-0.0
_C40213,-0.0
_C40214,-0.0
_C40215,-0.0
_C40216,-0.0
_C40217,-0.0
_C40218,-0.0
_C40219,-0.0
_C40220,-0.0
_C40221,-0.0
_C40222,-0.0
_C40223,-0.0
_C40224,-0.0
_C40225,-0.0
_C40226,-0.0
_C40227,-0.0
_C40228,-0.0
_C40229,-0.0
_C40230,-0.0
_C40231,-0.0
_C40232,-0.0
_C40233,-0.0
_C40234,-0.0
_C40235,-0.0
_C40236,-0.0
_C40237,-0.0
_C40238,-0.0
_C40239,-0.0
_C40240,-0.0
_C40241,-0.0
_C40242,-0.0
_C40243,-0.0
_C40244,-0.0
_C40245,-0.0
_C40246,-0.0
_C40247,-0.0
_C40248,-0.0
_C40249,-0.0
_C40250,-0.0
_C40251,-0.0
_C40252,-0.0
_C40253,-0.0
_C40254,-0.0
_C40255,-0.0
_C40256,-0.0
_C40257,-0.0
_C40258,-0.0
_C40259,-0.0
_C40260,-0.0
_C40261,-0.0
_C40262,-0.0
_C40263,-0.0
_C40264,-0.0
_C40265,-0.0
_C40266,-0.0
_C40267,-0.0
_C40268,-0.0
_C40269,-0.0
_C40270,-0.0
_C40271,-0.0
_C40272,-0.0
_C40273,-0.0
_C40274,-0.0
_C40275,-0.0
_C40276,-0.0
_C40277,-0.0
_C40278,-0.0
_C40279,-0.0
_C40280,-0.0
_C40281,-0.0
_C40282,-0.0
_C40283,-0.0
_C40284,-0.0
_C40285,-0.0
_C40286,-0.0
_C40287,-0.0
_C40288,-0.0
_C40289,-0.0
_C40290,-0.0
_C40291,-0.0
_C40292,-0.0
_C40293,-0.0
_C40294,-0.0
_C40295,-0.0
_C40296,-0.0
_C40297,-0.0
_C40298,-0.0
_C40299,-0.0
_C40300,-0.0
_C40301,-0.0
_C40302,-0.0
_C40303,-0.0
_C40304,-0.0
_C40305,-0.0
_C40306,-0.0
_C40307,-0.0
_C40308,-0.0
_C40309,-0.0
_C40310,-0.0
_C40311,-0.0
_C40312,-0.0
_C40313,-0.0
_C40314,-0.0
_C40315,-0.0
_C40316,-0.0
_C40317,-0.0
_C40318,-0.0
_C40319,-0.0
_C40320,-0.0
_C40321,-0.0
_C40322,-0.0
_C40323,-0.0
_C40324,-0.0
_C40325,-0.0
_C40326,-0.0
_C40327,-0.0
_C40328,-0.0
_C40329,-0.0
_C40330,-0.0
_C40331,-0.0
_C40332,-0.0
_C40333,-0.0
_C40334,-0.0
_C40335,-0.0
_C40336,-0.0
_C40337,-0.0
_C40338,-0.0
_C40339,-0.0
_C40340,-0.0
_C40341,-0.0
_C40342,-0.0
_C40343,-0.0
_C40344,-0.0
_C40345,-0.0
_C40346,-0.0
_C40347,-0.0
_C40348,-0.0
_C40349,-0.0
_C40350,-0.0
_C40351,-0.0
_C40352,-0.0
_C40353,-0.0
_C40354,-0.0
_C40355,-0.0
_C40356,-0.0
_C40357,-0.0
_C40358,-0.0
_C40359,-0.0
_C40360,-0.0
_C40361,-0.0
_C40362,-0.0
_C40363,-0.0
_C40364,-0.0
_C40365,-0.0
_C40366,-0.0
_C40367,-0.0
_C40368,-0.0
_C40369,-0.0
_C40370,-0.0
_C40371,-0.0
_C40372,-0.0
_C40373,-0.0
_C40374,-0.0
_C40375,-0.0
_C40376,-0.0
_C40377,-0.0
_C40378,-0.0
_C40379,-0.0
_C40380,-0.0
_C40381,-0.0
_C40382,-0.0
_C40383,-0.0
_C40384,-0.0
_C40385,-0.0
_C40386,-0.0
_C40387,-0.0
_C40388,-0.0
_C40389,-0.0
_C40390,-0.0
_C40391,-0.0
_C40392,-0.0
_C40393,-0.0
_C40394,-0.0
_C40395,-0.0
_C40396,-0.0
_C40397,-0.0
_C40398,-0.0
_C40399,-0.0
_C40400,-0.0
_C40401,-0.0
_C40402,-0.0
_C40403,-0.0
_C40404,-0.0
_C40405,-0.0
_C40406,-0.0
_C40407,-0.0
_C40408,-0.0
_C40409,-0.0
_C40410,-0.0
_C40411,-0.0
_C40412,-0.0
_C40413,-0.0
_C40414,-0.0
_C40415,-0.0
_C40416,-0.0
_C40417,-0.0
_C40418,-0.0
_C40419,-0.0
_C40420,-0.0
_C40421,-0.0
_C40422,-0.0
_C40423,-0.0
_C40424,-0.0
_C40425,-0.0
_C40426,-0.0
_C40427,-0.0
_C40428,-0.0
_C40429,-0.0
_C40430,-0.0
_C40431,-0.0
_C40432,-0.0
_C40433,-0.0
_C40434,-0.0
_C40435,-0.0
_C40436,-0.0
_C40437,-0.0
_C40438,-0.0
_C40439,-0.0
_C40440,-0.0
_C40441,-0.0
_C40442,-0.0
_C40443,-0.0
_C40444,-0.0
_C40445,-0.0
_C40446,-0.0
_C40447,-0.0
_C40448,-0.0
_C40449,-0.0
_C40450,-0.0
_C40451,-0.0
_C40452,-0.0
_C40453,-0.0
_C40454,-0.0
_C40455,-0.0
_C40456,-0.0
_C40457,-0.0
_C40458,-0.0
_C40459,-0.0
_C40460,-0.0
_C40461,-0.0
_C40462,-0.0
_C40463,-0.0
_C40464,-0.0
_C40465,-0.0
_C40466,-0.0
_C40467,-0.0
_C40468,-0.0
_C40469,-0.0
_C40470,-0.0
_C40471,-0.0
_C40472,-0.0
_C40473,-0.0
_C40474,-0.0
_C40475,-0.0
_C40476,-0.0
_C40477,-0.0
_C40478,-0.0
_C40479,-0.0
_C40480,-0.0
_C40481,-0.0
_C40482,-0.0
_C40483,-0.0
_C40484,-0.0
_C40485,-0.0
_C40486,-0.0
_C40487,-0.0
_C40488,-0.0
_C40489,-0.0
_C40490,-0.0
_C40491,-0.0
_C40492,-0.0
_C40493,-0.0
_C40494,-0.0
_C40495,-0.0
_C40496,-0.0
_C40497,-0.0
_C40498,-0.0
_C40499,-0.0
_C40500,-0.0
_C40501,-0.0
_C40502,-0.0
_C40503,-0.0
_C40504,-0.0
_C40505,-0.0
_C40506,-0.0
_C40507,-0.0
_C40508,-0.0
_C40509,-0.0
_C40510,-0.0
_C40511,-0.0
_C40512,-0.0
_C40513,-0.0
_C40514,-0.0
_C40515,-0.0
_C40516,-0.0
_C40517,-0.0
_C40518,-0.0
_C40519,-0.0
_C40520,-0.0
_C40521,-0.0
_C40522,-0.0
_C40523,-0.0
_C40524,-0.0
_C40525,-0.0
_C40526,-0.0
_C40527,-0.0
_C40528,-0.0
_C40529,-0.0
_C40530,-0.0
_C40531,-0.0
_C40532,-0.0
_C40533,-0.0
_C40534,-0.0
_C40535,-0.0
_C40536,-0.0
_C40537,-0.0
_C40538,-0.0
_C40539,-0.0
_C40540,-0.0
_C40541,-0.0
_C40542,-0.0
_C40543,-0.0
_C40544,-0.0
_C40545,-0.0
_C40546,-0.0
_C40547,-0.0
_C40548,-0.0
_C40549,-0.0
_C40550,-0.0
_C40551,-0.0
_C40552,-0.0
_C40553,-0.0
_C40554,-0.0
_C40555,-0.0
_C40556,-0.0
_C40557,-0.0
_C40558,-0.0
_C40559,-0.0
_C40560,-0.0
_C40561,-0.0
_C40562,-0.0
_C40563,-0.0
_C40564,-0.0
_C40565,-0.0
_C40566,-0.0
_C40567,-0.0
_C40568,-0.0
_C40569,-0.0
_C40570,-0.0
_C40571,-0.0
_C40572,-0.0
_C40573,-0.0
_C40574,-0.0
_C40575,-0.0
_C40576,-0.0
_C40577,-0.0
_C40578,-0.0
_C40579,-0.0
_C40580,-0.0
_C40581,-0.0
_C40582,-0.0
_C40583,-0.0
_C40584,-0.0
_C40585,-0.0
_C40586,-0.0
_C40587,-0.0
_C40588,-0.0
_C40589,-0.0
_C40590,-0.0
_C40591,-0.0
_C40592,-0.0
_C40593,-0.0
_C40594,-0.0
_C40595,-0.0
_C40596,-0.0
_C40597,-0.0
_C40598,-0.0
_C40599,-0.0
_C40600,-0.0
_C40601,-0.0
_C40602,-0.0
_C40603,-0.0
_C40604,-0.0
_C40605,-0.0
_C40606,-0.0
_C40607,-0.0
_C40608,-0.0
_C40609,-0.0
_C40610,-0.0
_C40611,-0.0
_C40612,-0.0
_C40613,-0.0
_C40614,-0.0
_C40615,-0.0
_C40616,-0.0
_C40617,-0.0
_C40618,-0.0
_C40619,-0.0
_C40620,-0.0
_C40621,-0.0
_C40622,-0.0
_C40623,-0.0
_C40624,-0.0
_C40625,-0.0
_C40626,-0.0
_C40627,-0.0
_C40628,-0.0
_C40629,-0.0
_C40630,-0.0
_C40631,-0.0
_C40632,-0.0
_C40633,-0.0
_C40634,-0.0
_C40635,-0.0
_C40636,-0.0
_C40637,-0.0
_C40638,-0.0
_C40639,-0.0
_C40640,-0.0
_C40641,-0.0
_C40642,-0.0
_C40643,-0.0
_C40644,-0.0
_C40645,-0.0
_C40646,-0.0
_C40647,-0.0
_C40648,-0.0
_C40649,-0.0
_C40650,-0.0
_C40651,-0.0
_C40652,-0.0
_C40653,-0.0
_C40654,-0.0
_C40655,-0.0
_C40656,-0.0
_C40657,-0.0
_C40658,-0.0
_C40659,-0.0
_C40660,-0.0
_C40661,-0.0
_C40662,-0.0
_C40663,-0.0
_C40664,-0.0
_C40665,-0.0
_C40666,-0.0
_C40667,-0.0
_C40668,-0.0
_C40669,-0.0
_C40670,-0.0
_C40671,-0.0
_C40672,-0.0
_C40673,-0.0
_C40674,-0.0
_C40675,-0.0
_C40676,-0.0
_C40677,-0.0
_C40678,-0.0
_C40679,-0.0
_C40680,-0.0
_C40681,-0.0
_C40682,-0.0
_C40683,-0.0
_C40684,-0.0
_C40685,-0.0
_C40686,-0.0
_C40687,-0.0
_C40688,-0.0
_C40689,-0.0
_C40690,-0.0
_C40691,-0.0
_C40692,-0.0
_C40693,-0.0
_C40694,-0.0
_C40695,-0.0
_C40696,-0.0
_C40697,-0.0
_C40698,-0.0
_C40699,-0.0
_C40700,-0.0
_C40701,-0.0
_C40702,-0.0
_C40703,-0.0
_C40704,-0.0
_C40705,-0.0
_C40706,-0.0
_C40707,-0.0
_C40708,-0.0
_C40709,-0.0
_C40710,-0.0
_C40711,-0.0
_C40712,-0.0
_C40713,-0.0
_C40714,-0.0
_C40715,-0.0
_C40716,-0.0
_C40717,-0.0
_C40718,-0.0
_C40719,-0.0
_C40720,-0.0
_C40721,-0.0
_C40722,-0.0
_C40723,-0.0
_C40724,-0.0
_C40725,-0.0
_C40726,-0.0
_C40727,-0.0
_C40728,-0.0
_C40729,-0.0
_C40730,-0.0
_C40731,-0.0
_C40732,-0.0
_C40733,-0.0
_C40734,-0.0
_C40735,-0.0
_C40736,-0.0
_C40737,-0.0
_C40738,-0.0
_C40739,-0.0
_C40740,-0.0
_C40741,-0.0
_C40742,-0.0
_C40743,-0.0
_C40744,-0.0
_C40745,-0.0
_C40746,-0.0
_C40747,-0.0
_C40748,-0.0
_C40749,-0.0
_C40750,-0.0
_C40751,-0.0
_C40752,-0.0
_C40753,-0.0
_C40754,-0.0
_C40755,-0.0
_C40756,-0.0
_C40757,-0.0
_C40758,-0.0
_C40759,-0.0
_C40760,-0.0
_C40761,-0.0
_C40762,-0.0
_C40763,-0.0
_C40764,-0.0
_C40765,-0.0
_C40766,-0.0
_C40767,-0.0
_C40768,-0.0
_C40769,-0.0
_C40770,-0.0
_C40771,-0.0
_C40772,-0.0
_C40773,-0.0
_C40774,-0.0
_C40775,-0.0
_C40776,-0.0
_C40777,-0.0
_C40778,-0.0
_C40779,-0.0
_C40780,-0.0
_C40781,-0.0
_C40782,-0.0
_C40783,-0.0
_C40784,-0.0
_C40785,-0.0
_C40786,-0.0
_C40787,-0.0
_C40788,-0.0
_C40789,-0.0
_C40790,-0.0
_C40791,-0.0
_C40792,-0.0
_C40793,-0.0
_C40794,-0.0
_C40795,-0.0
_C40796,-0.0
_C40797,-0.0
_C40798,-0.0
_C40799,-0.0
_C40800,-0.0
_C40801,-0.0
_C40802,-0.0
_C40803,-0.0
_C40804,-0.0
_C40805,-0.0
_C40806,-0.0
_C40807,-0.0
_C40808,-0.0
_C40809,-0.0
_C40810,-0.0
_C40811,-0.0
_C40812,-0.0
_C40813,-0.0
_C40814,-0.0
_C40815,-0.0
_C40816,-0.0
_C40817,-0.0
_C40818,-0.0
_C40819,-0.0
_C40820,-0.0
_C40821,-0.0
_C40822,-0.0
_C40823,-0.0
_C40824,-0.0
_C40825,-0.0
_C40826,-0.0
_C40827,-0.0
_C40828,-0.0
_C40829,-0.0
_C40830,-0.0
_C40831,-0.0
_C40832,-0.0
_C40833,-0.0
_C40834,-0.0
_C40835,-0.0
_C40836,-0.0
_C40837,-0.0
_C40838,-0.0
_C40839,-0.0
_C40840,-0.0
_C40841,-0.0
_C40842,-0.0
_C40843,-0.0
_C40844,-0.0
_C40845,-0.0
_C40846,-0.0
_C40847,-0.0
_C40848,-0.0
_C40849,-0.0
_C40850,-0.0
_C40851,-0.0
_C40852,-0.0
_C40853,-0.0
_C40854,-0.0
_C40855,-0.0
_C40856,-0.0
_C40857,-0.0
_C40858,-0.0
_C40859,-0.0
_C40860,-0.0
_C40861,-0.0
_C40862,-0.0
_C40863,-0.0
_C40864,-0.0
_C40865,-0.0
_C40866,-0.0
_C40867,-0.0
_C40868,-0.0
_C40869,-0.0
_C40870,-0.0
_C40871,-0.0
_C40872,-0.0
_C40873,-0.0
_C40874,-0.0
_C40875,-0.0
_C40876,-0.0
_C40877,-0.0
_C40878,-0.0
_C40879,-0.0
_C40880,-0.0
_C40881,-0.0
_C40882,-0.0
_C40883,-0.0
_C40884,-0.0
_C40885,-0.0
_C40886,-0.0
_C40887,-0.0
_C40888,-0.0
_C40889,-0.0
_C40890,-0.0
_C40891,-0.0
_C40892,-0.0
_C40893,-0.0
_C40894,-0.0
_C40895,-0.0
_C40896,-0.0
_C40897,-0.0
_C40898,-0.0
_C40899,-0.0
_C40900,-0.0
_C40901,-0.0
_C40902,-0.0
_C40903,-0.0
_C40904,-0.0
_C40905,-0.0
_C40906,-0.0
_C40907,-0.0
_C40908,-0.0
_C40909,-0.0
_C40910,-0.0
_C40911,-0.0
_C40912,-0.0
_C40913,-0.0
_C40914,-0.0
_C40915,-0.0
_C40916,-0.0
_C40917,-0.0
_C40918,-0.0
_C40919,-0.0
_C40920,-0.0
_C40921,-0.0
_C40922,-0.0
_C40923,-0.0
_C40924,-0.0
_C40925,-0.0
_C40926,-0.0
_C40927,-0.0
_C40928,-0.0
_C40929,-0.0
_C40930,-0.0
_C40931,-0.0
_C40932,-0.0
_C40933,-0.0
_C40934,-0.0
_C40935,-0.0
_C40936,-0.0
_C40937,-0.0
_C40938,-0.0
_C40939,-0.0
_C40940,-0.0
_C40941,-0.0
_C40942,-0.0
_C40943,-0.0
_C40944,-0.0
_C40945,-0.0
_C40946,-0.0
_C40947,-0.0
_C40948,-0.0
_C40949,-0.0
_C40950,-0.0
_C40951,-0.0
_C40952,-0.0
_C40953,-0.0
_C40954,-0.0
_C40955,-0.0
_C40956,-0.0
_C40957,-0.0
_C40958,-0.0
_C40959,-0.0
_C40960,-0.0
_C40961,-0.0
_C40962,-0.0
_C40963,-0.0
_C40964,-0.0
_C40965,-0.0
_C40966,-0.0
_C40967,-0.0
_C40968,-0.0
_C40969,-0.0
_C40970,-0.0
_C40971,-0.0
_C40972,-0.0
_C40973,-0.0
_C40974,-0.0
_C40975,-0.0
_C40976,-0.0
_C40977,-0.0
_C40978,-0.0
_C40979,-0.0
_C40980,-0.0
_C40981,-0.0
_C40982,-0.0
_C40983,-0.0
_C40984,-0.0
_C40985,-0.0
_C40986,-0.0
_C40987,-0.0
_C40988,-0.0
_C40989,-0.0
_C40990,-0.0
_C40991,-0.0
_C40992,-0.0
_C40993,-0.0
_C40994,-0.0
_C40995,-0.0
_C40996,-0.0
_C40997,-0.0
_C40998,-0.0
_C40999,-0.0
_C41000,-0.0
_C41001,-0.0
_C41002,-0.0
_C41003,-0.0
_C41004,-0.0
_C41005,-0.0
_C41006,-0.0
_C41007,-0.0
_C41008,-0.0
_C41009,-0.0
_C41010,-0.0
_C41011,-0.0
_C41012,-0.0
_C41013,-0.0
_C41014,-0.0
_C41015,-0.0
_C41016,-0.0
_C41017,-0.0
_C41018,-0.0
_C41019,-0.0
_C41020,-0.0
_C41021,-0.0
_C41022,-0.0
_C41023,-0.0
_C41024,-0.0
_C41025,-0.0
_C41026,-0.0
_C41027,-0.0
_C41028,-0.0
_C41029,-0.0
_C41030,-0.0
_C41031,-0.0
_C41032,-0.0
_C41033,-0.0
_C41034,-0.0
_C41035,-0.0
_C41036,-0.0
_C41037,-0.0
_C41038,-0.0
_C41039,-0.0
_C41040,-0.0
_C41041,-0.0
_C41042,-0.0
_C41043,-0.0
_C41044,-0.0
_C41045,-0.0
_C41046,-0.0
_C41047,-0.0
_C41048,-0.0
_C41049,-0.0
_C41050,-0.0
_C41051,-0.0
_C41052,-0.0
_C41053,-0.0
_C41054,-0.0
_C41055,-0.0
_C41056,-0.0
_C41057,-0.0
_C41058,-0.0
_C41059,-0.0
_C41060,-0.0
_C41061,-0.0
_C41062,-0.0
_C41063,-0.0
_C41064,-0.0
_C41065,-0.0
_C41066,-0.0
_C41067,-0.0
_C41068,-0.0
_C41069,-0.0
_C41070,-0.0
_C41071,-0.0
_C41072,-0.0
_C41073,-0.0
_C41074,-0.0
_C41075,-0.0
_C41076,-0.0
_C41077,-0.0
_C41078,-0.0
_C41079,-0.0
_C41080,-0.0
_C41081,-0.0
_C41082,-0.0
_C41083,-0.0
_C41084,-0.0
_C41085,-0.0
_C41086,-0.0
_C41087,-0.0
_C41088,-0.0
_C41089,-0.0
_C41090,-0.0
_C41091,-0.0
_C41092,-0.0
_C41093,-0.0
_C41094,-0.0
_C41095,-0.0
_C41096,-0.0
_C41097,-0.0
_C41098,-0.0
_C41099,-0.0
_C41100,-0.0
_C41101,-0.0
_C41102,-0.0
_C41103,-0.0
_C41104,-0.0
_C41105,-0.0
_C41106,-0.0
_C41107,-0.0
_C41108,-0.0
_C41109,-0.0
_C41110,-0.0
_C41111,-0.0
_C41112,-0.0
_C41113,-0.0
_C41114,-0.0
_C41115,-0.0
_C41116,-0.0
_C41117,-0.0
_C41118,-0.0
_C41119,-0.0
_C41120,-0.0
_C41121,-0.0
_C41122,-0.0
_C41123,-0.0
_C41124,-0.0
_C41125,-0.0
_C41126,-0.0
_C41127,-0.0
_C41128,-0.0
_C41129,-0.0
_C41130,-0.0
_C41131,-0.0
_C41132,-0.0
_C41133,-0.0
_C41134,-0.0
_C41135,-0.0
_C41136,-0.0
_C41137,-0.0
_C41138,-0.0
_C41139,-0.0
_C41140,-0.0
_C41141,-0.0
_C41142,-0.0
_C41143,-0.0
_C41144,-0.0
_C41145,-0.0
_C41146,-0.0
_C41147,-0.0
_C41148,-0.0
_C41149,-0.0
_C41150,-0.0
_C41151,-0.0
_C41152,-0.0
_C41153,-0.0
_C41154,-0.0
_C41155,-0.0
_C41156,-0.0
_C41157,-0.0
_C41158,-0.0
_C41159,-0.0
_C41160,-0.0
_C41161,-0.0
_C41162,-0.0
_C41163,-0.0
_C41164,-0.0
_C41165,-0.0
_C41166,-0.0
_C41167,-0.0
_C41168,-0.0
_C41169,-0.0
_C41170,-0.0
_C41171,-0.0
_C41172,-0.0
_C41173,-0.0
_C41174,-0.0
_C41175,-0.0
_C41176,-0.0
_C41177,-0.0
_C41178,-0.0
_C41179,-0.0
_C41180,-0.0
_C41181,-0.0
_C41182,-0.0
_C41183,-0.0
_C41184,-0.0
_C41185,-0.0
_C41186,-0.0
_C41187,-0.0
_C41188,-0.0
_C41189,-0.0
_C41190,-0.0
_C41191,-0.0
_C41192,-0.0
_C41193,-0.0
_C41194,-0.0
_C41195,-0.0
_C41196,-0.0
_C41197,-0.0
_C41198,-0.0
_C41199,-0.0
_C41200,-0.0
_C41201,-0.0
_C41202,-0.0
_C41203,-0.0
_C41204,-0.0
_C41205,-0.0
_C41206,-0.0
_C41207,-0.0
_C41208,-0.0
_C41209,-0.0
_C41210,-0.0
_C41211,-0.0
_C41212,-0.0
_C41213,-0.0
_C41214,-0.0
_C41215,-0.0
_C41216,-0.0
_C41217,-0.0
_C41218,-0.0
_C41219,-0.0
_C41220,-0.0
_C41221,-0.0
_C41222,-0.0
_C41223,-0.0
_C41224,-0.0
_C41225,-0.0
_C41226,-0.0
_C41227,-0.0
_C41228,-0.0
_C41229,-0.0
_C41230,-0.0
_C41231,-0.0
_C41232,-0.0
_C41233,-0.0
_C41234,-0.0
_C41235,-0.0
_C41236,-0.0
_C41237,-0.0
_C41238,-0.0
_C41239,-0.0
_C41240,-0.0
_C41241,-0.0
_C41242,-0.0
_C41243,-0.0
_C41244,-0.0
_C41245,-0.0
_C41246,-0.0
_C41247,-0.0
_C41248,-0.0
_C41249,-0.0
_C41250,-0.0
_C41251,-0.0
_C41252,-0.0
_C41253,-0.0
_C41254,-0.0
_C41255,-0.0
_C41256,-0.0
_C41257,-0.0
_C41258,-0.0
_C41259,-0.0
_C41260,-0.0
_C41261,-0.0
_C41262,-0.0
_C41263,-0.0
_C41264,-0.0
_C41265,-0.0
_C41266,-0.0
_C41267,-0.0
_C41268,-0.0
_C41269,-0.0
_C41270,-0.0
_C41271,-0.0
_C41272,-0.0
_C41273,-0.0
_C41274,-0.0
_C41275,-0.0
_C41276,-0.0
_C41277,-0.0
_C41278,-0.0
_C41279,-0.0
_C41280,-0.0
_C41281,-0.0
_C41282,-0.0
_C41283,-0.0
_C41284,-0.0
_C41285,-0.0
_C41286,-0.0
_C41287,-0.0
_C41288,-0.0
_C41289,-0.0
_C41290,-0.0
_C41291,-0.0
_C41292,-0.0
_C41293,-0.0
_C41294,-0.0
_C41295,-0.0
_C41296,-0.0
_C41297,-0.0
_C41298,-0.0
_C41299,-0.0
_C41300,-0.0
_C41301,-0.0
_C41302,-0.0
_C41303,-0.0
_C41304,-0.0
_C41305,-0.0
_C41306,-0.0
_C41307,-0.0
_C41308,-0.0
_C41309,-0.0
_C41310,-0.0
_C41311,-0.0
_C41312,-0.0
_C41313,-0.0
_C41314,-0.0
_C41315,-0.0
_C41316,-0.0
_C41317,-0.0
_C41318,-0.0
_C41319,-0.0
_C41320,-0.0
_C41321,-0.0
_C41322,-0.0
_C41323,-0.0
_C41324,-0.0
_C41325,-0.0
_C41326,-0.0
_C41327,-0.0
_C41328,-0.0
_C41329,-0.0
_C41330,-0.0
_C41331,-0.0
_C41332,-0.0
_C41333,-0.0
_C41334,-0.0
_C41335,-0.0
_C41336,-0.0
_C41337,-0.0
_C41338,-0.0
_C41339,-0.0
_C41340,-0.0
_C41341,-0.0
_C41342,-0.0
_C41343,-0.0
_C41344,-0.0
_C41345,-0.0
_C41346,-0.0
_C41347,-0.0
_C41348,-0.0
_C41349,-0.0
_C41350,-0.0
_C41351,-0.0
_C41352,-0.0
_C41353,-0.0
_C41354,-0.0
_C41355,-0.0
_C41356,-0.0
_C41357,-0.0
_C41358,-0.0
_C41359,-0.0
_C41360,-0.0
_C41361,-0.0
_C41362,-0.0
_C41363,-0.0
_C41364,-0.0
_C41365,-0.0
_C41366,-0.0
_C41367,-0.0
_C41368,-0.0
_C41369,-0.0
_C41370,-0.0
_C41371,-0.0
_C41372,-0.0
_C41373,-0.0
_C41374,-0.0
_C41375,-0.0
_C41376,-0.0
_C41377,-0.0
_C41378,-0.0
_C41379,-0.0
_C41380,-0.0
_C41381,-0.0
_C41382,-0.0
_C41383,-0.0
_C41384,-0.0
_C41385,-0.0
_C41386,-0.0
_C41387,-0.0
_C41388,-0.0
_C41389,-0.0
_C41390,-0.0
_C41391,-0.0
_C41392,-0.0
_C41393,-0.0
_C41394,-0.0
_C41395,-0.0
_C41396,-0.0
_C41397,-0.0
_C41398,-0.0
_C41399,-0.0
_C41400,-0.0
_C41401,-0.0
_C41402,-0.0
_C41403,-0.0
_C41404,-0.0
_C41405,-0.0
_C41406,-0.0
_C41407,-0.0
_C41408,-0.0
_C41409,-0.0
_C41410,-0.0
_C41411,-0.0
_C41412,-0.0
_C41413,-0.0
_C41414,-0.0
_C41415,-0.0
_C41416,-0.0
_C41417,-0.0
_C41418,-0.0
_C41419,-0.0
_C41420,-0.0
_C41421,-0.0
_C41422,-0.0
_C41423,-0.0
_C41424,-0.0
_C41425,-0.0
_C41426,-0.0
_C41427,-0.0
_C41428,-0.0
_C41429,-0.0
_C41430,-0.0
_C41431,-0.0
_C41432,-0.0
_C41433,-0.0
_C41434,-0.0
_C41435,-0.0
_C41436,-0.0
_C41437,-0.0
_C41438,-0.0
_C41439,-0.0
_C41440,-0.0
_C41441,-0.0
_C41442,-0.0
_C41443,-0.0
_C41444,-0.0
_C41445,-0.0
_C41446,-0.0
_C41447,-0.0
_C41448,-0.0
_C41449,-0.0
_C41450,-0.0
_C41451,-0.0
_C41452,-0.0
_C41453,-0.0
_C41454,-0.0
_C41455,-0.0
_C41456,-0.0
_C41457,-0.0
_C41458,-0.0
_C41459,-0.0
_C41460,-0.0
_C41461,-0.0
_C41462,-0.0
_C41463,-0.0
_C41464,-0.0
_C41465,-0.0
_C41466,-0.0
_C41467,-0.0
_C41468,-0.0
_C41469,-0.0
_C41470,-0.0
_C41471,-0.0
_C41472,-0.0
_C41473,-0.0
_C41474,-0.0
_C41475,-0.0
_C41476,-0.0
_C41477,-0.0
_C41478,-0.0
_C41479,-0.0
_C41480,-0.0
_C41481,-0.0
_C41482,-0.0
_C41483,-0.0
_C41484,-0.0
_C41485,-0.0
_C41486,-0.0
_C41487,-0.0
_C41488,-0.0
_C41489,-0.0
_C41490,-0.0
_C41491,-0.0
_C41492,-0.0
_C41493,-0.0
_C41494,-0.0
_C41495,-0.0
_C41496,-0.0
_C41497,-0.0
_C41498,-0.0
_C41499,-0.0
_C41500,-0.0
_C41501,-0.0
_C41502,-0.0
_C41503,-0.0
_C41504,-0.0
_C41505,-0.0
_C41506,-0.0
_C41507,-0.0
_C41508,-0.0
_C41509,-0.0
_C41510,-0.0
_C41511,-0.0
_C41512,-0.0
_C41513,-0.0
_C41514,-0.0
_C41515,-0.0
_C41516,-0.0
_C41517,-0.0
_C41518,-0.0
_C41519,-0.0
_C41520,-0.0
_C41521,-0.0
_C41522,-0.0
_C41523,-0.0
_C41524,-0.0
_C41525,-0.0
_C41526,-0.0
_C41527,-0.0
_C41528,-0.0
_C41529,-0.0
_C41530,-0.0
_C41531,-0.0
_C41532,-0.0
_C41533,-0.0
_C41534,-0.0
_C41535,-0.0
_C41536,-0.0
_C41537,-0.0
_C41538,-0.0
_C41539,-0.0
_C41540,-0.0
_C41541,-0.0
_C41542,-0.0
_C41543,-0.0
_C41544,-0.0
_C41545,-0.0
_C41546,-0.0
_C41547,-0.0
_C41548,-0.0
_C41549,-0.0
_C41550,-0.0
_C41551,-0.0
_C41552,-0.0
_C41553,-0.0
_C41554,-0.0
_C41555,-0.0
_C41556,-0.0
_C41557,-0.0
_C41558,-0.0
_C41559,-0.0
_C41560,-0.0
_C41561,-0.0
_C41562,-0.0
_C41563,-0.0
_C41564,-0.0
_C41565,-0.0
_C41566,-0.0
_C41567,-0.0
_C41568,-0.0
_C41569,-0.0
_C41570,-0.0
_C41571,-0.0
_C41572,-0.0
_C41573,-0.0
_C41574,-0.0
_C41575,-0.0
_C41576,-0.0
_C41577,-0.0
_C41578,-0.0
_C41579,-0.0
_C41580,-0.0
_C41581,-0.0
_C41582,-0.0
_C41583,-0.0
_C41584,-0.0
_C41585,-0.0
_C41586,-0.0
_C41587,-0.0
_C41588,-0.0
_C41589,-0.0
_C41590,-0.0
_C41591,-0.0
_C41592,-0.0
_C41593,-0.0
_C41594,-0.0
_C41595,-0.0
_C41596,-0.0
_C41597,-0.0
_C41598,-0.0
_C41599,-0.0
_C41600,-0.0
_C41601,-0.0
_C41602,-0.0
_C41603,-0.0
_C41604,-0.0
_C41605,-0.0
_C41606,-0.0
_C41607,-0.0
_C41608,-0.0
_C41609,-0.0
_C41610,-0.0
_C41611,-0.0
_C41612,-0.0
_C41613,-0.0
_C41614,-0.0
_C41615,-0.0
_C41616,-0.0
_C41617,-0.0
_C41618,-0.0
_C41619,-0.0
_C41620,-0.0
_C41621,-0.0
_C41622,-0.0
_C41623,-0.0
_C41624,-0.0
_C41625,-0.0
_C41626,-0.0
_C41627,-0.0
_C41628,-0.0
_C41629,-0.0
_C41630,-0.0
_C41631,-0.0
_C41632,-0.0
_C41633,-0.0
_C41634,-0.0
_C41635,-0.0
_C41636,-0.0
_C41637,-0.0
_C41638,-0.0
_C41639,-0.0
_C41640,-0.0
_C41641,-0.0
_C41642,-0.0
_C41643,-0.0
_C41644,-0.0
_C41645,-0.0
_C41646,-0.0
_C41647,-0.0
_C41648,-0.0
_C41649,-0.0
_C41650,-0.0
_C41651,-0.0
_C41652,-0.0
_C41653,-0.0
_C41654,-0.0
_C41655,-0.0
_C41656,-0.0
_C41657,-0.0
_C41658,-0.0
_C41659,-0.0
_C41660,-0.0
_C41661,-0.0
_C41662,-0.0
_C41663,-0.0
_C41664,-0.0
_C41665,-0.0
_C41666,-0.0
_C41667,-0.0
_C41668,-0.0
_C41669,-0.0
_C41670,-0.0
_C41671,-0.0
_C41672,-0.0
_C41673,-0.0
_C41674,-0.0
_C41675,-0.0
_C41676,-0.0
_C41677,-0.0
_C41678,-0.0
_C41679,-0.0
_C41680,-0.0
_C41681,-0.0
_C41682,-0.0
_C41683,-0.0
_C41684,-0.0
_C41685,-0.0
_C41686,-0.0
_C41687,-0.0
_C41688,-0.0
_C41689,-0.0
_C41690,-0.0
_C41691,-0.0
_C41692,-0.0
_C41693,-0.0
_C41694,-0.0
_C41695,-0.0
_C41696,-0.0
_C41697,-0.0
_C41698,-0.0
_C41699,-0.0
_C41700,-0.0
_C41701,-0.0
_C41702,-0.0
_C41703,-0.0
_C41704,-0.0
_C41705,-0.0
_C41706,-0.0
_C41707,-0.0
_C41708,-0.0
_C41709,-0.0
_C41710,-0.0
_C41711,-0.0
_C41712,-0.0
_C41713,-0.0
_C41714,-0.0
_C41715,-0.0
_C41716,-0.0
_C41717,-0.0
_C41718,-0.0
_C41719,-0.0
_C41720,-0.0
_C41721,-0.0
_C41722,-0.0
_C41723,-0.0
_C41724,-0.0
_C41725,-0.0
_C41726,-0.0
_C41727,-0.0
_C41728,-0.0
_C41729,-0.0
_C41730,-0.0
_C41731,-0.0
_C41732,-0.0
_C41733,-0.0
_C41734,-0.0
_C41735,-0.0
_C41736,-0.0
_C41737,-0.0
_C41738,-0.0
_C41739,-0.0
_C41740,-0.0
_C41741,-0.0
_C41742,-0.0
_C41743,-0.0
_C41744,-0.0
_C41745,-0.0
_C41746,-0.0
_C41747,-0.0
_C41748,-0.0
_C41749,-0.0
_C41750,-0.0
_C41751,-0.0
_C41752,-0.0
_C41753,-0.0
_C41754,-0.0
_C41755,-0.0
_C41756,-0.0
_C41757,-0.0
_C41758,-0.0
_C41759,-0.0
_C41760,-0.0
_C41761,-0.0
_C41762,-0.0
_C41763,-0.0
_C41764,-0.0
_C41765,-0.0
_C41766,-0.0
_C41767,-0.0
_C41768,-0.0
_C41769,-0.0
_C41770,-0.0
_C41771,-0.0
_C41772,-0.0
_C41773,-0.0
_C41774,-0.0
_C41775,-0.0
_C41776,-0.0
_C41777,-0.0
_C41778,-0.0
_C41779,-0.0
_C41780,-0.0
_C41781,-0.0
_C41782,-0.0
_C41783,-0.0
_C41784,-0.0
_C41785,-0.0
_C41786,-0.0
_C41787,-0.0
_C41788,-0.0
_C41789,-0.0
_C41790,-0.0
_C41791,-0.0
_C41792,-0.0
_C41793,-0.0
_C41794,-0.0
_C41795,-0.0
_C41796,-0.0
_C41797,-0.0
_C41798,-0.0
_C41799,-0.0
_C41800,-0.0
_C41801,-0.0
_C41802,-0.0
_C41803,-0.0
_C41804,-0.0
_C41805,-0.0
_C41806,-0.0
_C41807,-0.0
_C41808,-0.0
_C41809,-0.0
_C41810,-0.0
_C41811,-0.0
_C41812,-0.0
_C41813,-0.0
_C41814,-0.0
_C41815,-0.0
_C41816,-0.0
_C41817,-0.0
_C41818,-0.0
_C41819,-0.0
_C41820,-0.0
_C41821,-0.0
_C41822,-0.0
_C41823,-0.0
_C41824,-0.0
_C41825,-0.0
_C41826,-0.0
_C41827,-0.0
_C41828,-0.0
_C41829,-0.0
_C41830,-0.0
_C41831,-0.0
_C41832,-0.0
_C41833,-0.0
_C41834,-0.0
_C41835,-0.0
_C41836,-0.0
_C41837,-0.0
_C41838,-0.0
_C41839,-0.0
_C41840,-0.0
_C41841,-0.0
_C41842,-0.0
_C41843,-0.0
_C41844,-0.0
_C41845,-0.0
_C41846,-0.0
_C41847,-0.0
_C41848,-0.0
_C41849,-0.0
_C41850,-0.0
_C41851,-0.0
_C41852,-0.0
_C41853,-0.0
_C41854,-0.0
_C41855,-0.0
_C41856,-0.0
_C41857,-0.0
_C41858,-0.0
_C41859,-0.0
_C41860,-0.0
_C41861,-0.0
_C41862,-0.0
_C41863,-0.0
_C41864,-0.0
_C41865,-0.0
_C41866,-0.0
_C41867,-0.0
_C41868,-0.0
_C41869,-0.0
_C41870,-0.0
_C41871,-0.0
_C41872,-0.0
_C41873,-0.0
_C41874,-0.0
_C41875,-0.0
_C41876,-0.0
_C41877,-0.0
_C41878,-0.0
_C41879,-0.0
_C41880,-0.0
_C41881,-0.0
_C41882,-0.0
_C41883,-0.0
_C41884,-0.0
_C41885,-0.0
_C41886,-0.0
_C41887,-0.0
_C41888,-0.0
_C41889,-0.0
_C41890,-0.0
_C41891,-0.0
_C41892,-0.0
_C41893,-0.0
_C41894,-0.0
_C41895,-0.0
_C41896,-0.0
_C41897,-0.0
_C41898,-0.0
_C41899,-0.0
_C41900,-0.0
_C41901,-0.0
_C41902,-0.0
_C41903,-0.0
_C41904,-0.0
_C41905,-0.0
_C41906,-0.0
_C41907,-0.0
_C41908,-0.0
_C41909,-0.0
_C41910,-0.0
_C41911,-0.0
_C41912,-0.0
_C41913,-0.0
_C41914,-0.0
_C41915,-0.0
_C41916,-0.0
_C41917,-0.0
_C41918,-0.0
_C41919,-0.0
_C41920,-0.0
_C41921,-0.0
_C41922,-0.0
_C41923,-0.0
_C41924,-0.0
_C41925,-0.0
_C41926,-0.0
_C41927,-0.0
_C41928,-0.0
_C41929,-0.0
_C41930,-0.0
_C41931,-0.0
_C41932,-0.0
_C41933,-0.0
_C41934,-0.0
_C41935,-0.0
_C41936,-0.0
_C41937,-0.0
_C41938,-0.0
_C41939,-0.0
_C41940,-0.0
_C41941,-0.0
_C41942,-0.0
_C41943,-0.0
_C41944,-0.0
_C41945,-0.0
_C41946,-0.0
_C41947,-0.0
_C41948,-0.0
_C41949,-0.0
_C41950,-0.0
_C41951,-0.0
_C41952,-0.0
_C41953,-0.0
_C41954,-0.0
_C41955,-0.0
_C41956,-0.0
_C41957,-0.0
_C41958,-0.0
_C41959,-0.0
_C41960,-0.0
_C41961,-0.0
_C41962,-0.0
_C41963,-0.0
_C41964,-0.0
_C41965,-0.0
_C41966,-0.0
_C41967,-0.0
_C41968,-0.0
_C41969,-0.0
_C41970,-0.0
_C41971,-0.0
_C41972,-0.0
_C41973,-0.0
_C41974,-0.0
_C41975,-0.0
_C41976,-0.0
_C41977,-0.0
_C41978,-0.0
_C41979,-0.0
_C41980,-0.0
_C41981,-0.0
_C41982,-0.0
_C41983,-0.0
_C41984,-0.0
_C41985,-0.0
_C41986,-0.0
_C41987,-0.0
_C41988,-0.0
_C41989,-0.0
_C41990,-0.0
_C41991,-0.0
_C41992,-0.0
_C41993,-0.0
_C41994,-0.0
_C41995,-0.0
_C41996,-0.0
_C41997,-0.0
_C41998,-0.0
_C41999,-0.0
_C42000,-0.0
_C42001,-0.0
_C42002,-0.0
_C42003,-0.0
_C42004,-0.0
_C42005,-0.0
_C42006,-0.0
_C42007,-0.0
_C42008,-0.0
_C42009,-0.0
_C42010,-0.0
_C42011,-0.0
_C42012,-0.0
_C42013,-0.0
_C42014,-0.0
_C42015,-0.0
_C42016,-0.0
_C42017,-0.0
_C42018,-0.0
_C42019,-0.0
_C42020,-0.0
_C42021,-0.0
_C42022,-0.0
_C42023,-0.0
_C42024,-0.0
_C42025,-0.0
_C42026,-0.0
_C42027,-0.0
_C42028,-0.0
_C42029,-0.0
_C42030,-0.0
_C42031,-0.0
_C42032,-0.0
_C42033,-0.0
_C42034,-0.0
_C42035,-0.0
_C42036,-0.0
_C42037,-0.0
_C42038,-0.0
_C42039,-0.0
_C42040,-0.0
_C42041,-0.0
_C42042,-0.0
_C42043,-0.0
_C42044,-0.0
_C42045,-0.0
_C42046,-0.0
_C42047,-0.0
_C42048,-0.0
_C42049,-0.0
_C42050,-0.0
_C42051,-0.0
_C42052,-0.0
_C42053,-0.0
_C42054,-0.0
_C42055,-0.0
_C42056,-0.0
_C42057,-0.0
_C42058,-0.0
_C42059,-0.0
_C42060,-0.0
_C42061,-0.0
_C42062,-0.0
_C42063,-0.0
_C42064,-0.0
_C42065,-0.0
_C42066,-0.0
_C42067,-0.0
_C42068,-0.0
_C42069,-0.0
_C42070,-0.0
_C42071,-0.0
_C42072,-0.0
_C42073,-0.0
_C42074,-0.0
_C42075,-0.0
_C42076,-0.0
_C42077,-0.0
_C42078,-0.0
_C42079,-0.0
_C42080,-0.0
_C42081,-0.0
_C42082,-0.0
_C42083,-0.0
_C42084,-0.0
_C42085,-0.0
_C42086,-0.0
_C42087,-0.0
_C42088,-0.0
_C42089,-0.0
_C42090,-0.0
_C42091,-0.0
_C42092,-0.0
_C42093,-0.0
_C42094,-0.0
_C42095,-0.0
_C42096,-0.0
_C42097,-0.0
_C42098,-0.0
_C42099,-0.0
_C42100,-0.0
_C42101,-0.0
_C42102,-0.0
_C42103,-0.0
_C42104,-0.0
_C42105,-0.0
_C42106,-0.0
_C42107,-0.0
_C42108,-0.0
_C42109,-0.0
_C42110,-0.0
_C42111,-0.0
_C42112,-0.0
_C42113,-0.0
_C42114,-0.0
_C42115,-0.0
_C42116,-0.0
_C42117,-0.0
_C42118,-0.0
_C42119,-0.0
_C42120,-0.0
_C42121,-0.0
_C42122,-0.0
_C42123,-0.0
_C42124,-0.0
_C42125,-0.0
_C42126,-0.0
_C42127,-0.0
_C42128,-0.0
_C42129,-0.0
_C42130,-0.0
_C42131,-0.0
_C42132,-0.0
_C42133,-0.0
_C42134,-0.0
_C42135,-0.0
_C42136,-0.0
_C42137,-0.0
_C42138,-0.0
_C42139,-0.0
_C42140,-0.0
_C42141,-0.0
_C42142,-0.0
_C42143,-0.0
_C42144,-0.0
_C42145,-0.0
_C42146,-0.0
_C42147,-0.0
_C42148,-0.0
_C42149,-0.0
_C42150,-0.0
_C42151,-0.0
_C42152,-0.0
_C42153,-0.0
_C42154,-0.0
_C42155,-0.0
_C42156,-0.0
_C42157,-0.0
_C42158,-0.0
_C42159,-0.0
_C42160,-0.0
_C42161,-0.0
_C42162,-0.0
_C42163,-0.0
_C42164,-0.0
_C42165,-0.0
_C42166,-0.0
_C42167,-0.0
_C42168,-0.0
_C42169,-0.0
_C42170,-0.0
_C42171,-0.0
_C42172,-0.0
_C42173,-0.0
_C42174,-0.0
_C42175,-0.0
_C42176,-0.0
_C42177,-0.0
_C42178,-0.0
_C42179,-0.0
_C42180,-0.0
_C42181,-0.0
_C42182,-0.0
_C42183,-0.0
_C42184,-0.0
_C42185,-0.0
_C42186,-0.0
_C42187,-0.0
_C42188,-0.0
_C42189,-0.0
_C42190,-0.0
_C42191,-0.0
_C42192,-0.0
_C42193,-0.0
_C42194,-0.0
_C42195,-0.0
_C42196,-0.0
_C42197,-0.0
_C42198,-0.0
_C42199,-0.0
_C42200,-0.0
_C42201,-0.0
_C42202,-0.0
_C42203,-0.0
_C42204,-0.0
_C42205,-0.0
_C42206,-0.0
_C42207,-0.0
_C42208,-0.0
_C42209,-0.0
_C42210,-0.0
_C42211,-0.0
_C42212,-0.0
_C42213,-0.0
_C42214,-0.0
_C42215,-0.0
_C42216,-0.0
_C42217,-0.0
_C42218,-0.0
_C42219,-0.0
_C42220,-0.0
_C42221,-0.0
_C42222,-0.0
_C42223,-0.0
_C42224,-0.0
_C42225,-0.0
_C42226,-0.0
_C42227,-0.0
_C42228,-0.0
_C42229,-0.0
_C42230,-0.0
_C42231,-0.0
_C42232,-0.0
_C42233,-0.0
_C42234,-0.0
_C42235,-0.0
_C42236,-0.0
_C42237,-0.0
_C42238,-0.0
_C42239,-0.0
_C42240,-0.0
_C42241,-0.0
_C42242,-0.0
_C42243,-0.0
_C42244,-0.0
_C42245,-0.0
_C42246,-0.0
_C42247,-0.0
_C42248,-0.0
_C42249,-0.0
_C42250,-0.0
_C42251,-0.0
_C42252,-0.0
_C42253,-0.0
_C42254,-0.0
_C42255,-0.0
_C42256,-0.0
_C42257,-0.0
_C42258,-0.0
_C42259,-0.0
_C42260,-0.0
_C42261,-0.0
_C42262,-0.0
_C42263,-0.0
_C42264,-0.0
_C42265,-0.0
_C42266,-0.0
_C42267,-0.0
_C42268,-0.0
_C42269,-0.0
_C42270,-0.0
_C42271,-0.0
_C42272,-0.0
_C42273,-0.0
_C42274,-0.0
_C42275,-0.0
_C42276,-0.0
_C42277,-0.0
_C42278,-0.0
_C42279,-0.0
_C42280,-0.0
_C42281,-0.0
_C42282,-0.0
_C42283,-0.0
_C42284,-0.0
_C42285,-0.0
_C42286,-0.0
_C42287,-0.0
_C42288,-0.0
_C42289,-0.0
_C42290,-0.0
_C42291,-0.0
_C42292,-0.0
_C42293,-0.0
_C42294,-0.0
_C42295,-0.0
_C42296,-0.0
_C42297,-0.0
_C42298,-0.0
_C42299,-0.0
_C42300,-0.0
_C42301,-0.0
_C42302,-0.0
_C42303,-0.0
_C42304,-0.0
_C42305,-0.0
_C42306,-0.0
_C42307,-0.0
_C42308,-0.0
_C42309,-0.0
_C42310,-0.0
_C42311,-0.0
_C42312,-0.0
_C42313,-0.0
_C42314,-0.0
_C42315,-0.0
_C42316,-0.0
_C42317,-0.0
_C42318,-0.0
_C42319,-0.0
_C42320,-0.0
_C42321,-0.0
_C42322,-0.0
_C42323,-0.0
_C42324,-0.0
_C42325,-0.0
_C42326,-0.0
_C42327,-0.0
_C42328,-0.0
_C42329,-0.0
_C42330,-0.0
_C42331,-0.0
_C42332,-0.0
_C42333,-0.0
_C42334,-0.0
_C42335,-0.0
_C42336,-0.0
_C42337,-0.0
_C42338,-0.0
_C42339,-0.0
_C42340,-0.0
_C42341,-0.0
_C42342,-0.0
_C42343,-0.0
_C42344,-0.0
_C42345,-0.0
_C42346,-0.0
_C42347,-0.0
_C42348,-0.0
_C42349,-0.0
_C42350,-0.0
_C42351,-0.0
_C42352,-0.0
_C42353,-0.0
_C42354,-0.0
_C42355,-0.0
_C42356,-0.0
_C42357,-0.0
_C42358,-0.0
_C42359,-0.0
_C42360,-0.0
_C42361,-0.0
_C42362,-0.0
_C42363,-0.0
_C42364,-0.0
_C42365,-0.0
_C42366,-0.0
_C42367,-0.0
_C42368,-0.0
_C42369,-0.0
_C42370,-0.0
_C42371,-0.0
_C42372,-0.0
_C42373,-0.0
_C42374,-0.0
_C42375,-0.0
_C42376,-0.0
_C42377,-0.0
_C42378,-0.0
_C42379,-0.0
_C42380,-0.0
_C42381,-0.0
_C42382,-0.0
_C42383,-0.0
_C42384,-0.0
_C42385,-0.0
_C42386,-0.0
_C42387,-0.0
_C42388,-0.0
_C42389,-0.0
_C42390,-0.0
_C42391,-0.0
_C42392,-0.0
_C42393,-0.0
_C42394,-0.0
_C42395,-0.0
_C42396,-0.0
_C42397,-0.0
_C42398,-0.0
_C42399,-0.0
_C42400,-0.0
_C42401,-0.0
_C42402,-0.0
_C42403,-0.0
_C42404,-0.0
_C42405,-0.0
_C42406,-0.0
_C42407,-0.0
_C42408,-0.0
_C42409,-0.0
_C42410,-0.0
_C42411,-0.0
_C42412,-0.0
_C42413,-0.0
_C42414,-0.0
_C42415,-0.0
_C42416,-0.0
_C42417,-0.0
_C42418,-0.0
_C42419,-0.0
_C42420,-0.0
_C42421,-0.0
_C42422,-0.0
_C42423,-0.0
_C42424,-0.0
_C42425,-0.0
_C42426,-0.0
_C42427,-0.0
_C42428,-0.0
_C42429,-0.0
_C42430,-0.0
_C42431,-0.0
_C42432,-0.0
_C42433,-0.0
_C42434,-0.0
_C42435,-0.0
_C42436,-0.0
_C42437,-0.0
_C42438,-0.0
_C42439,-0.0
_C42440,-0.0
_C42441,-0.0
_C42442,-0.0
_C42443,-0.0
_C42444,-0.0
_C42445,-0.0
_C42446,-0.0
_C42447,-0.0
_C42448,-0.0
_C42449,-0.0
_C42450,-0.0
_C42451,-0.0
_C42452,-0.0
_C42453,-0.0
_C42454,-0.0
_C42455,-0.0
_C42456,-0.0
_C42457,-0.0
_C42458,-0.0
_C42459,-0.0
_C42460,-0.0
_C42461,-0.0
_C42462,-0.0
_C42463,-0.0
_C42464,-0.0
_C42465,-0.0
_C42466,-0.0
_C42467,-0.0
_C42468,-0.0
_C42469,-0.0
_C42470,-0.0
_C42471,-0.0
_C42472,-0.0
_C42473,-0.0
_C42474,-0.0
_C42475,-0.0
_C42476,-0.0
_C42477,-0.0
_C42478,-0.0
_C42479,-0.0
_C42480,-0.0
_C42481,-0.0
_C42482,-0.0
_C42483,-0.0
_C42484,-0.0
_C42485,-0.0
_C42486,-0.0
_C42487,-0.0
_C42488,-0.0
_C42489,-0.0
_C42490,-0.0
_C42491,-0.0
_C42492,-0.0
_C42493,-0.0
_C42494,-0.0
_C42495,-0.0
_C42496,-0.0
_C42497,-0.0
_C42498,-0.0
_C42499,-0.0
_C42500,-0.0
_C42501,-0.0
_C42502,-0.0
_C42503,-0.0
_C42504,-0.0
_C42505,-0.0
_C42506,-0.0
_C42507,-0.0
_C42508,-0.0
_C42509,-0.0
_C42510,-0.0
_C42511,-0.0
_C42512,-0.0
_C42513,-0.0
_C42514,-0.0
_C42515,-0.0
_C42516,-0.0
_C42517,-0.0
_C42518,-0.0
_C42519,-0.0
_C42520,-0.0
_C42521,-0.0
_C42522,-0.0
_C42523,-0.0
_C42524,-0.0
_C42525,-0.0
_C42526,-0.0
_C42527,-0.0
_C42528,-0.0
_C42529,-0.0
_C42530,-0.0
_C42531,-0.0
_C42532,-0.0
_C42533,-0.0
_C42534,-0.0
_C42535,-0.0
_C42536,-0.0
_C42537,-0.0
_C42538,-0.0
_C42539,-0.0
_C42540,-0.0
_C42541,-0.0
_C42542,-0.0
_C42543,-0.0
_C42544,-0.0
_C42545,-0.0
_C42546,-0.0
_C42547,-0.0
_C42548,-0.0
_C42549,-0.0
_C42550,-0.0
_C42551,-0.0
_C42552,-0.0
_C42553,-0.0
_C42554,-0.0
_C42555,-0.0
_C42556,-0.0
_C42557,-0.0
_C42558,-0.0
_C42559,-0.0
_C42560,-0.0
_C42561,-0.0
_C42562,-0.0
_C42563,-0.0
_C42564,-0.0
_C42565,-0.0
_C42566,-0.0
_C42567,-0.0
_C42568,-0.0
_C42569,-0.0
_C42570,-0.0
_C42571,-0.0
_C42572,-0.0
_C42573,-0.0
_C42574,-0.0
_C42575,-0.0
_C42576,-0.0
_C42577,-0.0
_C42578,-0.0
_C42579,-0.0
_C42580,-0.0
_C42581,-0.0
_C42582,-0.0
_C42583,-0.0
_C42584,-0.0
_C42585,-0.0
_C42586,-0.0
_C42587,-0.0
_C42588,-0.0
_C42589,-0.0
_C42590,-0.0
_C42591,-0.0
_C42592,-0.0
_C42593,-0.0
_C42594,-0.0
_C42595,-0.0
_C42596,-0.0
_C42597,-0.0
_C42598,-0.0
_C42599,-0.0
_C42600,-0.0
_C42601,-0.0
_C42602,-0.0
_C42603,-0.0
_C42604,-0.0
_C42605,-0.0
_C42606,-0.0
_C42607,-0.0
_C42608,-0.0
_C42609,-0.0
_C42610,-0.0
_C42611,-0.0
_C42612,-0.0
_C42613,-0.0
_C42614,-0.0
_C42615,-0.0
_C42616,-0.0
_C42617,-0.0
_C42618,-0.0
_C42619,-0.0
_C42620,-0.0
_C42621,-0.0
_C42622,-0.0
_C42623,-0.0
_C42624,-0.0
_C42625,-0.0
_C42626,-0.0
_C42627,-0.0
_C42628,-0.0
_C42629,-0.0
_C42630,-0.0
_C42631,-0.0
_C42632,-0.0
_C42633,-0.0
_C42634,-0.0
_C42635,-0.0
_C42636,-0.0
_C42637,-0.0
_C42638,-0.0
_C42639,-0.0
_C42640,-0.0
_C42641,-0.0
_C42642,-0.0
_C42643,-0.0
_C42644,-0.0
_C42645,-0.0
_C42646,-0.0
_C42647,-0.0
_C42648,-0.0
_C42649,-0.0
_C42650,-0.0
_C42651,-0.0
_C42652,-0.0
_C42653,-0.0
_C42654,-0.0
_C42655,-0.0
_C42656,-0.0
_C42657,-0.0
_C42658,-0.0
_C42659,-0.0
_C42660,-0.0
_C42661,-0.0
_C42662,-0.0
_C42663,-0.0
_C42664,-0.0
_C42665,-0.0
_C42666,-0.0
_C42667,-0.0
_C42668,-0.0
_C42669,-0.0
_C42670,-0.0
_C42671,-0.0
_C42672,-0.0
_C42673,-0.0
_C42674,-0.0
_C42675,-0.0
_C42676,-0.0
_C42677,-0.0
_C42678,-0.0
_C42679,-0.0
_C42680,-0.0
_C42681,-0.0
_C42682,-0.0
_C42683,-0.0
_C42684,-0.0
_C42685,-0.0
_C42686,-0.0
_C42687,-0.0
_C42688,-0.0
_C42689,-0.0
_C42690,-0.0
_C42691,-0.0
_C42692,-0.0
_C42693,-0.0
_C42694,-0.0
_C42695,-0.0
_C42696,-0.0
_C42697,-0.0
_C42698,-0.0
_C42699,-0.0
_C42700,-0.0
_C42701,-0.0
_C42702,-0.0
_C42703,-0.0
_C42704,-0.0
_C42705,-0.0
_C42706,-0.0
_C42707,-0.0
_C42708,-0.0
_C42709,-0.0
_C42710,-0.0
_C42711,-0.0
_C42712,-0.0
_C42713,-0.0
_C42714,-0.0
_C42715,-0.0
_C42716,-0.0
_C42717,-0.0
_C42718,-0.0
_C42719,-0.0
_C42720,-0.0
_C42721,-0.0
_C42722,-0.0
_C42723,-0.0
_C42724,-0.0
_C42725,-0.0
_C42726,-0.0
_C42727,-0.0
_C42728,-0.0
_C42729,-0.0
_C42730,-0.0
_C42731,-0.0
_C42732,-0.0
_C42733,-0.0
_C42734,-0.0
_C42735,-0.0
_C42736,-0.0
_C42737,-0.0
_C42738,-0.0
_C42739,-0.0
_C42740,-0.0
_C42741,-0.0
_C42742,-0.0
_C42743,-0.0
_C42744,-0.0
_C42745,-0.0
_C42746,-0.0
_C42747,-0.0
_C42748,-0.0
_C42749,-0.0
_C42750,-0.0
_C42751,-0.0
_C42752,-0.0
_C42753,-0.0
_C42754,-0.0
_C42755,-0.0
_C42756,-0.0
_C42757,-0.0
_C42758,-0.0
_C42759,-0.0
_C42760,-0.0
_C42761,-0.0
_C42762,-0.0
_C42763,-0.0
_C42764,-0.0
_C42765,-0.0
_C42766,-0.0
_C42767,-0.0
_C42768,-0.0
_C42769,-0.0
_C42770,-0.0
_C42771,-0.0
_C42772,-0.0
_C42773,-0.0
_C42774,-0.0
_C42775,-0.0
_C42776,-0.0
_C42777,-0.0
_C42778,-0.0
_C42779,-0.0
_C42780,-0.0
_C42781,-0.0
_C42782,-0.0
_C42783,-0.0
_C42784,-0.0
_C42785,-0.0
_C42786,-0.0
_C42787,-0.0
_C42788,-0.0
_C42789,-0.0
_C42790,-0.0
_C42791,-0.0
_C42792,-0.0
_C42793,-0.0
_C42794,-0.0
_C42795,-0.0
_C42796,-0.0
_C42797,-0.0
_C42798,-0.0
_C42799,-0.0
_C42800,-0.0
_C42801,-0.0
_C42802,-0.0
_C42803,-0.0
_C42804,-0.0
_C42805,-0.0
_C42806,-0.0
_C42807,-0.0
_C42808,-0.0
_C42809,-0.0
_C42810,-0.0
_C42811,-0.0
_C42812,-0.0
_C42813,-0.0
_C42814,-0.0
_C42815,-0.0
_C42816,-0.0
_C42817,-0.0
_C42818,-0.0
_C42819,-0.0
_C42820,-0.0
_C42821,-0.0
_C42822,-0.0
_C42823,-0.0
_C42824,-0.0
_C42825,-0.0
_C42826,-0.0
_C42827,-0.0
_C42828,-0.0
_C42829,-0.0
_C42830,-0.0
_C42831,-0.0
_C42832,-0.0
_C42833,-0.0
_C42834,-0.0
_C42835,-0.0
_C42836,-0.0
_C42837,-0.0
_C42838,-0.0
_C42839,-0.0
_C42840,-0.0
_C42841,-0.0
_C42842,-0.0
_C42843,-0.0
_C42844,-0.0
_C42845,-0.0
_C42846,-0.0
_C42847,-0.0
_C42848,-0.0
_C42849,-0.0
_C42850,-0.0
_C42851,-0.0
_C42852,-0.0
_C42853,-0.0
_C42854,-0.0
_C42855,-0.0
_C42856,-0.0
_C42857,-0.0
_C42858,-0.0
_C42859,-0.0
_C42860,-0.0
_C42861,-0.0
_C42862,-0.0
_C42863,-0.0
_C42864,-0.0
_C42865,-0.0
_C42866,-0.0
_C42867,-0.0
_C42868,-0.0
_C42869,-0.0
_C42870,-0.0
_C42871,-0.0
_C42872,-0.0
_C42873,-0.0
_C42874,-0.0
_C42875,-0.0
_C42876,-0.0
_C42877,-0.0
_C42878,-0.0
_C42879,-0.0
_C42880,-0.0
_C42881,-0.0
_C42882,-0.0
_C42883,-0.0
_C42884,-0.0
_C42885,-0.0
_C42886,-0.0
_C42887,-0.0
_C42888,-0.0
_C42889,-0.0
_C42890,-0.0
_C42891,-0.0
_C42892,-0.0
_C42893,-0.0
_C42894,-0.0
_C42895,-0.0
_C42896,-0.0
_C42897,-0.0
_C42898,-0.0
_C42899,-0.0
_C42900,-0.0
_C42901,-0.0
_C42902,-0.0
_C42903,-0.0
_C42904,-0.0
_C42905,-0.0
_C42906,-0.0
_C42907,-0.0
_C42908,-0.0
_C42909,-0.0
_C42910,-0.0
_C42911,-0.0
_C42912,-0.0
_C42913,-0.0
_C42914,-0.0
_C42915,-0.0
_C42916,-0.0
_C42917,-0.0
_C42918,-0.0
_C42919,-0.0
_C42920,-0.0
_C42921,-0.0
_C42922,-0.0
_C42923,-0.0
_C42924,-0.0
_C42925,-0.0
_C42926,-0.0
_C42927,-0.0
_C42928,-0.0
_C42929,-0.0
_C42930,-0.0
_C42931,-0.0
_C42932,-0.0
_C42933,-0.0
_C42934,-0.0
_C42935,-0.0
_C42936,-0.0
_C42937,-0.0
_C42938,-0.0
_C42939,-0.0
_C42940,-0.0
_C42941,-0.0
_C42942,-0.0
_C42943,-0.0
_C42944,-0.0
_C42945,-0.0
_C42946,-0.0
_C42947,-0.0
_C42948,-0.0
_C42949,-0.0
_C42950,-0.0
_C42951,-0.0
_C42952,-0.0
_C42953,-0.0
_C42954,-0.0
_C42955,-0.0
_C42956,-0.0
_C42957,-0.0
_C42958,-0.0
_C42959,-0.0
_C42960,-0.0
_C42961,-0.0
_C42962,-0.0
_C42963,-0.0
_C42964,-0.0
_C42965,-0.0
_C42966,-0.0
_C42967,-0.0
_C42968,-0.0
_C42969,-0.0
_C42970,-0.0
_C42971,-0.0
_C42972,-0.0
_C42973,-0.0
_C42974,-0.0
_C42975,-0.0
_C42976,-0.0
_C42977,-0.0
_C42978,-0.0
_C42979,-0.0
_C42980,-0.0
_C42981,-0.0
_C42982,-0.0
_C42983,-0.0
_C42984,-0.0
_C42985,-0.0
_C42986,1.0
_C42987,1.0
_C42988,1.0
_C42989,1.0
_C42990,-0.0
_C42991,-0.0
_C42992,-0.0
_C42993,-0.0
_C42994,-0.0
_C42995,-0.0
_C42996,-0.0
_C42997,-0.0
_C42998,-0.0
_C42999,-0.0
_C43000,-0.0
_C43001,-0.0
_C43002,-0.0
_C43003,-0.0
_C43004,-0.0
_C43005,-0.0
_C43006,-0.0
_C43007,-0.0
_C43008,-0.0
_C43009,-0.0
_C43010,-0.0
_C43011,-0.0
_C43012,-0.0
_C43013,-0.0
_C43014,-0.0
_C43015,-0.0
_C43016,-0.0
_C43017,-0.0
_C43018,-0.0
_C43019,-0.0
_C43020,-0.0
_C43021,-0.0
_C43022,-0.0
_C43023,-0.0
_C43024,-0.0
_C43025,-0.0
_C43026,-0.0
_C43027,-0.0
_C43028,-0.0
_C43029,-0.0
_C43030,-0.0
_C43031,-0.0
_C43032,-0.0
_C43033,-0.0
_C43034,-0.0
_C43035,-0.0
_C43036,-0.0
_C43037,-0.0
_C43038,-0.0
_C43039,-0.0
_C43040,-0.0
_C43041,-0.0
_C43042,-0.0
_C43043,-0.0
_C43044,-0.0
_C43045,-0.0
_C43046,-0.0
_C43047,-0.0
_C43048,-0.0
_C43049,-0.0
_C43050,-0.0
_C43051,-0.0
_C43052,-0.0
_C43053,-0.0
_C43054,-0.0
_C43055,-0.0
_C43056,-0.0
_C43057,-0.0
_C43058,-0.0
_C43059,-0.0
_C43060,-0.0
_C43061,-0.0
_C43062,-0.0
_C43063,-0.0
_C43064,-0.0
_C43065,-0.0
_C43066,-0.0
_C43067,-0.0
_C43068,-0.0
_C43069,-0.0
_C43070,-0.0
_C43071,-0.0
_C43072,-0.0
_C43073,-0.0
_C43074,-0.0
_C43075,-0.0
_C43076,-0.0
_C43077,-0.0
_C43078,-0.0
_C43079,-0.0
_C43080,-0.0
_C43081,-0.0
_C43082,-0.0
_C43083,-0.0
_C43084,-0.0
_C43085,-0.0
_C43086,-0.0
_C43087,-0.0
_C43088,-0.0
_C43089,-0.0
_C43090,-0.0
_C43091,-0.0
_C43092,-0.0
_C43093,-0.0
_C43094,-0.0
_C43095,-0.0
_C43096,-0.0
_C43097,-0.0
_C43098,-0.0
_C43099,-0.0
_C43100,-0.0
_C43101,-0.0
_C43102,-0.0
_C43103,-0.0
_C43104,-0.0
_C43105,-0.0
_C43106,-0.0
_C43107,-0.0
_C43108,-0.0
_C43109,-0.0
_C43110,-0.0
_C43111,-0.0
_C43112,-0.0
_C43113,-0.0
_C43114,-0.0
_C43115,-0.0
_C43116,-0.0
_C43117,-0.0
_C43118,-0.0
_C43119,-0.0
_C43120,-0.0
_C43121,-0.0
_C43122,-0.0
_C43123,-0.0
_C43124,-0.0
_C43125,-0.0
_C43126,-0.0
_C43127,-0.0
_C43128,-0.0
_C43129,-0.0
_C43130,-0.0
_C43131,-0.0
_C43132,-0.0
_C43133,-0.0
_C43134,-0.0
_C43135,-0.0
_C43136,-0.0
_C43137,-0.0
_C43138,-0.0
_C43139,-0.0
_C43140,-0.0
_C43141,-0.0
_C43142,-0.0
_C43143,-0.0
_C43144,-0.0
_C43145,-0.0
_C43146,-0.0
_C43147,-0.0
_C43148,-0.0
_C43149,-0.0
_C43150,-0.0
_C43151,-0.0
_C43152,-0.0
_C43153,-0.0
_C43154,-0.0
_C43155,-0.0
_C43156,-0.0
_C43157,-0.0
_C43158,-0.0
_C43159,-0.0
_C43160,-0.0
_C43161,-0.0
_C43162,-0.0
_C43163,-0.0
_C43164,-0.0
_C43165,-0.0
_C43166,-0.0
_C43167,-0.0
_C43168,-0.0
_C43169,-0.0
_C43170,-0.0
_C43171,-0.0
_C43172,-0.0
_C43173,-0.0
_C43174,-0.0
_C43175,-0.0
_C43176,-0.0
_C43177,-0.0
_C43178,-0.0
_C43179,-0.0
_C43180,-0.0
_C43181,-0.0
_C43182,-0.0
_C43183,-0.0
_C43184,-0.0
_C43185,-0.0
_C43186,-0.0
_C43187,-0.0
_C43188,-0.0
_C43189,-0.0
_C43190,-0.0
_C43191,-0.0
_C43192,-0.0
_C43193,-0.0
_C43194,-0.0
_C43195,-0.0
_C43196,-0.0
_C43197,-0.0
_C43198,-0.0
_C43199,-0.0
_C43200,-0.0
_C43201,-0.0
_C43202,-0.0
_C43203,-0.0
_C43204,-0.0
_C43205,-0.0
_C43206,-0.0
_C43207,-0.0
_C43208,-0.0
_C43209,-0.0
_C43210,-0.0
_C43211,-0.0
_C43212,-0.0
_C43213,-0.0
_C43214,-0.0
_C43215,-0.0
_C43216,-0.0
_C43217,-0.0
_C43218,-0.0
_C43219,-0.0
_C43220,-0.0
_C43221,-0.0
_C43222,-0.0
_C43223,-0.0
_C43224,-0.0
_C43225,-0.0
_C43226,-0.0
_C43227,-0.0
_C43228,-0.0
_C43229,-0.0
_C43230,-0.0
_C43231,-0.0
_C43232,-0.0
_C43233,-0.0
_C43234,-0.0
_C43235,-0.0
_C43236,-0.0
_C43237,-0.0
_C43238,-0.0
_C43239,-0.0
_C43240,-0.0
_C43241,-0.0
_C43242,-0.0
_C43243,-0.0
_C43244,-0.0
_C43245,-0.0
_C43246,-0.0
_C43247,-0.0
_C43248,-0.0
_C43249,-0.0
_C43250,-0.0
_C43251,-0.0
_C43252,-0.0
_C43253,-0.0
_C43254,-0.0
_C43255,-0.0
_C43256,-0.0
_C43257,-0.0
_C43258,-0.0
_C43259,-0.0
_C43260,-0.0
_C43261,-0.0
_C43262,-0.0
_C43263,-0.0
_C43264,-0.0
_C43265,-0.0
_C43266,-0.0
_C43267,-0.0
_C43268,-0.0
_C43269,-0.0
_C43270,-0.0
_C43271,-0.0
_C43272,-0.0
_C43273,-0.0
_C43274,-0.0
_C43275,-0.0
_C43276,-0.0
_C43277,-0.0
_C43278,-0.0
_C43279,-0.0
_C43280,-0.0
_C43281,-0.0
_C43282,-0.0
_C43283,-0.0
_C43284,-0.0
_C43285,-0.0
_C43286,-0.0
_C43287,-0.0
_C43288,-0.0
_C43289,-0.0
_C43290,-0.0
_C43291,-0.0
_C43292,-0.0
_C43293,-0.0
_C43294,-0.0
_C43295,-0.0
_C43296,-0.0
_C43297,-0.0
_C43298,-0.0
_C43299,-0.0
_C43300,-0.0
_C43301,-0.0
_C43302,-0.0
_C43303,-0.0
_C43304,-0.0
_C43305,-0.0
_C43306,-0.0
_C43307,-0.0
_C43308,-0.0
_C43309,-0.0
_C43310,-0.0
_C43311,-0.0
_C43312,-0.0
_C43313,-0.0
_C43314,-0.0
_C43315,-0.0
_C43316,-0.0
_C43317,-0.0
_C43318,-0.0
_C43319,-0.0
_C43320,-0.0
_C43321,-0.0
_C43322,-0.0
_C43323,-0.0
_C43324,-0.0
_C43325,-0.0
_C43326,-0.0
_C43327,-0.0
_C43328,-0.0
_C43329,-0.0
_C43330,-0.0
_C43331,-0.0
_C43332,-0.0
_C43333,-0.0
_C43334,-0.0
_C43335,-0.0
_C43336,-0.0
_C43337,-0.0
_C43338,-0.0
_C43339,-0.0
_C43340,-0.0
_C43341,-0.0
_C43342,-0.0
_C43343,-0.0
_C43344,-0.0
_C43345,-0.0
_C43346,-0.0
_C43347,-0.0
_C43348,-0.0
_C43349,-0.0
_C43350,-0.0
_C43351,-0.0
_C43352,-0.0
_C43353,-0.0
_C43354,-0.0
_C43355,-0.0
_C43356,-0.0
_C43357,-0.0
_C43358,-0.0
_C43359,-0.0
_C43360,-0.0
_C43361,-0.0
_C43362,-0.0
_C43363,-0.0
_C43364,-0.0
_C43365,-0.0
_C43366,-0.0
_C43367,-0.0
_C43368,-0.0
_C43369,-0.0
_C43370,-0.0
_C43371,-0.0
_C43372,-0.0
_C43373,-0.0
_C43374,-0.0
_C43375,-0.0
_C43376,-0.0
_C43377,-0.0
_C43378,-0.0
_C43379,-0.0
_C43380,-0.0
_C43381,-0.0
_C43382,-0.0
_C43383,-0.0
_C43384,-0.0
_C43385,-0.0
_C43386,-0.0
_C43387,-0.0
_C43388,-0.0
_C43389,-0.0
_C43390,-0.0
_C43391,-0.0
_C43392,-0.0
_C43393,-0.0
_C43394,-0.0
_C43395,-0.0
_C43396,-0.0
_C43397,-0.0
_C43398,-0.0
_C43399,-0.0
_C43400,-0.0
_C43401,-0.0
_C43402,-0.0
_C43403,-0.0
_C43404,-0.0
_C43405,-0.0
_C43406,-0.0
_C43407,-0.0
_C43408,-0.0
_C43409,-0.0
_C43410,-0.0
_C43411,-0.0
_C43412,-0.0
_C43413,-0.0
_C43414,-0.0
_C43415,-0.0
_C43416,-0.0
_C43417,-0.0
_C43418,-0.0
_C43419,-0.0
_C43420,-0.0
_C43421,-0.0
_C43422,-0.0
_C43423,-0.0
_C43424,-0.0
_C43425,-0.0
_C43426,-0.0
_C43427,-0.0
_C43428,-0.0
_C43429,-0.0
_C43430,-0.0
_C43431,-0.0
_C43432,-0.0
_C43433,-0.0
_C43434,-0.0
_C43435,-0.0
_C43436,-0.0
_C43437,-0.0
_C43438,-0.0
_C43439,-0.0
_C43440,-0.0
_C43441,-0.0
_C43442,-0.0
_C43443,-0.0
_C43444,-0.0
_C43445,-0.0
_C43446,-0.0
_C43447,-0.0
_C43448,-0.0
_C43449,-0.0
_C43450,-0.0
_C43451,-0.0
_C43452,-0.0
_C43453,-0.0
_C43454,-0.0
_C43455,-0.0
_C43456,-0.0
_C43457,-0.0
_C43458,-0.0
_C43459,-0.0
_C43460,-0.0
_C43461,-0.0
_C43462,-0.0
_C43463,-0.0
_C43464,-0.0
_C43465,-0.0
_C43466,-0.0
_C43467,-0.0
_C43468,-0.0
_C43469,-0.0
_C43470,-0.0
_C43471,-0.0
_C43472,-0.0
_C43473,-0.0
_C43474,-0.0
_C43475,-0.0
_C43476,-0.0
_C43477,-0.0
_C43478,-0.0
_C43479,-0.0
_C43480,-0.0
_C43481,-0.0
_C43482,-0.0
_C43483,-0.0
_C43484,-0.0
_C43485,-0.0
_C43486,-0.0
_C43487,-0.0
_C43488,-0.0
_C43489,-0.0
_C43490,-0.0
_C43491,-0.0
_C43492,-0.0
_C43493,-0.0
_C43494,-0.0
_C43495,-0.0
_C43496,-0.0
_C43497,-0.0
_C43498,-0.0
_C43499,-0.0
_C43500,-0.0
_C43501,-0.0
_C43502,-0.0
_C43503,-0.0
_C43504,-0.0
_C43505,-0.0
_C43506,-0.0
_C43507,-0.0
_C43508,-0.0
_C43509,-0.0
_C43510,-0.0
_C43511,-0.0
_C43512,-0.0
_C43513,-0.0
_C43514,-0.0
_C43515,-0.0
_C43516,-0.0
_C43517,-0.0
_C43518,-0.0
_C43519,-0.0
_C43520,-0.0
_C43521,-0.0
_C43522,-0.0
_C43523,-0.0
_C43524,-0.0
_C43525,-0.0
_C43526,-0.0
_C43527,-0.0
_C43528,-0.0
_C43529,-0.0
_C43530,-0.0
_C43531,-0.0
_C43532,-0.0
_C43533,-0.0
_C43534,-0.0
_C43535,-0.0
_C43536,-0.0
_C43537,-0.0
_C43538,-0.0
_C43539,-0.0
_C43540,-0.0
_C43541,-0.0
_C43542,-0.0
_C43543,-0.0
_C43544,-0.0
_C43545,-0.0
_C43546,-0.0
_C43547,-0.0
_C43548,-0.0
_C43549,-0.0
_C43550,-0.0
_C43551,-0.0
_C43552,-0.0
_C43553,-0.0
_C43554,-0.0
_C43555,-0.0
_C43556,-0.0
_C43557,-0.0
_C43558,-0.0
_C43559,-0.0
_C43560,-0.0
_C43561,-0.0
_C43562,-0.0
_C43563,-0.0
_C43564,-0.0
_C43565,-0.0
_C43566,-0.0
_C43567,-0.0
_C43568,-0.0
_C43569,-0.0
_C43570,-0.0
_C43571,-0.0
_C43572,-0.0
_C43573,-0.0
_C43574,-0.0
_C43575,-0.0
_C43576,-0.0
_C43577,-0.0
_C43578,-0.0
_C43579,-0.0
_C43580,-0.0
_C43581,-0.0
_C43582,-0.0
_C43583,-0.0
_C43584,-0.0
_C43585,-0.0
_C43586,-0.0
_C43587,-0.0
_C43588,-0.0
_C43589,-0.0
_C43590,-0.0
_C43591,-0.0
_C43592,-0.0
_C43593,-0.0
_C43594,-0.0
_C43595,-0.0
_C43596,-0.0
_C43597,-0.0
_C43598,-0.0
_C43599,-0.0
_C43600,-0.0
_C43601,-0.0
_C43602,-0.0
_C43603,-0.0
_C43604,-0.0
_C43605,-0.0
_C43606,-0.0
_C43607,-0.0
_C43608,-0.0
_C43609,-0.0
_C43610,-0.0
_C43611,-0.0
_C43612,-0.0
_C43613,-0.0
_C43614,-0.0
_C43615,-0.0
_C43616,-0.0
_C43617,-0.0
_C43618,-0.0
_C43619,-0.0
_C43620,-0.0
_C43621,-0.0
_C43622,-0.0
_C43623,-0.0
_C43624,-0.0
_C43625,-0.0
_C43626,-0.0
_C43627,-0.0
_C43628,-0.0
_C43629,-0.0
_C43630,-0.0
_C43631,-0.0
_C43632,-0.0
_C43633,-0.0
_C43634,-0.0
_C43635,-0.0
_C43636,-0.0
_C43637,-0.0
_C43638,-0.0
_C43639,-0.0
_C43640,-0.0
_C43641,-0.0
_C43642,-0.0
_C43643,-0.0
_C43644,-0.0
_C43645,-0.0
_C43646,-0.0
_C43647,-0.0
_C43648,-0.0
_C43649,-0.0
_C43650,-0.0
_C43651,-0.0
_C43652,-0.0
_C43653,-0.0
_C43654,-0.0
_C43655,-0.0
_C43656,-0.0
_C43657,-0.0
_C43658,-0.0
_C43659,-0.0
_C43660,-0.0
_C43661,-0.0
_C43662,-0.0
_C43663,-0.0
_C43664,-0.0
_C43665,-0.0
_C43666,-0.0
_C43667,-0.0
_C43668,-0.0
_C43669,-0.0
_C43670,-0.0
_C43671,-0.0
_C43672,-0.0
_C43673,-0.0
_C43674,-0.0
_C43675,-0.0
_C43676,-0.0
_C43677,-0.0
_C43678,-0.0
_C43679,-0.0
_C43680,-0.0
_C43681,-0.0
_C43682,-0.0
_C43683,-0.0
_C43684,-0.0
_C43685,-0.0
_C43686,-0.0
_C43687,-0.0
_C43688,-0.0
_C43689,-0.0
_C43690,-0.0
_C43691,-0.0
_C43692,-0.0
_C43693,-0.0
_C43694,-0.0
_C43695,-0.0
_C43696,-0.0
_C43697,-0.0
_C43698,-0.0
_C43699,-0.0
_C43700,-0.0
_C43701,-0.0
_C43702,-0.0
_C43703,-0.0
_C43704,-0.0
_C43705,-0.0
_C43706,-0.0
_C43707,-0.0
_C43708,-0.0
_C43709,-0.0
_C43710,-0.0
_C43711,-0.0
_C43712,-0.0
_C43713,-0.0
_C43714,-0.0
_C43715,-0.0
_C43716,-0.0
_C43717,-0.0
_C43718,-0.0
_C43719,-0.0
_C43720,-0.0
_C43721,-0.0
_C43722,-0.0
_C43723,-0.0
_C43724,-0.0
_C43725,-0.0
_C43726,-0.0
_C43727,-0.0
_C43728,-0.0
_C43729,-0.0
_C43730,-0.0
_C43731,-0.0
_C43732,-0.0
_C43733,-0.0
_C43734,-0.0
_C43735,-0.0
_C43736,-0.0
_C43737,-0.0
_C43738,-0.0
_C43739,-0.0
_C43740,-0.0
_C43741,-0.0
_C43742,-0.0
_C43743,-0.0
_C43744,-0.0
_C43745,-0.0
_C43746,-0.0
_C43747,-0.0
_C43748,-0.0
_C43749,-0.0
_C43750,-0.0
_C43751,-0.0
_C43752,-0.0
_C43753,-0.0
_C43754,-0.0
_C43755,-0.0
_C43756,-0.0
_C43757,-0.0
_C43758,-0.0
_C43759,-0.0
_C43760,-0.0
_C43761,-0.0
_C43762,-0.0
_C43763,-0.0
_C43764,-0.0
_C43765,-0.0
_C43766,-0.0
_C43767,-0.0
_C43768,-0.0
_C43769,-0.0
_C43770,-0.0
_C43771,-0.0
_C43772,-0.0
_C43773,-0.0
_C43774,-0.0
_C43775,-0.0
_C43776,-0.0
_C43777,-0.0
_C43778,-0.0
_C43779,-0.0
_C43780,-0.0
_C43781,-0.0
_C43782,-0.0
_C43783,-0.0
_C43784,-0.0
_C43785,-0.0
_C43786,-0.0
_C43787,-0.0
_C43788,-0.0
_C43789,-0.0
_C43790,-0.0
_C43791,-0.0
_C43792,-0.0
_C43793,-0.0
_C43794,-0.0
_C43795,-0.0
_C43796,-0.0
_C43797,-0.0
_C43798,-0.0
_C43799,-0.0
_C43800,-0.0
_C43801,-0.0
_C43802,-0.0
_C43803,-0.0
_C43804,-0.0
_C43805,-0.0
_C43806,-0.0
_C43807,-0.0
_C43808,-0.0
_C43809,-0.0
_C43810,-0.0
_C43811,-0.0
_C43812,-0.0
_C43813,-0.0
_C43814,-0.0
_C43815,-0.0
_C43816,-0.0
_C43817,-0.0
_C43818,-0.0
_C43819,-0.0
_C43820,-0.0
_C43821,-0.0
_C43822,-0.0
_C43823,-0.0
_C43824,-0.0
_C43825,-0.0
_C43826,-0.0
_C43827,-0.0
_C43828,-0.0
_C43829,-0.0
_C43830,-0.0
_C43831,-0.0
_C43832,-0.0
_C43833,-0.0
_C43834,-0.0
_C43835,-0.0
_C43836,-0.0
_C43837,-0.0
_C43838,-0.0
_C43839,-0.0
_C43840,-0.0
_C43841,-0.0
_C43842,-0.0
_C43843,-0.0
_C43844,-0.0
_C43845,-0.0
_C43846,-0.0
_C43847,-0.0
_C43848,-0.0
_C43849,-0.0
_C43850,-0.0
_C43851,-0.0
_C43852,-0.0
_C43853,-0.0
_C43854,-0.0
_C43855,-0.0
_C43856,-0.0
_C43857,-0.0
_C43858,-0.0
_C43859,-0.0
_C43860,-0.0
_C43861,-0.0
_C43862,-0.0
_C43863,-0.0
_C43864,-0.0
_C43865,-0.0
_C43866,-0.0
_C43867,-0.0
_C43868,-0.0
_C43869,-0.0
_C43870,-0.0
_C43871,-0.0
_C43872,-0.0
_C43873,-0.0
_C43874,-0.0
_C43875,-0.0
_C43876,-0.0
_C43877,-0.0
_C43878,-0.0
_C43879,-0.0
_C43880,-0.0
_C43881,-0.0
_C43882,-0.0
_C43883,-0.0
_C43884,-0.0
_C43885,-0.0
_C43886,-0.0
_C43887,-0.0
_C43888,-0.0
_C43889,-0.0
_C43890,-0.0
_C43891,-0.0
_C43892,-0.0
_C43893,-0.0
_C43894,-0.0
_C43895,-0.0
_C43896,-0.0
_C43897,-0.0
_C43898,-0.0
_C43899,-0.0
_C43900,-0.0
_C43901,-0.0
_C43902,-0.0
_C43903,-0.0
_C43904,-0.0
_C43905,-0.0
_C43906,-0.0
_C43907,-0.0
_C43908,-0.0
_C43909,-0.0
_C43910,-0.0
_C43911,-0.0
_C43912,-0.0
_C43913,-0.0
_C43914,-0.0
_C43915,-0.0
_C43916,-0.0
_C43917,-0.0
_C43918,-0.0
_C43919,-0.0
_C43920,-0.0
_C43921,-0.0
_C43922,-0.0
_C43923,-0.0
_C43924,-0.0
_C43925,-0.0
_C43926,-0.0
_C43927,-0.0
_C43928,-0.0
_C43929,-0.0
_C43930,-0.0
_C43931,-0.0
_C43932,-0.0
_C43933,-0.0
_C43934,-0.0
_C43935,-0.0
_C43936,-0.0
_C43937,-0.0
_C43938,-0.0
_C43939,-0.0
_C43940,-0.0
_C43941,-0.0
_C43942,-0.0
_C43943,-0.0
_C43944,-0.0
_C43945,-0.0
_C43946,-0.0
_C43947,-0.0
_C43948,-0.0
_C43949,-0.0
_C43950,-0.0
_C43951,-0.0
_C43952,-0.0
_C43953,-0.0
_C43954,-0.0
_C43955,-0.0
_C43956,-0.0
_C43957,-0.0
_C43958,-0.0
_C43959,-0.0
_C43960,-0.0
_C43961,-0.0
_C43962,-0.0
_C43963,-0.0
_C43964,-0.0
_C43965,-0.0
_C43966,-0.0
_C43967,-0.0
_C43968,-0.0
_C43969,-0.0
_C43970,-0.0
_C43971,-0.0
_C43972,-0.0
_C43973,-0.0
_C43974,-0.0
_C43975,-0.0
_C43976,-0.0
_C43977,-0.0
_C43978,-0.0
_C43979,-0.0
_C43980,-0.0
_C43981,-0.0
_C43982,-0.0
_C43983,-0.0
_C43984,-0.0
_C43985,-0.0
_C43986,-0.0
_C43987,-0.0
_C43988,-0.0
_C43989,-0.0
_C43990,-0.0
_C43991,-0.0
_C43992,-0.0
_C43993,-0.0
_C43994,-0.0
_C43995,-0.0
_C43996,-0.0
_C43997,-0.0
_C43998,-0.0
_C43999,-0.0
_C44000,-0.0
_C44001,-0.0
_C44002,-0.0
_C44003,-0.0
_C44004,-0.0
_C44005,-0.0
_C44006,-0.0
_C44007,-0.0
_C44008,-0.0
_C44009,-0.0
_C44010,-0.0
_C44011,-0.0
_C44012,-0.0
_C44013,-0.0
_C44014,-0.0
_C44015,-0.0
_C44016,-0.0
_C44017,-0.0
_C44018,-0.0
_C44019,-0.0
_C44020,-0.0
_C44021,-0.0
_C44022,-0.0
_C44023,-0.0
_C44024,-0.0
_C44025,-0.0
_C44026,-0.0
_C44027,-0.0
_C44028,-0.0
_C44029,-0.0
_C44030,-0.0
_C44031,-0.0
_C44032,-0.0
_C44033,-0.0
_C44034,-0.0
_C44035,-0.0
_C44036,-0.0
_C44037,-0.0
_C44038,-0.0
_C44039,-0.0
_C44040,-0.0
_C44041,-0.0
_C44042,-0.0
_C44043,-0.0
_C44044,-0.0
_C44045,-0.0
_C44046,-0.0
_C44047,-0.0
_C44048,-0.0
_C44049,-0.0
_C44050,-0.0
_C44051,-0.0
_C44052,-0.0
_C44053,-0.0
_C44054,-0.0
_C44055,-0.0
_C44056,-0.0
_C44057,-0.0
_C44058,-0.0
_C44059,-0.0
_C44060,-0.0
_C44061,-0.0
_C44062,-0.0
_C44063,-0.0
_C44064,-0.0
_C44065,-0.0
_C44066,-0.0
_C44067,-0.0
_C44068,-0.0
_C44069,-0.0
_C44070,-0.0
_C44071,-0.0
_C44072,-0.0
_C44073,-0.0
_C44074,-0.0
_C44075,-0.0
_C44076,-0.0
_C44077,-0.0
_C44078,-0.0
_C44079,-0.0
_C44080,-0.0
_C44081,-0.0
_C44082,-0.0
_C44083,-0.0
_C44084,-0.0
_C44085,-0.0
_C44086,-0.0
_C44087,-0.0
_C44088,-0.0
_C44089,-0.0
_C44090,-0.0
_C44091,-0.0
_C44092,-0.0
_C44093,-0.0
_C44094,-0.0
_C44095,-0.0
_C44096,-0.0
_C44097,-0.0
_C44098,-0.0
_C44099,-0.0
_C44100,-0.0
_C44101,-0.0
_C44102,-0.0
_C44103,-0.0
_C44104,-0.0
_C44105,-0.0
_C44106,-0.0
_C44107,-0.0
_C44108,-0.0
_C44109,-0.0
_C44110,-0.0
_C44111,-0.0
_C44112,-0.0
_C44113,-0.0
_C44114,-0.0
_C44115,-0.0
_C44116,-0.0
_C44117,-0.0
_C44118,-0.0
_C44119,-0.0
_C44120,-0.0
_C44121,-0.0
_C44122,-0.0
_C44123,-0.0
_C44124,-0.0
_C44125,-0.0
_C44126,-0.0
_C44127,-0.0
_C44128,-0.0
_C44129,-0.0
_C44130,-0.0
_C44131,-0.0
_C44132,-0.0
_C44133,-0.0
_C44134,-0.0
_C44135,-0.0
_C44136,-0.0
_C44137,-0.0
_C44138,-0.0
_C44139,-0.0
_C44140,-0.0
_C44141,-0.0
_C44142,-0.0
_C44143,-0.0
_C44144,-0.0
_C44145,-0.0
_C44146,-0.0
_C44147,-0.0
_C44148,-0.0
_C44149,-0.0
_C44150,-0.0
_C44151,-0.0
_C44152,-0.0
_C44153,-0.0
_C44154,-0.0
_C44155,-0.0
_C44156,-0.0
_C44157,-0.0
_C44158,-0.0
_C44159,-0.0
_C44160,-0.0
_C44161,-0.0
_C44162,-0.0
_C44163,-0.0
_C44164,-0.0
_C44165,-0.0
_C44166,-0.0
_C44167,-0.0
_C44168,-0.0
_C44169,-0.0
_C44170,-0.0
_C44171,-0.0
_C44172,-0.0
_C44173,-0.0
_C44174,-0.0
_C44175,-0.0
_C44176,-0.0
_C44177,-0.0
_C44178,-0.0
_C44179,-0.0
_C44180,-0.0
_C44181,-0.0
_C44182,-0.0
_C44183,-0.0
_C44184,-0.0
_C44185,-0.0
_C44186,-0.0
_C44187,-0.0
_C44188,-0.0
_C44189,-0.0
_C44190,-0.0
_C44191,-0.0
_C44192,-0.0
_C44193,-0.0
_C44194,-0.0
_C44195,-0.0
_C44196,-0.0
_C44197,-0.0
_C44198,-0.0
_C44199,-0.0
_C44200,-0.0
_C44201,-0.0
_C44202,-0.0
_C44203,-0.0
_C44204,-0.0
_C44205,-0.0
_C44206,-0.0
_C44207,-0.0
_C44208,-0.0
_C44209,-0.0
_C44210,-0.0
_C44211,-0.0
_C44212,-0.0
_C44213,-0.0
_C44214,-0.0
_C44215,-0.0
_C44216,-0.0
_C44217,-0.0
_C44218,-0.0
_C44219,-0.0
_C44220,-0.0
_C44221,-0.0
_C44222,-0.0
_C44223,-0.0
_C44224,-0.0
_C44225,-0.0
_C44226,-0.0
_C44227,-0.0
_C44228,-0.0
_C44229,-0.0
_C44230,-0.0
_C44231,-0.0
_C44232,-0.0
_C44233,-0.0
_C44234,-0.0
_C44235,-0.0
_C44236,-0.0
_C44237,-0.0
_C44238,-0.0
_C44239,-0.0
_C44240,-0.0
_C44241,-0.0
_C44242,-0.0
_C44243,-0.0
_C44244,-0.0
_C44245,-0.0
_C44246,-0.0
_C44247,-0.0
_C44248,-0.0
_C44249,-0.0
_C44250,-0.0
_C44251,-0.0
_C44252,-0.0
_C44253,-0.0
_C44254,-0.0
_C44255,-0.0
_C44256,-0.0
_C44257,-0.0
_C44258,-0.0
_C44259,-0.0
_C44260,-0.0
_C44261,-0.0
_C44262,-0.0
_C44263,-0.0
_C44264,-0.0
_C44265,-0.0
_C44266,-0.0
_C44267,-0.0
_C44268,-0.0
_C44269,-0.0
_C44270,-0.0
_C44271,-0.0
_C44272,-0.0
_C44273,-0.0
_C44274,-0.0
_C44275,-0.0
_C44276,-0.0
_C44277,-0.0
_C44278,-0.0
_C44279,-0.0
_C44280,-0.0
_C44281,-0.0
_C44282,-0.0
_C44283,-0.0
_C44284,-0.0
_C44285,-0.0
_C44286,-0.0
_C44287,-0.0
_C44288,-0.0
_C44289,-0.0
_C44290,-0.0
_C44291,-0.0
_C44292,-0.0
_C44293,-0.0
_C44294,-0.0
_C44295,-0.0
_C44296,-0.0
_C44297,-0.0
_C44298,-0.0
_C44299,-0.0
_C44300,-0.0
_C44301,-0.0
_C44302,-0.0
_C44303,-0.0
_C44304,-0.0
_C44305,-0.0
_C44306,-0.0
_C44307,-0.0
_C44308,-0.0
_C44309,-0.0
_C44310,-0.0
_C44311,-0.0
_C44312,-0.0
_C44313,-0.0
_C44314,-0.0
_C44315,-0.0
_C44316,-0.0
_C44317,-0.0
_C44318,-0.0
_C44319,-0.0
_C44320,-0.0
_C44321,-0.0
_C44322,-0.0
_C44323,-0.0
_C44324,-0.0
_C44325,-0.0
_C44326,-0.0
_C44327,-0.0
_C44328,-0.0
_C44329,-0.0
_C44330,-0.0
_C44331,-0.0
_C44332,-0.0
_C44333,-0.0
_C44334,-0.0
_C44335,-0.0
_C44336,-0.0
_C44337,-0.0
_C44338,-0.0
_C44339,-0.0
_C44340,-0.0
_C44341,-0.0
_C44342,-0.0
_C44343,-0.0
_C44344,-0.0
_C44345,-0.0
_C44346,-0.0
_C44347,-0.0
_C44348,-0.0
_C44349,-0.0
_C44350,-0.0
_C44351,-0.0
_C44352,-0.0
_C44353,-0.0
_C44354,-0.0
_C44355,-0.0
_C44356,-0.0
_C44357,-0.0
_C44358,-0.0
_C44359,-0.0
_C44360,-0.0
_C44361,-0.0
_C44362,-0.0
_C44363,-0.0
_C44364,-0.0
_C44365,-0.0
_C44366,-0.0
_C44367,-0.0
_C44368,-0.0
_C44369,-0.0
_C44370,-0.0
_C44371,-0.0
_C44372,-0.0
_C44373,-0.0
_C44374,-0.0
_C44375,-0.0
_C44376,-0.0
_C44377,-0.0
_C44378,-0.0
_C44379,-0.0
_C44380,-0.0
_C44381,-0.0
_C44382,-0.0
_C44383,-0.0
_C44384,-0.0
_C44385,-0.0
_C44386,-0.0
_C44387,-0.0
_C44388,-0.0
_C44389,-0.0
_C44390,-0.0
_C44391,-0.0
_C44392,-0.0
_C44393,-0.0
_C44394,-0.0
_C44395,-0.0
_C44396,-0.0
_C44397,-0.0
_C44398,-0.0
_C44399,-0.0
_C44400,-0.0
_C44401,-0.0
_C44402,-0.0
_C44403,-0.0
_C44404,-0.0
_C44405,-0.0
_C44406,-0.0
_C44407,-0.0
_C44408,-0.0
_C44409,-0.0
_C44410,-0.0
_C44411,-0.0
_C44412,-0.0
_C44413,-0.0
_C44414,-0.0
_C44415,-0.0
_C44416,-0.0
_C44417,-0.0
_C44418,-0.0
_C44419,-0.0
_C44420,-0.0
_C44421,-0.0
_C44422,-0.0
_C44423,-0.0
_C44424,-0.0
_C44425,-0.0
_C44426,-0.0
_C44427,-0.0
_C44428,-0.0
_C44429,-0.0
_C44430,-0.0
_C44431,-0.0
_C44432,-0.0
_C44433,-0.0
_C44434,-0.0
_C44435,-0.0
_C44436,-0.0
_C44437,-0.0
_C44438,-0.0
_C44439,-0.0
_C44440,-0.0
_C44441,-0.0
_C44442,-0.0
_C44443,-0.0
_C44444,-0.0
_C44445,-0.0
_C44446,-0.0
_C44447,-0.0
_C44448,-0.0
_C44449,-0.0
_C44450,-0.0
_C44451,-0.0
_C44452,-0.0
_C44453,-0.0
_C44454,-0.0
_C44455,-0.0
_C44456,-0.0
_C44457,-0.0
_C44458,-0.0
_C44459,-0.0
_C44460,-0.0
_C44461,-0.0
_C44462,-0.0
_C44463,-0.0
_C44464,-0.0
_C44465,-0.0
_C44466,-0.0
_C44467,-0.0
_C44468,-0.0
_C44469,-0.0
_C44470,-0.0
_C44471,-0.0
_C44472,-0.0
_C44473,-0.0
_C44474,-0.0
_C44475,-0.0
_C44476,-0.0
_C44477,-0.0
_C44478,-0.0
_C44479,-0.0
_C44480,-0.0
_C44481,-0.0
_C44482,-0.0
_C44483,-0.0
_C44484,-0.0
_C44485,-0.0
_C44486,-0.0
_C44487,-0.0
_C44488,-0.0
_C44489,-0.0
_C44490,-0.0
_C44491,-0.0
_C44492,-0.0
_C44493,-0.0
_C44494,-0.0
_C44495,-0.0
_C44496,-0.0
_C44497,-0.0
_C44498,-0.0
_C44499,-0.0
_C44500,-0.0
_C44501,-0.0
_C44502,-0.0
_C44503,-0.0
_C44504,-0.0
_C44505,-0.0
_C44506,-0.0
_C44507,-0.0
_C44508,-0.0
_C44509,-0.0
_C44510,-0.0
_C44511,-0.0
_C44512,-0.0
_C44513,-0.0
_C44514,-0.0
_C44515,-0.0
_C44516,-0.0
_C44517,-0.0
_C44518,-0.0
_C44519,-0.0
_C44520,-0.0
_C44521,-0.0
_C44522,-0.0
_C44523,-0.0
_C44524,-0.0
_C44525,-0.0
_C44526,-0.0
_C44527,-0.0
_C44528,-0.0
_C44529,-0.0
_C44530,-0.0
_C44531,-0.0
_C44532,-0.0
_C44533,-0.0
_C44534,-0.0
_C44535,-0.0
_C44536,-0.0
_C44537,-0.0
_C44538,-0.0
_C44539,-0.0
_C44540,-0.0
_C44541,-0.0
_C44542,-0.0
_C44543,-0.0
_C44544,-0.0
_C44545,-0.0
_C44546,-0.0
_C44547,-0.0
_C44548,-0.0
_C44549,-0.0
_C44550,-0.0
_C44551,-0.0
_C44552,-0.0
_C44553,-0.0
_C44554,-0.0
_C44555,-0.0
_C44556,-0.0
_C44557,-0.0
_C44558,-0.0
_C44559,-0.0
_C44560,-0.0
_C44561,-0.0
_C44562,-0.0
_C44563,-0.0
_C44564,-0.0
_C44565,-0.0
_C44566,-0.0
_C44567,-0.0
_C44568,-0.0
_C44569,-0.0
_C44570,-0.0
_C44571,-0.0
_C44572,-0.0
_C44573,-0.0
_C44574,-0.0
_C44575,-0.0
_C44576,-0.0
_C44577,-0.0
_C44578,-0.0
_C44579,-0.0
_C44580,-0.0
_C44581,-0.0
_C44582,-0.0
_C44583,-0.0
_C44584,-0.0
_C44585,-0.0
_C44586,-0.0
_C44587,-0.0
_C44588,-0.0
_C44589,-0.0
_C44590,-0.0
_C44591,-0.0
_C44592,-0.0
_C44593,-0.0
_C44594,-0.0
_C44595,-0.0
_C44596,-0.0
_C44597,-0.0
_C44598,-0.0
_C44599,-0.0
_C44600,-0.0
_C44601,-0.0
_C44602,-0.0
_C44603,-0.0
_C44604,-0.0
_C44605,-0.0
_C44606,-0.0
_C44607,-0.0
_C44608,-0.0
_C44609,-0.0
_C44610,-0.0
_C44611,-0.0
_C44612,-0.0
_C44613,-0.0
_C44614,-0.0
_C44615,-0.0
_C44616,-0.0
_C44617,-0.0
_C44618,-0.0
_C44619,-0.0
_C44620,-0.0
_C44621,-0.0
_C44622,-0.0
_C44623,-0.0
_C44624,-0.0
_C44625,-0.0
_C44626,-0.0
_C44627,-0.0
_C44628,-0.0
_C44629,-0.0
_C44630,-0.0
_C44631,-0.0
_C44632,-0.0
_C44633,-0.0
_C44634,-0.0
_C44635,-0.0
_C44636,-0.0
_C44637,-0.0
_C44638,-0.0
_C44639,-0.0
_C44640,-0.0
_C44641,-0.0
_C44642,-0.0
_C44643,-0.0
_C44644,-0.0
_C44645,-0.0
_C44646,-0.0
_C44647,-0.0
_C44648,-0.0
_C44649,-0.0
_C44650,-0.0
_C44651,-0.0
_C44652,-0.0
_C44653,-0.0
_C44654,-0.0
_C44655,-0.0
_C44656,-0.0
_C44657,-0.0
_C44658,-0.0
_C44659,-0.0
_C44660,-0.0
_C44661,-0.0
_C44662,-0.0
_C44663,-0.0
_C44664,-0.0
_C44665,-0.0
_C44666,-0.0
_C44667,-0.0
_C44668,-0.0
_C44669,-0.0
_C44670,-0.0
_C44671,-0.0
_C44672,-0.0
_C44673,-0.0
_C44674,-0.0
_C44675,-0.0
_C44676,-0.0
_C44677,-0.0
_C44678,-0.0
_C44679,-0.0
_C44680,-0.0
_C44681,-0.0
_C44682,-0.0
_C44683,-0.0
_C44684,-0.0
_C44685,-0.0
_C44686,-0.0
_C44687,-0.0
_C44688,-0.0
_C44689,-0.0
_C44690,-0.0
_C44691,-0.0
_C44692,-0.0
_C44693,-0.0
_C44694,-0.0
_C44695,-0.0
_C44696,-0.0
_C44697,-0.0
_C44698,-0.0
_C44699,-0.0
_C44700,-0.0
_C44701,-0.0
_C44702,-0.0
_C44703,-0.0
_C44704,-0.0
_C44705,-0.0
_C44706,-0.0
_C44707,-0.0
_C44708,-0.0
_C44709,-0.0
_C44710,-0.0
_C44711,-0.0
_C44712,-0.0
_C44713,-0.0
_C44714,-0.0
_C44715,-0.0
_C44716,-0.0
_C44717,-0.0
_C44718,-0.0
_C44719,-0.0
_C44720,-0.0
_C44721,-0.0
_C44722,-0.0
_C44723,-0.0
_C44724,-0.0
_C44725,-0.0
_C44726,-0.0
_C44727,-0.0
_C44728,-0.0
_C44729,-0.0
_C44730,-0.0
_C44731,-0.0
_C44732,-0.0
_C44733,-0.0
_C44734,-0.0
_C44735,-0.0
_C44736,-0.0
_C44737,-0.0
_C44738,-0.0
_C44739,-0.0
_C44740,-0.0
_C44741,-0.0
_C44742,-0.0
_C44743,-0.0
_C44744,-0.0
_C44745,-0.0
_C44746,-0.0
_C44747,-0.0
_C44748,-0.0
_C44749,-0.0
_C44750,-0.0
_C44751,-0.0
_C44752,-0.0
_C44753,-0.0
_C44754,-0.0
_C44755,-0.0
_C44756,-0.0
_C44757,-0.0
_C44758,-0.0
_C44759,-0.0
_C44760,-0.0
_C44761,-0.0
_C44762,-0.0
_C44763,-0.0
_C44764,-0.0
_C44765,-0.0
_C44766,-0.0
_C44767,-0.0
_C44768,-0.0
_C44769,-0.0
_C44770,-0.0
_C44771,-0.0
_C44772,-0.0
_C44773,-0.0
_C44774,-0.0
_C44775,-0.0
_C44776,-0.0
_C44777,-0.0
_C44778,-0.0
_C44779,-0.0
_C44780,-0.0
_C44781,-0.0
_C44782,-0.0
_C44783,-0.0
_C44784,-0.0
_C44785,-0.0
_C44786,-0.0
_C44787,-0.0
_C44788,-0.0
_C44789,-0.0
_C44790,-0.0
_C44791,-0.0
_C44792,-0.0
_C44793,-0.0
_C44794,-0.0
_C44795,-0.0
_C44796,-0.0
_C44797,-0.0
_C44798,-0.0
_C44799,-0.0
_C44800,-0.0
_C44801,-0.0
_C44802,-0.0
_C44803,-0.0
_C44804,-0.0
_C44805,-0.0
_C44806,-0.0
_C44807,-0.0
_C44808,-0.0
_C44809,-0.0
_C44810,-0.0
_C44811,-0.0
_C44812,-0.0
_C44813,-0.0
_C44814,-0.0
_C44815,-0.0
_C44816,-0.0
_C44817,-0.0
_C44818,-0.0
_C44819,-0.0
_C44820,-0.0
_C44821,-0.0
_C44822,-0.0
_C44823,-0.0
_C44824,-0.0
_C44825,-0.0
_C44826,-0.0
_C44827,-0.0
_C44828,-0.0
_C44829,-0.0
_C44830,-0.0
_C44831,-0.0
_C44832,-0.0
_C44833,-0.0
_C44834,-0.0
_C44835,-0.0
_C44836,-0.0
_C44837,-0.0
_C44838,-0.0
_C44839,-0.0
_C44840,-0.0
_C44841,-0.0
_C44842,-0.0
_C44843,-0.0
_C44844,-0.0
_C44845,-0.0
_C44846,-0.0
_C44847,-0.0
_C44848,-0.0
_C44849,-0.0
_C44850,-0.0
_C44851,-0.0
_C44852,-0.0
_C44853,-0.0
_C44854,-0.0
_C44855,-0.0
_C44856,-0.0
_C44857,-0.0
_C44858,-0.0
_C44859,-0.0
_C44860,-0.0
_C44861,-0.0
_C44862,-0.0
_C44863,-0.0
_C44864,-0.0
_C44865,-0.0
_C44866,-0.0
_C44867,-0.0
_C44868,-0.0
_C44869,-0.0
_C44870,-0.0
_C44871,-0.0
_C44872,-0.0
_C44873,-0.0
_C44874,-0.0
_C44875,-0.0
_C44876,-0.0
_C44877,-0.0
_C44878,-0.0
_C44879,-0.0
_C44880,-0.0
_C44881,-0.0
_C44882,-0.0
_C44883,-0.0
_C44884,-0.0
_C44885,-0.0
_C44886,-0.0
_C44887,-0.0
_C44888,-0.0
_C44889,-0.0
_C44890,-0.0
_C44891,-0.0
_C44892,-0.0
_C44893,-0.0
_C44894,-0.0
_C44895,-0.0
_C44896,-0.0
_C44897,-0.0
_C44898,-0.0
_C44899,-0.0
_C44900,-0.0
_C44901,-0.0
_C44902,-0.0
_C44903,-0.0
_C44904,-0.0
_C44905,-0.0
_C44906,-0.0
_C44907,-0.0
_C44908,-0.0
_C44909,-0.0
_C44910,-0.0
_C44911,-0.0
_C44912,-0.0
_C44913,-0.0
_C44914,-0.0
_C44915,-0.0
_C44916,-0.0
_C44917,-0.0
_C44918,-0.0
_C44919,-0.0
_C44920,-0.0
_C44921,-0.0
_C44922,-0.0
_C44923,-0.0
_C44924,-0.0
_C44925,-0.0
_C44926,-0.0
_C44927,-0.0
_C44928,-0.0
_C44929,-0.0
_C44930,-0.0
_C44931,-0.0
_C44932,-0.0
_C44933,-0.0
_C44934,-0.0
_C44935,-0.0
_C44936,-0.0
_C44937,-0.0
_C44938,-0.0
_C44939,-0.0
_C44940,-0.0
_C44941,-0.0
_C44942,-0.0
_C44943,-0.0
_C44944,-0.0
_C44945,-0.0
_C44946,-0.0
_C44947,-0.0
_C44948,-0.0
_C44949,-0.0
_C44950,-0.0
_C44951,-0.0
_C44952,-0.0
_C44953,-0.0
_C44954,-0.0
_C44955,-0.0
_C44956,-0.0
_C44957,-0.0
_C44958,-0.0
_C44959,-0.0
_C44960,-0.0
_C44961,-0.0
_C44962,-0.0
_C44963,-0.0
_C44964,-0.0
_C44965,-0.0
_C44966,-0.0
_C44967,-0.0
_C44968,-0.0
_C44969,-0.0
_C44970,-0.0
_C44971,-0.0
_C44972,-0.0
_C44973,-0.0
_C44974,-0.0
_C44975,-0.0
_C44976,-0.0
_C44977,-0.0
_C44978,-0.0
_C44979,-0.0
_C44980,-0.0
_C44981,-0.0
_C44982,-0.0
_C44983,-0.0
_C44984,-0.0
_C44985,-0.0
_C44986,-0.0
_C44987,-0.0
_C44988,-0.0
_C44989,-0.0
_C44990,-0.0
_C44991,-0.0
_C44992,-0.0
_C44993,-0.0
_C44994,-0.0
_C44995,-0.0
_C44996,-0.0
_C44997,-0.0
_C44998,-0.0
_C44999,-0.0
_C45000,-0.0
_C45001,-0.0
_C45002,-0.0
_C45003,-0.0
_C45004,-0.0
_C45005,-0.0
_C45006,-0.0
_C45007,-0.0
_C45008,-0.0
_C45009,-0.0
_C45010,-0.0
_C45011,-0.0
_C45012,-0.0
_C45013,-0.0
_C45014,-0.0
_C45015,-0.0
_C45016,-0.0
_C45017,-0.0
_C45018,-0.0
_C45019,-0.0
_C45020,-0.0
_C45021,-0.0
_C45022,-0.0
_C45023,-0.0
_C45024,-0.0
_C45025,-0.0
_C45026,-0.0
_C45027,-0.0
_C45028,-0.0
_C45029,-0.0
_C45030,-0.0
_C45031,-0.0
_C45032,-0.0
_C45033,-0.0
_C45034,-0.0
_C45035,-0.0
_C45036,-0.0
_C45037,-0.0
_C45038,-0.0
_C45039,-0.0
_C45040,-0.0
_C45041,-0.0
_C45042,-0.0
_C45043,-0.0
_C45044,-0.0
_C45045,-0.0
_C45046,-0.0
_C45047,-0.0
_C45048,-0.0
_C45049,-0.0
_C45050,-0.0
_C45051,-0.0
_C45052,-0.0
_C45053,-0.0
_C45054,-0.0
_C45055,-0.0
_C45056,-0.0
_C45057,-0.0
_C45058,-0.0
_C45059,-0.0
_C45060,-0.0
_C45061,-0.0
_C45062,-0.0
_C45063,-0.0
_C45064,-0.0
_C45065,-0.0
_C45066,-0.0
_C45067,-0.0
_C45068,-0.0
_C45069,-0.0
_C45070,-0.0
_C45071,-0.0
_C45072,-0.0
_C45073,-0.0
_C45074,-0.0
_C45075,-0.0
_C45076,-0.0
_C45077,-0.0
_C45078,-0.0
_C45079,-0.0
_C45080,-0.0
_C45081,-0.0
_C45082,-0.0
_C45083,-0.0
_C45084,-0.0
_C45085,-0.0
_C45086,-0.0
_C45087,-0.0
_C45088,-0.0
_C45089,-0.0
_C45090,-0.0
_C45091,-0.0
_C45092,-0.0
_C45093,-0.0
_C45094,-0.0
_C45095,-0.0
_C45096,-0.0
_C45097,-0.0
_C45098,-0.0
_C45099,-0.0
_C45100,-0.0
_C45101,-0.0
_C45102,-0.0
_C45103,-0.0
_C45104,-0.0
_C45105,-0.0
_C45106,-0.0
_C45107,-0.0
_C45108,-0.0
_C45109,-0.0
_C45110,-0.0
_C45111,-0.0
_C45112,-0.0
_C45113,-0.0
_C45114,-0.0
_C45115,-0.0
_C45116,-0.0
_C45117,-0.0
_C45118,-0.0
_C45119,-0.0
_C45120,-0.0
_C45121,-0.0
_C45122,-0.0
_C45123,-0.0
_C45124,-0.0
_C45125,-0.0
_C45126,-0.0
_C45127,-0.0
_C45128,-0.0
_C45129,-0.0
_C45130,-0.0
_C45131,-0.0
_C45132,-0.0
_C45133,-0.0
_C45134,-0.0
_C45135,-0.0
_C45136,-0.0
_C45137,-0.0
_C45138,-0.0
_C45139,-0.0
_C45140,-0.0
_C45141,-0.0
_C45142,-0.0
_C45143,-0.0
_C45144,-0.0
_C45145,-0.0
_C45146,-0.0
_C45147,-0.0
_C45148,-0.0
_C45149,-0.0
_C45150,-0.0
_C45151,-0.0
_C45152,-0.0
_C45153,-0.0
_C45154,-0.0
_C45155,-0.0
_C45156,-0.0
_C45157,-0.0
_C45158,-0.0
_C45159,-0.0
_C45160,-0.0
_C45161,-0.0
_C45162,-0.0
_C45163,-0.0
_C45164,-0.0
_C45165,-0.0
_C45166,-0.0
_C45167,-0.0
_C45168,-0.0
_C45169,-0.0
_C45170,-0.0
_C45171,-0.0
_C45172,-0.0
_C45173,-0.0
_C45174,-0.0
_C45175,-0.0
_C45176,-0.0
_C45177,-0.0
_C45178,-0.0
_C45179,-0.0
_C45180,-0.0
_C45181,-0.0
_C45182,-0.0
_C45183,-0.0
_C45184,-0.0
_C45185,-0.0
_C45186,-0.0
_C45187,-0.0
_C45188,-0.0
_C45189,-0.0
_C45190,-0.0
_C45191,-0.0
_C45192,-0.0
_C45193,-0.0
_C45194,-0.0
_C45195,-0.0
_C45196,-0.0
_C45197,-0.0
_C45198,-0.0
_C45199,-0.0
_C45200,-0.0
_C45201,-0.0
_C45202,-0.0
_C45203,-0.0
_C45204,-0.0
_C45205,-0.0
_C45206,-0.0
_C45207,-0.0
_C45208,-0.0
_C45209,-0.0
_C45210,-0.0
_C45211,-0.0
_C45212,-0.0
_C45213,-0.0
_C45214,-0.0
_C45215,-0.0
_C45216,-0.0
_C45217,-0.0
_C45218,-0.0
_C45219,-0.0
_C45220,-0.0
_C45221,-0.0
_C45222,-0.0
_C45223,-0.0
_C45224,-0.0
_C45225,-0.0
_C45226,-0.0
_C45227,-0.0
_C45228,-0.0
_C45229,-0.0
_C45230,-0.0
_C45231,-0.0
_C45232,-0.0
_C45233,-0.0
_C45234,-0.0
_C45235,-0.0
_C45236,-0.0
_C45237,-0.0
_C45238,-0.0
_C45239,-0.0
_C45240,-0.0
_C45241,-0.0
_C45242,-0.0
_C45243,-0.0
_C45244,-0.0
_C45245,-0.0
_C45246,-0.0
_C45247,-0.0
_C45248,-0.0
_C45249,-0.0
_C45250,-0.0
_C45251,-0.0
_C45252,-0.0
_C45253,-0.0
_C45254,-0.0
_C45255,-0.0
_C45256,-0.0
_C45257,-0.0
_C45258,-0.0
_C45259,-0.0
_C45260,-0.0
_C45261,-0.0
_C45262,-0.0
_C45263,-0.0
_C45264,-0.0
_C45265,-0.0
_C45266,-0.0
_C45267,-0.0
_C45268,-0.0
_C45269,-0.0
_C45270,-0.0
_C45271,-0.0
_C45272,-0.0
_C45273,-0.0
_C45274,-0.0
_C45275,-0.0
_C45276,-0.0
_C45277,-0.0
_C45278,-0.0
_C45279,-0.0
_C45280,-0.0
_C45281,-0.0
_C45282,-0.0
_C45283,-0.0
_C45284,-0.0
_C45285,-0.0
_C45286,-0.0
_C45287,-0.0
_C45288,-0.0
_C45289,-0.0
_C45290,-0.0
_C45291,-0.0
_C45292,-0.0
_C45293,-0.0
_C45294,-0.0
_C45295,-0.0
_C45296,-0.0
_C45297,-0.0
_C45298,-0.0
_C45299,-0.0
_C45300,-0.0
_C45301,-0.0
_C45302,-0.0
_C45303,-0.0
_C45304,-0.0
_C45305,-0.0
_C45306,-0.0
_C45307,-0.0
_C45308,-0.0
_C45309,-0.0
_C45310,-0.0
_C45311,-0.0
_C45312,-0.0
_C45313,-0.0
_C45314,-0.0
_C45315,-0.0
_C45316,-0.0
_C45317,-0.0
_C45318,-0.0
_C45319,-0.0
_C45320,-0.0
_C45321,-0.0
_C45322,-0.0
_C45323,-0.0
_C45324,-0.0
_C45325,-0.0
_C45326,-0.0
_C45327,-0.0
_C45328,-0.0
_C45329,-0.0
_C45330,-0.0
_C45331,-0.0
_C45332,-0.0
_C45333,-0.0
_C45334,-0.0
_C45335,-0.0
_C45336,-0.0
_C45337,-0.0
_C45338,-0.0
_C45339,-0.0
_C45340,-0.0
_C45341,-0.0
_C45342,-0.0
_C45343,-0.0
_C45344,-0.0
_C45345,-0.0
_C45346,-0.0
_C45347,-0.0
_C45348,-0.0
_C45349,-0.0
_C45350,-0.0
_C45351,-0.0
_C45352,-0.0
_C45353,-0.0
_C45354,-0.0
_C45355,-0.0
_C45356,-0.0
_C45357,-0.0
_C45358,-0.0
_C45359,-0.0
_C45360,-0.0
_C45361,-0.0
_C45362,-0.0
_C45363,-0.0
_C45364,-0.0
_C45365,-0.0
_C45366,-0.0
_C45367,-0.0
_C45368,-0.0
_C45369,-0.0
_C45370,-0.0
_C45371,-0.0
_C45372,-0.0
_C45373,-0.0
_C45374,-0.0
_C45375,-0.0
_C45376,-0.0
_C45377,-0.0
_C45378,-0.0
_C45379,-0.0
_C45380,-0.0
_C45381,-0.0
_C45382,-0.0
_C45383,-0.0
_C45384,-0.0
_C45385,-0.0
_C45386,-0.0
_C45387,-0.0
_C45388,-0.0
_C45389,-0.0
_C45390,-0.0
_C45391,-0.0
_C45392,-0.0
_C45393,-0.0
_C45394,-0.0
_C45395,-0.0
_C45396,-0.0
_C45397,-0.0
_C45398,-0.0
_C45399,-0.0
_C45400,-0.0
_C45401,-0.0
_C45402,-0.0
_C45403,-0.0
_C45404,-0.0
_C45405,-0.0
_C45406,-0.0
_C45407,-0.0
_C45408,-0.0
_C45409,-0.0
_C45410,-0.0
_C45411,-0.0
_C45412,-0.0
_C45413,-0.0
_C45414,-0.0
_C45415,-0.0
_C45416,-0.0
_C45417,-0.0
_C45418,-0.0
_C45419,-0.0
_C45420,-0.0
_C45421,-0.0
_C45422,-0.0
_C45423,-0.0
_C45424,-0.0
_C45425,-0.0
_C45426,-0.0
_C45427,-0.0
_C45428,-0.0
_C45429,-0.0
_C45430,-0.0
_C45431,-0.0
_C45432,-0.0
_C45433,-0.0
_C45434,-0.0
_C45435,-0.0
_C45436,-0.0
_C45437,-0.0
_C45438,-0.0
_C45439,-0.0
_C45440,-0.0
_C45441,-0.0
_C45442,-0.0
_C45443,-0.0
_C45444,-0.0
_C45445,-0.0
_C45446,-0.0
_C45447,-0.0
_C45448,-0.0
_C45449,-0.0
_C45450,-0.0
_C45451,-0.0
_C45452,-0.0
_C45453,-0.0
_C45454,-0.0
_C45455,-0.0
_C45456,-0.0
_C45457,-0.0
_C45458,-0.0
_C45459,-0.0
_C45460,-0.0
_C45461,-0.0
_C45462,-0.0
_C45463,-0.0
_C45464,-0.0
_C45465,-0.0
_C45466,-0.0
_C45467,-0.0
_C45468,-0.0
_C45469,-0.0
_C45470,-0.0
_C45471,-0.0
_C45472,-0.0
_C45473,-0.0
_C45474,-0.0
_C45475,-0.0
_C45476,-0.0
_C45477,-0.0
_C45478,-0.0
_C45479,-0.0
_C45480,-0.0
_C45481,-0.0
_C45482,-0.0
_C45483,-0.0
_C45484,-0.0
_C45485,-0.0
_C45486,-0.0
_C45487,-0.0
_C45488,-0.0
_C45489,-0.0
_C45490,-0.0
_C45491,-0.0
_C45492,-0.0
_C45493,-0.0
_C45494,-0.0
_C45495,-0.0
_C45496,-0.0
_C45497,-0.0
_C45498,-0.0
_C45499,-0.0
_C45500,-0.0
_C45501,-0.0
_C45502,-0.0
_C45503,-0.0
_C45504,-0.0
_C45505,-0.0
_C45506,-0.0
_C45507,-0.0
_C45508,-0.0
_C45509,-0.0
_C45510,-0.0
_C45511,-0.0
_C45512,-0.0
_C45513,-0.0
_C45514,-0.0
_C45515,-0.0
_C45516,-0.0
_C45517,-0.0
_C45518,-0.0
_C45519,-0.0
_C45520,-0.0
_C45521,-0.0
_C45522,-0.0
_C45523,-0.0
_C45524,-0.0
_C45525,-0.0
_C45526,-0.0
_C45527,-0.0
_C45528,-0.0
_C45529,-0.0
_C45530,-0.0
_C45531,-0.0
_C45532,-0.0
_C45533,-0.0
_C45534,-0.0
_C45535,-0.0
_C45536,-0.0
_C45537,-0.0
_C45538,-0.0
_C45539,-0.0
_C45540,-0.0
_C45541,-0.0
_C45542,-0.0
_C45543,-0.0
_C45544,-0.0
_C45545,-0.0
_C45546,-0.0
_C45547,-0.0
_C45548,-0.0
_C45549,-0.0
_C45550,-0.0
_C45551,-0.0
_C45552,-0.0
_C45553,-0.0
_C45554,-0.0
_C45555,-0.0
_C45556,-0.0
_C45557,-0.0
_C45558,-0.0
_C45559,-0.0
_C45560,-0.0
_C45561,-0.0
_C45562,-0.0
_C45563,-0.0
_C45564,-0.0
_C45565,-0.0
_C45566,-0.0
_C45567,-0.0
_C45568,-0.0
_C45569,-0.0
_C45570,-0.0
_C45571,-0.0
_C45572,-0.0
_C45573,-0.0
_C45574,-0.0
_C45575,-0.0
_C45576,-0.0
_C45577,-0.0
_C45578,-0.0
_C45579,-0.0
_C45580,-0.0
_C45581,-0.0
_C45582,-0.0
_C45583,-0.0
_C45584,-0.0
_C45585,-0.0
_C45586,-0.0
_C45587,-0.0
_C45588,-0.0
_C45589,-0.0
_C45590,-0.0
_C45591,-0.0
_C45592,-0.0
_C45593,-0.0
_C45594,-0.0
_C45595,-0.0
_C45596,-0.0
_C45597,-0.0
_C45598,-0.0
_C45599,-0.0
_C45600,-0.0
_C45601,-0.0
_C45602,-0.0
_C45603,-0.0
_C45604,-0.0
_C45605,-0.0
_C45606,-0.0
_C45607,-0.0
_C45608,-0.0
_C45609,-0.0
_C45610,-0.0
_C45611,-0.0
_C45612,-0.0
_C45613,-0.0
_C45614,-0.0
_C45615,-0.0
_C45616,-0.0
_C45617,-0.0
_C45618,-0.0
_C45619,-0.0
_C45620,-0.0
_C45621,-0.0
_C45622,-0.0
_C45623,-0.0
_C45624,-0.0
_C45625,-0.0
_C45626,-0.0
_C45627,-0.0
_C45628,-0.0
_C45629,-0.0
_C45630,-0.0
_C45631,-0.0
_C45632,-0.0
_C45633,-0.0
_C45634,-0.0
_C45635,-0.0
_C45636,-0.0
_C45637,-0.0
_C45638,-0.0
_C45639,-0.0
_C45640,-0.0
_C45641,-0.0
_C45642,-0.0
_C45643,-0.0
_C45644,-0.0
_C45645,-0.0
_C45646,-0.0
_C45647,-0.0
_C45648,-0.0
_C45649,-0.0
_C45650,-0.0
_C45651,-0.0
_C45652,-0.0
_C45653,-0.0
_C45654,-0.0
_C45655,-0.0
_C45656,-0.0
_C45657,-0.0
_C45658,-0.0
_C45659,-0.0
_C45660,-0.0
_C45661,-0.0
_C45662,-0.0
_C45663,-0.0
_C45664,-0.0
_C45665,-0.0
_C45666,-0.0
_C45667,-0.0
_C45668,-0.0
_C45669,-0.0
_C45670,-0.0
_C45671,-0.0
_C45672,-0.0
_C45673,-0.0
_C45674,-0.0
_C45675,-0.0
_C45676,-0.0
_C45677,-0.0
_C45678,-0.0
_C45679,-0.0
_C45680,-0.0
_C45681,-0.0
_C45682,-0.0
_C45683,-0.0
_C45684,-0.0
_C45685,-0.0
_C45686,-0.0
_C45687,-0.0
_C45688,-0.0
_C45689,-0.0
_C45690,-0.0
_C45691,-0.0
_C45692,-0.0
_C45693,-0.0
_C45694,-0.0
_C45695,-0.0
_C45696,-0.0
_C45697,-0.0
_C45698,-0.0
_C45699,-0.0
_C45700,-0.0
_C45701,-0.0
_C45702,-0.0
_C45703,-0.0
_C45704,-0.0
_C45705,-0.0
_C45706,-0.0
_C45707,-0.0
_C45708,-0.0
_C45709,-0.0
_C45710,-0.0
_C45711,-0.0
_C45712,-0.0
_C45713,-0.0
_C45714,-0.0
_C45715,-0.0
_C45716,-0.0
_C45717,-0.0
_C45718,-0.0
_C45719,-0.0
